2026.01.15 23:29:00 WARN  Using H2 2.4.240 which is newer than the version Flyway has been verified with. The latest verified version of H2 is 2.3.232.
2026.01.15 23:29:02 INFO  no build target found for C:\Users\rahul\My Repos\My_Python-codes\Tensorflow_Files\new.scala. Using presentation compiler with project's scala-library version: 3.3.6
2026.01.15 23:29:29 INFO  no build target found for C:\Users\rahul\My Repos\My_Python-codes\Tensorflow_Files\new.scala. Using presentation compiler with project's scala-library version: 3.3.6
2026.01.15 23:29:36 INFO  Running List(C:\Users\rahul\AppData\Local\Coursier\data\bin\scala-cli.BAT, setup-ide, C:\Users\rahul\My Repos\My_Python-codes)
2026.01.15 23:29:37 INFO  Attempting to connect to the build server...
2026.01.15 23:29:37 INFO  Running BSP server List(C:\Users\rahul\AppData\Local\Coursier\data\bin\.scala-cli.aux.exe, bsp, --json-options, C:\Users\rahul\My Repos\My_Python-codes\.scala-build\ide-options-v2.json, --json-launcher-options, C:\Users\rahul\My Repos\My_Python-codes\.scala-build\ide-launcher-options.json, --envs-file, C:\Users\rahul\My Repos\My_Python-codes\.scala-build\ide-envs.json, C:\Users\rahul\My Repos\My_Python-codes)
2026.01.15 23:29:38 INFO  tracing is disabled for protocol BSP, to enable tracing of incoming and outgoing JSON messages create an empty file at C:\Users\rahul\My Repos\My_Python-codes\.metals\bsp.trace.json or C:\Users\rahul\AppData\Local\scalameta\metals\cache\bsp.trace.json
2026.01.15 23:29:39 INFO  BSP server: Downloading https://oss.sonatype.org/content/repositories/snapshots/ch/epfl/scala/bloop-frontend_2.12/2.0.17/bloop-frontend_2.12-2.0.17.pom
2026.01.15 23:29:40 INFO  BSP server: Failed to download https://oss.sonatype.org/content/repositories/snapshots/ch/epfl/scala/bloop-frontend_2.12/2.0.17/bloop-frontend_2.12-2.0.17.pom
2026.01.15 23:29:40 INFO  BSP server: Downloading https://oss.sonatype.org/content/repositories/snapshots/ch/epfl/scala/bloop-frontend_2.12/2.0.17/bloop-frontend_2.12-2.0.17.pom.sha1
2026.01.15 23:29:40 INFO  BSP server: Failed to download https://oss.sonatype.org/content/repositories/snapshots/ch/epfl/scala/bloop-frontend_2.12/2.0.17/bloop-frontend_2.12-2.0.17.pom.sha1
2026.01.15 23:29:40 INFO  BSP server: Downloading https://s01.oss.sonatype.org/content/repositories/snapshots/ch/epfl/scala/bloop-frontend_2.12/2.0.17/bloop-frontend_2.12-2.0.17.pom
2026.01.15 23:29:41 INFO  BSP server: Failed to download https://s01.oss.sonatype.org/content/repositories/snapshots/ch/epfl/scala/bloop-frontend_2.12/2.0.17/bloop-frontend_2.12-2.0.17.pom
2026.01.15 23:29:41 INFO  BSP server: Downloading https://s01.oss.sonatype.org/content/repositories/snapshots/ch/epfl/scala/bloop-frontend_2.12/2.0.17/bloop-frontend_2.12-2.0.17.pom.sha1
2026.01.15 23:29:42 INFO  BSP server: Failed to download https://s01.oss.sonatype.org/content/repositories/snapshots/ch/epfl/scala/bloop-frontend_2.12/2.0.17/bloop-frontend_2.12-2.0.17.pom.sha1
2026.01.15 23:29:42 INFO  BSP server: Downloading https://central.sonatype.com/repository/maven-snapshots/ch/epfl/scala/bloop-frontend_2.12/2.0.17/bloop-frontend_2.12-2.0.17.pom
2026.01.15 23:29:42 INFO  BSP server: Failed to download https://central.sonatype.com/repository/maven-snapshots/ch/epfl/scala/bloop-frontend_2.12/2.0.17/bloop-frontend_2.12-2.0.17.pom
2026.01.15 23:29:42 INFO  BSP server: Downloading https://central.sonatype.com/repository/maven-snapshots/ch/epfl/scala/bloop-frontend_2.12/2.0.17/bloop-frontend_2.12-2.0.17.pom.sha1
2026.01.15 23:29:44 INFO  BSP server: Failed to download https://central.sonatype.com/repository/maven-snapshots/ch/epfl/scala/bloop-frontend_2.12/2.0.17/bloop-frontend_2.12-2.0.17.pom.sha1
2026.01.15 23:29:44 INFO  BSP server: Downloading https://repo.scala-lang.org/artifactory/maven-nightlies/ch/epfl/scala/bloop-frontend_2.12/2.0.17/bloop-frontend_2.12-2.0.17.pom
2026.01.15 23:29:46 INFO  BSP server: Downloaded https://repo.scala-lang.org/artifactory/maven-nightlies/ch/epfl/scala/bloop-frontend_2.12/2.0.17/bloop-frontend_2.12-2.0.17.pom
2026.01.15 23:29:46 INFO  BSP server: Downloading https://oss.sonatype.org/content/repositories/snapshots/ch/qos/logback/logback-classic/1.5.21/logback-classic-1.5.21.pom
2026.01.15 23:29:46 INFO  BSP server: Downloading https://oss.sonatype.org/content/repositories/snapshots/com/github/alexarchambault/case-app_2.12/2.0.6/case-app_2.12-2.0.6.pom
2026.01.15 23:29:46 INFO  BSP server: Downloading https://oss.sonatype.org/content/repositories/snapshots/ch/epfl/scala/bloop-shared_2.12/2.0.17/bloop-shared_2.12-2.0.17.pom
2026.01.15 23:29:46 INFO  BSP server: Downloading https://oss.sonatype.org/content/repositories/snapshots/org/scalaz/scalaz-core_2.12/7.3.8/scalaz-core_2.12-7.3.8.pom
2026.01.15 23:29:46 INFO  BSP server: Downloading https://oss.sonatype.org/content/repositories/snapshots/org/scala-lang/scala-library/2.12.20/scala-library-2.12.20.pom
2026.01.15 23:29:46 INFO  BSP server: Downloading https://oss.sonatype.org/content/repositories/snapshots/ch/epfl/scala/bloop-backend_2.12/2.0.17/bloop-backend_2.12-2.0.17.pom
2026.01.15 23:29:46 INFO  BSP server: Failed to download https://oss.sonatype.org/content/repositories/snapshots/ch/epfl/scala/bloop-backend_2.12/2.0.17/bloop-backend_2.12-2.0.17.pom
2026.01.15 23:29:46 INFO  BSP server: Failed to download https://oss.sonatype.org/content/repositories/snapshots/org/scalaz/scalaz-core_2.12/7.3.8/scalaz-core_2.12-7.3.8.pom
2026.01.15 23:29:46 INFO  BSP server: Failed to download https://oss.sonatype.org/content/repositories/snapshots/com/github/alexarchambault/case-app_2.12/2.0.6/case-app_2.12-2.0.6.pom
2026.01.15 23:29:46 INFO  BSP server: Downloading https://oss.sonatype.org/content/repositories/snapshots/io/monix/monix_2.12/3.2.0/monix_2.12-3.2.0.pom
2026.01.15 23:29:47 INFO  BSP server: Failed to download https://oss.sonatype.org/content/repositories/snapshots/ch/qos/logback/logback-classic/1.5.21/logback-classic-1.5.21.pom
2026.01.15 23:29:47 INFO  BSP server: Failed to download https://oss.sonatype.org/content/repositories/snapshots/ch/epfl/scala/bloop-shared_2.12/2.0.17/bloop-shared_2.12-2.0.17.pom
2026.01.15 23:29:47 INFO  BSP server: Downloading https://oss.sonatype.org/content/repositories/snapshots/ch/epfl/scala/scala-debug-adapter_2.12/4.2.8/scala-debug-adapter_2.12-4.2.8.pom
2026.01.15 23:29:47 INFO  BSP server: Downloading https://oss.sonatype.org/content/repositories/snapshots/ch/epfl/scala/bloop-backend_2.12/2.0.17/bloop-backend_2.12-2.0.17.pom.sha1
2026.01.15 23:29:47 INFO  BSP server: Downloading https://oss.sonatype.org/content/repositories/snapshots/org/scalaz/scalaz-core_2.12/7.3.8/scalaz-core_2.12-7.3.8.pom.sha1
2026.01.15 23:29:47 INFO  BSP server: Downloading https://oss.sonatype.org/content/repositories/snapshots/com/github/alexarchambault/case-app_2.12/2.0.6/case-app_2.12-2.0.6.pom.sha1
2026.01.15 23:29:47 INFO  BSP server: Failed to download https://oss.sonatype.org/content/repositories/snapshots/org/scala-lang/scala-library/2.12.20/scala-library-2.12.20.pom
2026.01.15 23:29:47 INFO  BSP server: Downloading https://oss.sonatype.org/content/repositories/snapshots/ch/epfl/scala/bloop-config_2.12/2.3.3/bloop-config_2.12-2.3.3.pom
2026.01.15 23:29:49 INFO  BSP server: Failed to download https://oss.sonatype.org/content/repositories/snapshots/ch/epfl/scala/bloop-config_2.12/2.3.3/bloop-config_2.12-2.3.3.pom
2026.01.15 23:29:49 INFO  BSP server: Downloading https://oss.sonatype.org/content/repositories/snapshots/ch/qos/logback/logback-classic/1.5.21/logback-classic-1.5.21.pom.sha1
2026.01.15 23:29:49 INFO  BSP server: Failed to download https://oss.sonatype.org/content/repositories/snapshots/ch/epfl/scala/scala-debug-adapter_2.12/4.2.8/scala-debug-adapter_2.12-4.2.8.pom
2026.01.15 23:29:49 INFO  BSP server: Downloading https://oss.sonatype.org/content/repositories/snapshots/ch/epfl/scala/libdaemon_2.12/0.0.12/libdaemon_2.12-0.0.12.pom
2026.01.15 23:29:49 INFO  BSP server: Failed to download https://oss.sonatype.org/content/repositories/snapshots/io/monix/monix_2.12/3.2.0/monix_2.12-3.2.0.pom
2026.01.15 23:29:49 INFO  BSP server: Downloading https://oss.sonatype.org/content/repositories/snapshots/ch/epfl/scala/bloop-shared_2.12/2.0.17/bloop-shared_2.12-2.0.17.pom.sha1
2026.01.15 23:29:49 INFO  BSP server: Failed to download https://oss.sonatype.org/content/repositories/snapshots/org/scalaz/scalaz-core_2.12/7.3.8/scalaz-core_2.12-7.3.8.pom.sha1
2026.01.15 23:29:49 INFO  BSP server: Failed to download https://oss.sonatype.org/content/repositories/snapshots/ch/epfl/scala/bloop-backend_2.12/2.0.17/bloop-backend_2.12-2.0.17.pom.sha1
2026.01.15 23:29:49 INFO  BSP server: Downloading https://oss.sonatype.org/content/repositories/snapshots/org/scala-lang/scala-library/2.12.20/scala-library-2.12.20.pom.sha1
2026.01.15 23:29:49 INFO  BSP server: Downloading https://oss.sonatype.org/content/repositories/snapshots/ch/epfl/scala/bloop-config_2.12/2.3.3/bloop-config_2.12-2.3.3.pom.sha1
2026.01.15 23:29:49 INFO  BSP server: Failed to download https://oss.sonatype.org/content/repositories/snapshots/com/github/alexarchambault/case-app_2.12/2.0.6/case-app_2.12-2.0.6.pom.sha1
2026.01.15 23:29:49 INFO  BSP server: Downloading https://oss.sonatype.org/content/repositories/snapshots/io/monix/monix_2.12/3.2.0/monix_2.12-3.2.0.pom.sha1
2026.01.15 23:29:49 INFO  BSP server: Failed to download https://oss.sonatype.org/content/repositories/snapshots/ch/epfl/scala/libdaemon_2.12/0.0.12/libdaemon_2.12-0.0.12.pom
2026.01.15 23:29:49 INFO  BSP server: Downloading https://oss.sonatype.org/content/repositories/snapshots/ch/epfl/scala/scala-debug-adapter_2.12/4.2.8/scala-debug-adapter_2.12-4.2.8.pom.sha1
2026.01.15 23:29:49 INFO  BSP server: Failed to download https://oss.sonatype.org/content/repositories/snapshots/ch/epfl/scala/bloop-shared_2.12/2.0.17/bloop-shared_2.12-2.0.17.pom.sha1
2026.01.15 23:29:49 INFO  BSP server: Downloading https://oss.sonatype.org/content/repositories/snapshots/ch/epfl/scala/libdaemon_2.12/0.0.12/libdaemon_2.12-0.0.12.pom.sha1
2026.01.15 23:29:49 INFO  BSP server: Failed to download https://oss.sonatype.org/content/repositories/snapshots/org/scala-lang/scala-library/2.12.20/scala-library-2.12.20.pom.sha1
2026.01.15 23:29:49 INFO  BSP server: Downloading https://s01.oss.sonatype.org/content/repositories/snapshots/org/scalaz/scalaz-core_2.12/7.3.8/scalaz-core_2.12-7.3.8.pom
2026.01.15 23:29:49 INFO  BSP server: Failed to download https://oss.sonatype.org/content/repositories/snapshots/ch/epfl/scala/bloop-config_2.12/2.3.3/bloop-config_2.12-2.3.3.pom.sha1
2026.01.15 23:29:49 INFO  BSP server: Downloading https://s01.oss.sonatype.org/content/repositories/snapshots/ch/epfl/scala/bloop-backend_2.12/2.0.17/bloop-backend_2.12-2.0.17.pom
2026.01.15 23:29:49 INFO  BSP server: Failed to download https://oss.sonatype.org/content/repositories/snapshots/ch/epfl/scala/scala-debug-adapter_2.12/4.2.8/scala-debug-adapter_2.12-4.2.8.pom.sha1
2026.01.15 23:29:49 INFO  BSP server: Downloading https://s01.oss.sonatype.org/content/repositories/snapshots/com/github/alexarchambault/case-app_2.12/2.0.6/case-app_2.12-2.0.6.pom
2026.01.15 23:29:49 INFO  BSP server: Failed to download https://oss.sonatype.org/content/repositories/snapshots/ch/epfl/scala/libdaemon_2.12/0.0.12/libdaemon_2.12-0.0.12.pom.sha1
2026.01.15 23:29:49 INFO  BSP server: Downloading https://s01.oss.sonatype.org/content/repositories/snapshots/ch/epfl/scala/bloop-shared_2.12/2.0.17/bloop-shared_2.12-2.0.17.pom
2026.01.15 23:29:49 INFO  BSP server: Failed to download https://oss.sonatype.org/content/repositories/snapshots/io/monix/monix_2.12/3.2.0/monix_2.12-3.2.0.pom.sha1
2026.01.15 23:29:49 INFO  BSP server: Downloading https://s01.oss.sonatype.org/content/repositories/snapshots/org/scala-lang/scala-library/2.12.20/scala-library-2.12.20.pom
2026.01.15 23:29:50 INFO  BSP server: Failed to download https://oss.sonatype.org/content/repositories/snapshots/ch/qos/logback/logback-classic/1.5.21/logback-classic-1.5.21.pom.sha1
2026.01.15 23:29:50 INFO  BSP server: Downloading https://s01.oss.sonatype.org/content/repositories/snapshots/ch/epfl/scala/bloop-config_2.12/2.3.3/bloop-config_2.12-2.3.3.pom
2026.01.15 23:29:50 INFO  BSP server: Failed to download https://s01.oss.sonatype.org/content/repositories/snapshots/org/scalaz/scalaz-core_2.12/7.3.8/scalaz-core_2.12-7.3.8.pom
2026.01.15 23:29:50 INFO  BSP server: Downloading https://s01.oss.sonatype.org/content/repositories/snapshots/ch/epfl/scala/scala-debug-adapter_2.12/4.2.8/scala-debug-adapter_2.12-4.2.8.pom
2026.01.15 23:29:50 INFO  BSP server: Failed to download https://s01.oss.sonatype.org/content/repositories/snapshots/com/github/alexarchambault/case-app_2.12/2.0.6/case-app_2.12-2.0.6.pom
2026.01.15 23:29:50 INFO  BSP server: Downloading https://s01.oss.sonatype.org/content/repositories/snapshots/ch/epfl/scala/libdaemon_2.12/0.0.12/libdaemon_2.12-0.0.12.pom
2026.01.15 23:29:50 INFO  BSP server: Failed to download https://s01.oss.sonatype.org/content/repositories/snapshots/ch/epfl/scala/bloop-shared_2.12/2.0.17/bloop-shared_2.12-2.0.17.pom
2026.01.15 23:29:50 INFO  BSP server: Downloading https://s01.oss.sonatype.org/content/repositories/snapshots/org/scalaz/scalaz-core_2.12/7.3.8/scalaz-core_2.12-7.3.8.pom.sha1
2026.01.15 23:29:50 INFO  BSP server: Failed to download https://s01.oss.sonatype.org/content/repositories/snapshots/org/scala-lang/scala-library/2.12.20/scala-library-2.12.20.pom
2026.01.15 23:29:50 INFO  BSP server: Downloading https://s01.oss.sonatype.org/content/repositories/snapshots/io/monix/monix_2.12/3.2.0/monix_2.12-3.2.0.pom
2026.01.15 23:29:50 INFO  BSP server: Failed to download https://s01.oss.sonatype.org/content/repositories/snapshots/ch/epfl/scala/scala-debug-adapter_2.12/4.2.8/scala-debug-adapter_2.12-4.2.8.pom
2026.01.15 23:29:50 INFO  BSP server: Downloading https://s01.oss.sonatype.org/content/repositories/snapshots/com/github/alexarchambault/case-app_2.12/2.0.6/case-app_2.12-2.0.6.pom.sha1
2026.01.15 23:29:50 INFO  BSP server: Failed to download https://s01.oss.sonatype.org/content/repositories/snapshots/ch/epfl/scala/libdaemon_2.12/0.0.12/libdaemon_2.12-0.0.12.pom
2026.01.15 23:29:50 INFO  BSP server: Downloading https://s01.oss.sonatype.org/content/repositories/snapshots/ch/epfl/scala/bloop-shared_2.12/2.0.17/bloop-shared_2.12-2.0.17.pom.sha1
2026.01.15 23:29:50 INFO  BSP server: Failed to download https://s01.oss.sonatype.org/content/repositories/snapshots/ch/epfl/scala/bloop-backend_2.12/2.0.17/bloop-backend_2.12-2.0.17.pom
2026.01.15 23:29:50 INFO  BSP server: Downloading https://s01.oss.sonatype.org/content/repositories/snapshots/org/scala-lang/scala-library/2.12.20/scala-library-2.12.20.pom.sha1
2026.01.15 23:29:52 INFO  BSP server: Failed to download https://s01.oss.sonatype.org/content/repositories/snapshots/org/scalaz/scalaz-core_2.12/7.3.8/scalaz-core_2.12-7.3.8.pom.sha1
2026.01.15 23:29:52 INFO  BSP server: Downloading https://s01.oss.sonatype.org/content/repositories/snapshots/ch/qos/logback/logback-classic/1.5.21/logback-classic-1.5.21.pom
2026.01.15 23:29:52 INFO  BSP server: Failed to download https://s01.oss.sonatype.org/content/repositories/snapshots/ch/epfl/scala/bloop-config_2.12/2.3.3/bloop-config_2.12-2.3.3.pom
2026.01.15 23:29:52 INFO  BSP server: Downloading https://s01.oss.sonatype.org/content/repositories/snapshots/ch/epfl/scala/scala-debug-adapter_2.12/4.2.8/scala-debug-adapter_2.12-4.2.8.pom.sha1
2026.01.15 23:29:52 INFO  BSP server: Failed to download https://s01.oss.sonatype.org/content/repositories/snapshots/io/monix/monix_2.12/3.2.0/monix_2.12-3.2.0.pom
2026.01.15 23:29:52 INFO  BSP server: Downloading https://s01.oss.sonatype.org/content/repositories/snapshots/ch/epfl/scala/libdaemon_2.12/0.0.12/libdaemon_2.12-0.0.12.pom.sha1
2026.01.15 23:29:52 INFO  BSP server: Failed to download https://s01.oss.sonatype.org/content/repositories/snapshots/ch/epfl/scala/bloop-shared_2.12/2.0.17/bloop-shared_2.12-2.0.17.pom.sha1
2026.01.15 23:29:52 INFO  BSP server: Downloading https://s01.oss.sonatype.org/content/repositories/snapshots/ch/epfl/scala/bloop-backend_2.12/2.0.17/bloop-backend_2.12-2.0.17.pom.sha1
2026.01.15 23:29:52 INFO  BSP server: Failed to download https://s01.oss.sonatype.org/content/repositories/snapshots/ch/qos/logback/logback-classic/1.5.21/logback-classic-1.5.21.pom
2026.01.15 23:29:52 INFO  BSP server: Downloading https://s01.oss.sonatype.org/content/repositories/snapshots/ch/epfl/scala/bloop-config_2.12/2.3.3/bloop-config_2.12-2.3.3.pom.sha1
2026.01.15 23:29:52 INFO  BSP server: Failed to download https://s01.oss.sonatype.org/content/repositories/snapshots/ch/epfl/scala/scala-debug-adapter_2.12/4.2.8/scala-debug-adapter_2.12-4.2.8.pom.sha1
2026.01.15 23:29:52 INFO  BSP server: Downloading https://s01.oss.sonatype.org/content/repositories/snapshots/io/monix/monix_2.12/3.2.0/monix_2.12-3.2.0.pom.sha1
2026.01.15 23:29:52 INFO  BSP server: Failed to download https://s01.oss.sonatype.org/content/repositories/snapshots/com/github/alexarchambault/case-app_2.12/2.0.6/case-app_2.12-2.0.6.pom.sha1
2026.01.15 23:29:52 INFO  BSP server: Downloading https://s01.oss.sonatype.org/content/repositories/snapshots/ch/qos/logback/logback-classic/1.5.21/logback-classic-1.5.21.pom.sha1
2026.01.15 23:29:53 INFO  BSP server: Failed to download https://s01.oss.sonatype.org/content/repositories/snapshots/ch/epfl/scala/bloop-backend_2.12/2.0.17/bloop-backend_2.12-2.0.17.pom.sha1
2026.01.15 23:29:53 INFO  BSP server: Downloading https://central.sonatype.com/repository/maven-snapshots/org/scalaz/scalaz-core_2.12/7.3.8/scalaz-core_2.12-7.3.8.pom
2026.01.15 23:29:53 INFO  BSP server: Failed to download https://s01.oss.sonatype.org/content/repositories/snapshots/ch/epfl/scala/libdaemon_2.12/0.0.12/libdaemon_2.12-0.0.12.pom.sha1
2026.01.15 23:29:53 INFO  BSP server: Downloading https://central.sonatype.com/repository/maven-snapshots/ch/epfl/scala/bloop-shared_2.12/2.0.17/bloop-shared_2.12-2.0.17.pom
2026.01.15 23:29:53 INFO  BSP server: Failed to download https://s01.oss.sonatype.org/content/repositories/snapshots/ch/epfl/scala/bloop-config_2.12/2.3.3/bloop-config_2.12-2.3.3.pom.sha1
2026.01.15 23:29:53 INFO  BSP server: Downloading https://central.sonatype.com/repository/maven-snapshots/ch/epfl/scala/scala-debug-adapter_2.12/4.2.8/scala-debug-adapter_2.12-4.2.8.pom
2026.01.15 23:29:53 INFO  BSP server: Failed to download https://s01.oss.sonatype.org/content/repositories/snapshots/ch/qos/logback/logback-classic/1.5.21/logback-classic-1.5.21.pom.sha1
2026.01.15 23:29:53 INFO  BSP server: Downloading https://central.sonatype.com/repository/maven-snapshots/com/github/alexarchambault/case-app_2.12/2.0.6/case-app_2.12-2.0.6.pom
2026.01.15 23:29:53 INFO  BSP server: Failed to download https://s01.oss.sonatype.org/content/repositories/snapshots/io/monix/monix_2.12/3.2.0/monix_2.12-3.2.0.pom.sha1
2026.01.15 23:29:53 INFO  BSP server: Downloading https://central.sonatype.com/repository/maven-snapshots/ch/epfl/scala/bloop-backend_2.12/2.0.17/bloop-backend_2.12-2.0.17.pom
2026.01.15 23:29:53 INFO  BSP server: Failed to download https://central.sonatype.com/repository/maven-snapshots/org/scalaz/scalaz-core_2.12/7.3.8/scalaz-core_2.12-7.3.8.pom
2026.01.15 23:29:53 INFO  BSP server: Downloading https://central.sonatype.com/repository/maven-snapshots/ch/epfl/scala/libdaemon_2.12/0.0.12/libdaemon_2.12-0.0.12.pom
2026.01.15 23:29:54 INFO  BSP server: Failed to download https://central.sonatype.com/repository/maven-snapshots/ch/epfl/scala/bloop-shared_2.12/2.0.17/bloop-shared_2.12-2.0.17.pom
2026.01.15 23:29:54 INFO  BSP server: Downloading https://central.sonatype.com/repository/maven-snapshots/org/scalaz/scalaz-core_2.12/7.3.8/scalaz-core_2.12-7.3.8.pom.sha1
2026.01.15 23:29:54 INFO  BSP server: Failed to download https://central.sonatype.com/repository/maven-snapshots/ch/epfl/scala/scala-debug-adapter_2.12/4.2.8/scala-debug-adapter_2.12-4.2.8.pom
2026.01.15 23:29:54 INFO  BSP server: Downloading https://central.sonatype.com/repository/maven-snapshots/ch/epfl/scala/bloop-config_2.12/2.3.3/bloop-config_2.12-2.3.3.pom
2026.01.15 23:29:54 INFO  BSP server: Failed to download https://central.sonatype.com/repository/maven-snapshots/com/github/alexarchambault/case-app_2.12/2.0.6/case-app_2.12-2.0.6.pom
2026.01.15 23:29:54 INFO  BSP server: Downloading https://central.sonatype.com/repository/maven-snapshots/ch/epfl/scala/bloop-shared_2.12/2.0.17/bloop-shared_2.12-2.0.17.pom.sha1
2026.01.15 23:29:54 INFO  BSP server: Failed to download https://central.sonatype.com/repository/maven-snapshots/ch/epfl/scala/bloop-backend_2.12/2.0.17/bloop-backend_2.12-2.0.17.pom
2026.01.15 23:29:54 INFO  BSP server: Downloading https://central.sonatype.com/repository/maven-snapshots/ch/qos/logback/logback-classic/1.5.21/logback-classic-1.5.21.pom
2026.01.15 23:29:54 INFO  BSP server: Failed to download https://central.sonatype.com/repository/maven-snapshots/org/scalaz/scalaz-core_2.12/7.3.8/scalaz-core_2.12-7.3.8.pom.sha1
2026.01.15 23:29:54 INFO  BSP server: Downloading https://central.sonatype.com/repository/maven-snapshots/io/monix/monix_2.12/3.2.0/monix_2.12-3.2.0.pom
2026.01.15 23:29:54 INFO  BSP server: Failed to download https://central.sonatype.com/repository/maven-snapshots/ch/epfl/scala/libdaemon_2.12/0.0.12/libdaemon_2.12-0.0.12.pom
2026.01.15 23:29:54 INFO  BSP server: Downloading https://central.sonatype.com/repository/maven-snapshots/ch/epfl/scala/scala-debug-adapter_2.12/4.2.8/scala-debug-adapter_2.12-4.2.8.pom.sha1
2026.01.15 23:29:55 INFO  BSP server: Failed to download https://central.sonatype.com/repository/maven-snapshots/ch/epfl/scala/bloop-shared_2.12/2.0.17/bloop-shared_2.12-2.0.17.pom.sha1
2026.01.15 23:29:55 INFO  BSP server: Downloading https://central.sonatype.com/repository/maven-snapshots/com/github/alexarchambault/case-app_2.12/2.0.6/case-app_2.12-2.0.6.pom.sha1
2026.01.15 23:29:55 INFO  BSP server: Failed to download https://central.sonatype.com/repository/maven-snapshots/ch/epfl/scala/bloop-config_2.12/2.3.3/bloop-config_2.12-2.3.3.pom
2026.01.15 23:29:55 INFO  BSP server: Downloading https://central.sonatype.com/repository/maven-snapshots/ch/epfl/scala/bloop-backend_2.12/2.0.17/bloop-backend_2.12-2.0.17.pom.sha1
2026.01.15 23:29:55 INFO  BSP server: Failed to download https://central.sonatype.com/repository/maven-snapshots/ch/qos/logback/logback-classic/1.5.21/logback-classic-1.5.21.pom
2026.01.15 23:29:55 INFO  BSP server: Downloading https://central.sonatype.com/repository/maven-snapshots/ch/epfl/scala/libdaemon_2.12/0.0.12/libdaemon_2.12-0.0.12.pom.sha1
2026.01.15 23:29:55 INFO  BSP server: Failed to download https://s01.oss.sonatype.org/content/repositories/snapshots/org/scala-lang/scala-library/2.12.20/scala-library-2.12.20.pom.sha1
2026.01.15 23:29:55 INFO  BSP server: Downloading https://central.sonatype.com/repository/maven-snapshots/ch/epfl/scala/bloop-config_2.12/2.3.3/bloop-config_2.12-2.3.3.pom.sha1
2026.01.15 23:29:55 INFO  BSP server: Failed to download https://central.sonatype.com/repository/maven-snapshots/io/monix/monix_2.12/3.2.0/monix_2.12-3.2.0.pom
2026.01.15 23:29:55 INFO  BSP server: Failed to download https://central.sonatype.com/repository/maven-snapshots/ch/epfl/scala/scala-debug-adapter_2.12/4.2.8/scala-debug-adapter_2.12-4.2.8.pom.sha1
2026.01.15 23:29:55 INFO  BSP server: Downloading https://central.sonatype.com/repository/maven-snapshots/ch/qos/logback/logback-classic/1.5.21/logback-classic-1.5.21.pom.sha1
2026.01.15 23:29:55 INFO  BSP server: Downloading https://central.sonatype.com/repository/maven-snapshots/io/monix/monix_2.12/3.2.0/monix_2.12-3.2.0.pom.sha1
2026.01.15 23:29:55 INFO  BSP server: Failed to download https://central.sonatype.com/repository/maven-snapshots/ch/epfl/scala/bloop-backend_2.12/2.0.17/bloop-backend_2.12-2.0.17.pom.sha1
2026.01.15 23:29:55 INFO  BSP server: Downloading https://repo.scala-lang.org/artifactory/maven-nightlies/org/scalaz/scalaz-core_2.12/7.3.8/scalaz-core_2.12-7.3.8.pom
2026.01.15 23:29:55 INFO  BSP server: Failed to download https://central.sonatype.com/repository/maven-snapshots/com/github/alexarchambault/case-app_2.12/2.0.6/case-app_2.12-2.0.6.pom.sha1
2026.01.15 23:29:55 INFO  BSP server: Downloading https://repo.scala-lang.org/artifactory/maven-nightlies/ch/epfl/scala/bloop-shared_2.12/2.0.17/bloop-shared_2.12-2.0.17.pom
2026.01.15 23:29:56 INFO  BSP server: Failed to download https://central.sonatype.com/repository/maven-snapshots/ch/epfl/scala/libdaemon_2.12/0.0.12/libdaemon_2.12-0.0.12.pom.sha1
2026.01.15 23:29:56 INFO  BSP server: Downloading https://central.sonatype.com/repository/maven-snapshots/org/scala-lang/scala-library/2.12.20/scala-library-2.12.20.pom
2026.01.15 23:29:56 INFO  BSP server: Failed to download https://central.sonatype.com/repository/maven-snapshots/ch/qos/logback/logback-classic/1.5.21/logback-classic-1.5.21.pom.sha1
2026.01.15 23:29:56 INFO  BSP server: Failed to download https://central.sonatype.com/repository/maven-snapshots/ch/epfl/scala/bloop-config_2.12/2.3.3/bloop-config_2.12-2.3.3.pom.sha1
2026.01.15 23:29:56 INFO  BSP server: Failed to download https://central.sonatype.com/repository/maven-snapshots/io/monix/monix_2.12/3.2.0/monix_2.12-3.2.0.pom.sha1
2026.01.15 23:29:56 INFO  BSP server: Downloading https://repo.scala-lang.org/artifactory/maven-nightlies/ch/epfl/scala/scala-debug-adapter_2.12/4.2.8/scala-debug-adapter_2.12-4.2.8.pom
2026.01.15 23:29:56 INFO  BSP server: Downloading https://repo.scala-lang.org/artifactory/maven-nightlies/com/github/alexarchambault/case-app_2.12/2.0.6/case-app_2.12-2.0.6.pom
2026.01.15 23:29:56 INFO  BSP server: Downloading https://repo.scala-lang.org/artifactory/maven-nightlies/ch/epfl/scala/bloop-backend_2.12/2.0.17/bloop-backend_2.12-2.0.17.pom
2026.01.15 23:29:56 INFO  BSP server: Downloaded https://repo.scala-lang.org/artifactory/maven-nightlies/org/scalaz/scalaz-core_2.12/7.3.8/scalaz-core_2.12-7.3.8.pom
2026.01.15 23:29:56 INFO  BSP server: Downloading https://repo.scala-lang.org/artifactory/maven-nightlies/ch/epfl/scala/libdaemon_2.12/0.0.12/libdaemon_2.12-0.0.12.pom
2026.01.15 23:29:56 INFO  BSP server: Downloaded https://repo.scala-lang.org/artifactory/maven-nightlies/ch/epfl/scala/bloop-shared_2.12/2.0.17/bloop-shared_2.12-2.0.17.pom
2026.01.15 23:29:56 INFO  BSP server: Downloading https://repo.scala-lang.org/artifactory/maven-nightlies/ch/qos/logback/logback-classic/1.5.21/logback-classic-1.5.21.pom
2026.01.15 23:29:57 INFO  BSP server: Failed to download https://central.sonatype.com/repository/maven-snapshots/org/scala-lang/scala-library/2.12.20/scala-library-2.12.20.pom
2026.01.15 23:29:57 INFO  BSP server: Downloading https://repo.scala-lang.org/artifactory/maven-nightlies/ch/epfl/scala/bloop-config_2.12/2.3.3/bloop-config_2.12-2.3.3.pom
2026.01.15 23:29:57 INFO  BSP server: Downloaded https://repo.scala-lang.org/artifactory/maven-nightlies/ch/epfl/scala/scala-debug-adapter_2.12/4.2.8/scala-debug-adapter_2.12-4.2.8.pom
2026.01.15 23:29:57 INFO  BSP server: Downloading https://repo.scala-lang.org/artifactory/maven-nightlies/org/scalaz/scalaz-core_2.12/7.3.8/scalaz-core_2.12-7.3.8.pom.sha1
2026.01.15 23:29:57 INFO  BSP server: Downloaded https://repo.scala-lang.org/artifactory/maven-nightlies/ch/epfl/scala/bloop-backend_2.12/2.0.17/bloop-backend_2.12-2.0.17.pom
2026.01.15 23:29:57 INFO  BSP server: Downloaded https://repo.scala-lang.org/artifactory/maven-nightlies/ch/qos/logback/logback-classic/1.5.21/logback-classic-1.5.21.pom
2026.01.15 23:29:57 INFO  BSP server: Downloading https://repo.scala-lang.org/artifactory/maven-nightlies/io/monix/monix_2.12/3.2.0/monix_2.12-3.2.0.pom
2026.01.15 23:29:57 INFO  BSP server: Downloading https://central.sonatype.com/repository/maven-snapshots/org/scala-lang/scala-library/2.12.20/scala-library-2.12.20.pom.sha1
2026.01.15 23:29:57 INFO  BSP server: Downloaded https://repo.scala-lang.org/artifactory/maven-nightlies/com/github/alexarchambault/case-app_2.12/2.0.6/case-app_2.12-2.0.6.pom
2026.01.15 23:29:57 INFO  BSP server: Downloading https://repo.scala-lang.org/artifactory/maven-nightlies/ch/qos/logback/logback-classic/1.5.21/logback-classic-1.5.21.pom.sha1
2026.01.15 23:29:57 INFO  BSP server: Downloaded https://repo.scala-lang.org/artifactory/maven-nightlies/ch/epfl/scala/libdaemon_2.12/0.0.12/libdaemon_2.12-0.0.12.pom
2026.01.15 23:29:57 INFO  BSP server: Downloading https://repo.scala-lang.org/artifactory/maven-nightlies/com/github/alexarchambault/case-app_2.12/2.0.6/case-app_2.12-2.0.6.pom.sha1
2026.01.15 23:29:57 INFO  BSP server: Downloaded https://repo.scala-lang.org/artifactory/maven-nightlies/org/scalaz/scalaz-core_2.12/7.3.8/scalaz-core_2.12-7.3.8.pom.sha1
2026.01.15 23:29:57 INFO  BSP server: Downloaded https://repo.scala-lang.org/artifactory/maven-nightlies/io/monix/monix_2.12/3.2.0/monix_2.12-3.2.0.pom
2026.01.15 23:29:57 INFO  BSP server: Downloading https://repo.scala-lang.org/artifactory/maven-nightlies/ch/epfl/scala/libdaemon_2.12/0.0.12/libdaemon_2.12-0.0.12.pom.sha1
2026.01.15 23:29:57 INFO  BSP server: Downloading https://repo.scala-lang.org/artifactory/maven-nightlies/io/monix/monix_2.12/3.2.0/monix_2.12-3.2.0.pom.sha1
2026.01.15 23:29:57 INFO  BSP server: Downloaded https://repo.scala-lang.org/artifactory/maven-nightlies/ch/qos/logback/logback-classic/1.5.21/logback-classic-1.5.21.pom.sha1
2026.01.15 23:29:58 INFO  BSP server: Downloaded https://repo.scala-lang.org/artifactory/maven-nightlies/ch/epfl/scala/bloop-config_2.12/2.3.3/bloop-config_2.12-2.3.3.pom
2026.01.15 23:29:58 INFO  BSP server: Downloading https://repo.scala-lang.org/artifactory/maven-nightlies/ch/epfl/scala/bloop-config_2.12/2.3.3/bloop-config_2.12-2.3.3.pom.sha1
2026.01.15 23:29:58 INFO  BSP server: Downloaded https://repo.scala-lang.org/artifactory/maven-nightlies/com/github/alexarchambault/case-app_2.12/2.0.6/case-app_2.12-2.0.6.pom.sha1
2026.01.15 23:29:58 INFO  BSP server: Downloaded https://repo.scala-lang.org/artifactory/maven-nightlies/io/monix/monix_2.12/3.2.0/monix_2.12-3.2.0.pom.sha1
2026.01.15 23:29:58 INFO  BSP server: Downloaded https://repo.scala-lang.org/artifactory/maven-nightlies/ch/epfl/scala/libdaemon_2.12/0.0.12/libdaemon_2.12-0.0.12.pom.sha1
2026.01.15 23:29:58 INFO  BSP server: Failed to download https://central.sonatype.com/repository/maven-snapshots/org/scala-lang/scala-library/2.12.20/scala-library-2.12.20.pom.sha1
2026.01.15 23:29:58 INFO  BSP server: Downloading https://repo.scala-lang.org/artifactory/maven-nightlies/org/scala-lang/scala-library/2.12.20/scala-library-2.12.20.pom
2026.01.15 23:29:58 INFO  BSP server: Downloaded https://repo.scala-lang.org/artifactory/maven-nightlies/ch/epfl/scala/bloop-config_2.12/2.3.3/bloop-config_2.12-2.3.3.pom.sha1
2026.01.15 23:29:58 INFO  BSP server: Downloaded https://repo.scala-lang.org/artifactory/maven-nightlies/org/scala-lang/scala-library/2.12.20/scala-library-2.12.20.pom
2026.01.15 23:29:58 INFO  BSP server: Downloading https://repo.scala-lang.org/artifactory/maven-nightlies/org/scala-lang/scala-library/2.12.20/scala-library-2.12.20.pom.sha1
2026.01.15 23:29:58 INFO  BSP server: Downloaded https://repo.scala-lang.org/artifactory/maven-nightlies/org/scala-lang/scala-library/2.12.20/scala-library-2.12.20.pom.sha1
2026.01.15 23:29:59 INFO  BSP server: Downloading https://oss.sonatype.org/content/repositories/snapshots/ch/qos/logback/logback-parent/1.5.21/logback-parent-1.5.21.pom
2026.01.15 23:29:59 INFO  BSP server: Failed to download https://oss.sonatype.org/content/repositories/snapshots/ch/qos/logback/logback-parent/1.5.21/logback-parent-1.5.21.pom
2026.01.15 23:29:59 INFO  BSP server: Downloading https://oss.sonatype.org/content/repositories/snapshots/ch/qos/logback/logback-parent/1.5.21/logback-parent-1.5.21.pom.sha1
2026.01.15 23:30:00 INFO  BSP server: Failed to download https://oss.sonatype.org/content/repositories/snapshots/ch/qos/logback/logback-parent/1.5.21/logback-parent-1.5.21.pom.sha1
2026.01.15 23:30:00 INFO  BSP server: Downloading https://s01.oss.sonatype.org/content/repositories/snapshots/ch/qos/logback/logback-parent/1.5.21/logback-parent-1.5.21.pom
2026.01.15 23:30:00 INFO  BSP server: Failed to download https://s01.oss.sonatype.org/content/repositories/snapshots/ch/qos/logback/logback-parent/1.5.21/logback-parent-1.5.21.pom
2026.01.15 23:30:00 INFO  BSP server: Downloading https://s01.oss.sonatype.org/content/repositories/snapshots/ch/qos/logback/logback-parent/1.5.21/logback-parent-1.5.21.pom.sha1
2026.01.15 23:30:02 INFO  BSP server: Failed to download https://s01.oss.sonatype.org/content/repositories/snapshots/ch/qos/logback/logback-parent/1.5.21/logback-parent-1.5.21.pom.sha1
2026.01.15 23:30:02 INFO  BSP server: Downloading https://central.sonatype.com/repository/maven-snapshots/ch/qos/logback/logback-parent/1.5.21/logback-parent-1.5.21.pom
2026.01.15 23:30:02 INFO  BSP server: Failed to download https://central.sonatype.com/repository/maven-snapshots/ch/qos/logback/logback-parent/1.5.21/logback-parent-1.5.21.pom
2026.01.15 23:30:02 INFO  BSP server: Downloading https://central.sonatype.com/repository/maven-snapshots/ch/qos/logback/logback-parent/1.5.21/logback-parent-1.5.21.pom.sha1
2026.01.15 23:30:04 INFO  BSP server: Failed to download https://central.sonatype.com/repository/maven-snapshots/ch/qos/logback/logback-parent/1.5.21/logback-parent-1.5.21.pom.sha1
2026.01.15 23:30:04 INFO  BSP server: Downloading https://repo.scala-lang.org/artifactory/maven-nightlies/ch/qos/logback/logback-parent/1.5.21/logback-parent-1.5.21.pom
2026.01.15 23:30:04 INFO  BSP server: Downloaded https://repo.scala-lang.org/artifactory/maven-nightlies/ch/qos/logback/logback-parent/1.5.21/logback-parent-1.5.21.pom
2026.01.15 23:30:04 INFO  BSP server: Downloading https://repo.scala-lang.org/artifactory/maven-nightlies/ch/qos/logback/logback-parent/1.5.21/logback-parent-1.5.21.pom.sha1
2026.01.15 23:30:05 INFO  BSP server: Downloaded https://repo.scala-lang.org/artifactory/maven-nightlies/ch/qos/logback/logback-parent/1.5.21/logback-parent-1.5.21.pom.sha1
2026.01.15 23:30:05 INFO  BSP server: Downloading https://oss.sonatype.org/content/repositories/snapshots/net/java/dev/jna/jna/5.18.1/jna-5.18.1.pom
2026.01.15 23:30:05 INFO  BSP server: Downloading https://oss.sonatype.org/content/repositories/snapshots/io/monix/monix-reactive_2.12/3.2.0/monix-reactive_2.12-3.2.0.pom
2026.01.15 23:30:05 INFO  BSP server: Downloading https://oss.sonatype.org/content/repositories/snapshots/org/scala-sbt/zinc_2.12/1.11.0/zinc_2.12-1.11.0.pom
2026.01.15 23:30:05 INFO  BSP server: Downloading https://oss.sonatype.org/content/repositories/snapshots/com/github/alexarchambault/case-app-util_2.12/2.0.6/case-app-util_2.12-2.0.6.pom
2026.01.15 23:30:05 INFO  BSP server: Downloading https://oss.sonatype.org/content/repositories/snapshots/com/lihaoyi/pprint_2.12/0.9.4/pprint_2.12-0.9.4.pom
2026.01.15 23:30:05 INFO  BSP server: Downloading https://oss.sonatype.org/content/repositories/snapshots/org/apache/logging/log4j/log4j-core/2.23.0/log4j-core-2.23.0.pom
2026.01.15 23:30:05 INFO  BSP server: Failed to download https://oss.sonatype.org/content/repositories/snapshots/net/java/dev/jna/jna/5.18.1/jna-5.18.1.pom
2026.01.15 23:30:05 INFO  BSP server: Downloading https://oss.sonatype.org/content/repositories/snapshots/org/zeroturnaround/zt-zip/1.17/zt-zip-1.17.pom
2026.01.15 23:30:05 INFO  BSP server: Failed to download https://oss.sonatype.org/content/repositories/snapshots/org/zeroturnaround/zt-zip/1.17/zt-zip-1.17.pom
2026.01.15 23:30:05 INFO  BSP server: Downloading https://oss.sonatype.org/content/repositories/snapshots/org/scala-sbt/test-agent/1.11.7/test-agent-1.11.7.pom
2026.01.15 23:30:05 INFO  BSP server: Failed to download https://oss.sonatype.org/content/repositories/snapshots/org/apache/logging/log4j/log4j-core/2.23.0/log4j-core-2.23.0.pom
2026.01.15 23:30:05 INFO  BSP server: Failed to download https://oss.sonatype.org/content/repositories/snapshots/io/monix/monix-reactive_2.12/3.2.0/monix-reactive_2.12-3.2.0.pom
2026.01.15 23:30:05 INFO  BSP server: Downloading https://oss.sonatype.org/content/repositories/snapshots/io/get-coursier/util/directories-jni/0.1.2/directories-jni-0.1.2.pom
2026.01.15 23:30:05 INFO  BSP server: Failed to download https://oss.sonatype.org/content/repositories/snapshots/org/scala-sbt/zinc_2.12/1.11.0/zinc_2.12-1.11.0.pom
2026.01.15 23:30:05 INFO  BSP server: Downloading https://oss.sonatype.org/content/repositories/snapshots/io/monix/monix-execution_2.12/3.2.0/monix-execution_2.12-3.2.0.pom
2026.01.15 23:30:05 INFO  BSP server: Downloading https://oss.sonatype.org/content/repositories/snapshots/ch/epfl/scala/bsp4s_2.12/2.1.1/bsp4s_2.12-2.1.1.pom
2026.01.15 23:30:06 INFO  BSP server: Failed to download https://oss.sonatype.org/content/repositories/snapshots/com/github/alexarchambault/case-app-util_2.12/2.0.6/case-app-util_2.12-2.0.6.pom
2026.01.15 23:30:06 INFO  BSP server: Downloading https://oss.sonatype.org/content/repositories/snapshots/io/github/alexarchambault/bleep/nailgun-server/1.0.7/nailgun-server-1.0.7.pom
2026.01.15 23:30:06 INFO  BSP server: Failed to download https://oss.sonatype.org/content/repositories/snapshots/com/lihaoyi/pprint_2.12/0.9.4/pprint_2.12-0.9.4.pom
2026.01.15 23:30:06 INFO  BSP server: Failed to download https://oss.sonatype.org/content/repositories/snapshots/org/scala-sbt/test-agent/1.11.7/test-agent-1.11.7.pom
2026.01.15 23:30:06 INFO  BSP server: Downloading https://oss.sonatype.org/content/repositories/snapshots/com/github/plokhotnyuk/jsoniter-scala/jsoniter-scala-macros_2.12/2.13.3.2/jsoniter-scala-macros_2.12-2.13.3.2.pom
2026.01.15 23:30:06 INFO  BSP server: Downloading https://oss.sonatype.org/content/repositories/snapshots/org/scalameta/parsers_2.12/4.13.8/parsers_2.12-4.13.8.pom
2026.01.15 23:30:06 INFO  BSP server: Failed to download https://oss.sonatype.org/content/repositories/snapshots/io/get-coursier/util/directories-jni/0.1.2/directories-jni-0.1.2.pom
2026.01.15 23:30:06 INFO  BSP server: Downloading https://oss.sonatype.org/content/repositories/snapshots/com/lihaoyi/unroll-annotation_2.12/0.1.12/unroll-annotation_2.12-0.1.12.pom
2026.01.15 23:30:06 INFO  BSP server: Failed to download https://oss.sonatype.org/content/repositories/snapshots/io/monix/monix-execution_2.12/3.2.0/monix-execution_2.12-3.2.0.pom
2026.01.15 23:30:06 INFO  BSP server: Downloading https://oss.sonatype.org/content/repositories/snapshots/org/scala-lang/modules/scala-collection-compat_2.12/2.13.0/scala-collection-compat_2.12-2.13.0.pom
2026.01.15 23:30:06 INFO  BSP server: Failed to download https://oss.sonatype.org/content/repositories/snapshots/ch/epfl/scala/bsp4s_2.12/2.1.1/bsp4s_2.12-2.1.1.pom
2026.01.15 23:30:06 INFO  BSP server: Downloading https://oss.sonatype.org/content/repositories/snapshots/net/jpountz/lz4/lz4/1.3.0/lz4-1.3.0.pom
2026.01.15 23:30:06 INFO  BSP server: Failed to download https://oss.sonatype.org/content/repositories/snapshots/io/github/alexarchambault/bleep/nailgun-server/1.0.7/nailgun-server-1.0.7.pom
2026.01.15 23:30:06 INFO  BSP server: Downloading https://oss.sonatype.org/content/repositories/snapshots/io/monix/monix-java_2.12/3.2.0/monix-java_2.12-3.2.0.pom
2026.01.15 23:30:06 INFO  BSP server: Failed to download https://oss.sonatype.org/content/repositories/snapshots/org/scalameta/parsers_2.12/4.13.8/parsers_2.12-4.13.8.pom
2026.01.15 23:30:06 INFO  BSP server: Downloading https://oss.sonatype.org/content/repositories/snapshots/io/github/alexarchambault/bleep/jsonrpc4s_2.12/0.1.1/jsonrpc4s_2.12-0.1.1.pom
2026.01.15 23:30:06 INFO  BSP server: Failed to download https://oss.sonatype.org/content/repositories/snapshots/com/github/plokhotnyuk/jsoniter-scala/jsoniter-scala-macros_2.12/2.13.3.2/jsoniter-scala-macros_2.12-2.13.3.2.pom
2026.01.15 23:30:06 INFO  BSP server: Downloading https://oss.sonatype.org/content/repositories/snapshots/com/github/plokhotnyuk/jsoniter-scala/jsoniter-scala-core_2.12/2.13.5.2/jsoniter-scala-core_2.12-2.13.5.2.pom
2026.01.15 23:30:06 INFO  BSP server: Failed to download https://oss.sonatype.org/content/repositories/snapshots/org/scala-lang/modules/scala-collection-compat_2.12/2.13.0/scala-collection-compat_2.12-2.13.0.pom
2026.01.15 23:30:06 INFO  BSP server: Failed to download https://oss.sonatype.org/content/repositories/snapshots/com/lihaoyi/unroll-annotation_2.12/0.1.12/unroll-annotation_2.12-0.1.12.pom
2026.01.15 23:30:06 INFO  BSP server: Downloading https://oss.sonatype.org/content/repositories/snapshots/com/github/alexarchambault/case-app-annotations_2.12/2.0.6/case-app-annotations_2.12-2.0.6.pom
2026.01.15 23:30:06 INFO  BSP server: Downloading https://oss.sonatype.org/content/repositories/snapshots/net/java/dev/jna/jna/5.18.1/jna-5.18.1.pom.sha1
2026.01.15 23:30:06 INFO  BSP server: Failed to download https://oss.sonatype.org/content/repositories/snapshots/net/jpountz/lz4/lz4/1.3.0/lz4-1.3.0.pom
2026.01.15 23:30:06 INFO  BSP server: Downloading https://oss.sonatype.org/content/repositories/snapshots/org/zeroturnaround/zt-zip/1.17/zt-zip-1.17.pom.sha1
2026.01.15 23:30:06 INFO  BSP server: Failed to download https://oss.sonatype.org/content/repositories/snapshots/io/github/alexarchambault/bleep/jsonrpc4s_2.12/0.1.1/jsonrpc4s_2.12-0.1.1.pom
2026.01.15 23:30:06 INFO  BSP server: Failed to download https://oss.sonatype.org/content/repositories/snapshots/io/monix/monix-java_2.12/3.2.0/monix-java_2.12-3.2.0.pom
2026.01.15 23:30:06 INFO  BSP server: Downloading https://oss.sonatype.org/content/repositories/snapshots/org/apache/logging/log4j/log4j-core/2.23.0/log4j-core-2.23.0.pom.sha1
2026.01.15 23:30:06 INFO  BSP server: Downloading https://oss.sonatype.org/content/repositories/snapshots/io/monix/monix-reactive_2.12/3.2.0/monix-reactive_2.12-3.2.0.pom.sha1
2026.01.15 23:30:06 INFO  BSP server: Failed to download https://oss.sonatype.org/content/repositories/snapshots/com/github/plokhotnyuk/jsoniter-scala/jsoniter-scala-core_2.12/2.13.5.2/jsoniter-scala-core_2.12-2.13.5.2.pom
2026.01.15 23:30:06 INFO  BSP server: Downloading https://oss.sonatype.org/content/repositories/snapshots/org/scala-sbt/zinc_2.12/1.11.0/zinc_2.12-1.11.0.pom.sha1
2026.01.15 23:30:06 INFO  BSP server: Failed to download https://oss.sonatype.org/content/repositories/snapshots/net/java/dev/jna/jna/5.18.1/jna-5.18.1.pom.sha1
2026.01.15 23:30:06 INFO  BSP server: Downloading https://oss.sonatype.org/content/repositories/snapshots/io/monix/monix-catnap_2.12/3.2.0/monix-catnap_2.12-3.2.0.pom
2026.01.15 23:30:06 INFO  BSP server: Failed to download https://oss.sonatype.org/content/repositories/snapshots/org/zeroturnaround/zt-zip/1.17/zt-zip-1.17.pom.sha1
2026.01.15 23:30:06 INFO  BSP server: Failed to download https://oss.sonatype.org/content/repositories/snapshots/com/github/alexarchambault/case-app-annotations_2.12/2.0.6/case-app-annotations_2.12-2.0.6.pom
2026.01.15 23:30:06 INFO  BSP server: Downloading https://oss.sonatype.org/content/repositories/snapshots/com/github/alexarchambault/case-app-util_2.12/2.0.6/case-app-util_2.12-2.0.6.pom.sha1
2026.01.15 23:30:06 INFO  BSP server: Downloading https://oss.sonatype.org/content/repositories/snapshots/com/lihaoyi/pprint_2.12/0.9.4/pprint_2.12-0.9.4.pom.sha1
2026.01.15 23:30:06 INFO  BSP server: Failed to download https://oss.sonatype.org/content/repositories/snapshots/org/apache/logging/log4j/log4j-core/2.23.0/log4j-core-2.23.0.pom.sha1
2026.01.15 23:30:06 INFO  BSP server: Downloading https://oss.sonatype.org/content/repositories/snapshots/org/scala-sbt/test-agent/1.11.7/test-agent-1.11.7.pom.sha1
2026.01.15 23:30:06 INFO  BSP server: Failed to download https://oss.sonatype.org/content/repositories/snapshots/org/scala-sbt/zinc_2.12/1.11.0/zinc_2.12-1.11.0.pom.sha1
2026.01.15 23:30:06 INFO  BSP server: Downloading https://oss.sonatype.org/content/repositories/snapshots/io/get-coursier/util/directories-jni/0.1.2/directories-jni-0.1.2.pom.sha1
2026.01.15 23:30:06 INFO  BSP server: Failed to download https://oss.sonatype.org/content/repositories/snapshots/io/monix/monix-reactive_2.12/3.2.0/monix-reactive_2.12-3.2.0.pom.sha1
2026.01.15 23:30:06 INFO  BSP server: Downloading https://oss.sonatype.org/content/repositories/snapshots/ch/epfl/scala/bsp4s_2.12/2.1.1/bsp4s_2.12-2.1.1.pom.sha1
2026.01.15 23:30:07 INFO  BSP server: Failed to download https://oss.sonatype.org/content/repositories/snapshots/com/lihaoyi/pprint_2.12/0.9.4/pprint_2.12-0.9.4.pom.sha1
2026.01.15 23:30:07 INFO  BSP server: Failed to download https://oss.sonatype.org/content/repositories/snapshots/com/github/alexarchambault/case-app-util_2.12/2.0.6/case-app-util_2.12-2.0.6.pom.sha1
2026.01.15 23:30:07 INFO  BSP server: Downloading https://oss.sonatype.org/content/repositories/snapshots/io/monix/monix-execution_2.12/3.2.0/monix-execution_2.12-3.2.0.pom.sha1
2026.01.15 23:30:07 INFO  BSP server: Failed to download https://oss.sonatype.org/content/repositories/snapshots/io/monix/monix-catnap_2.12/3.2.0/monix-catnap_2.12-3.2.0.pom
2026.01.15 23:30:07 INFO  BSP server: Downloading https://oss.sonatype.org/content/repositories/snapshots/io/github/alexarchambault/bleep/nailgun-server/1.0.7/nailgun-server-1.0.7.pom.sha1
2026.01.15 23:30:07 INFO  BSP server: Downloading https://oss.sonatype.org/content/repositories/snapshots/org/scalameta/parsers_2.12/4.13.8/parsers_2.12-4.13.8.pom.sha1
2026.01.15 23:30:07 INFO  BSP server: Failed to download https://oss.sonatype.org/content/repositories/snapshots/io/get-coursier/util/directories-jni/0.1.2/directories-jni-0.1.2.pom.sha1
2026.01.15 23:30:07 INFO  BSP server: Failed to download https://oss.sonatype.org/content/repositories/snapshots/org/scala-sbt/test-agent/1.11.7/test-agent-1.11.7.pom.sha1
2026.01.15 23:30:07 INFO  BSP server: Downloading https://oss.sonatype.org/content/repositories/snapshots/com/lihaoyi/sourcecode_2.12/0.4.4/sourcecode_2.12-0.4.4.pom
2026.01.15 23:30:07 INFO  BSP server: Failed to download https://oss.sonatype.org/content/repositories/snapshots/ch/epfl/scala/bsp4s_2.12/2.1.1/bsp4s_2.12-2.1.1.pom.sha1
2026.01.15 23:30:07 INFO  BSP server: Downloading https://oss.sonatype.org/content/repositories/snapshots/io/zipkin/reporter2/zipkin-sender-urlconnection/2.17.2/zipkin-sender-urlconnection-2.17.2.pom
2026.01.15 23:30:07 INFO  BSP server: Downloading https://oss.sonatype.org/content/repositories/snapshots/io/zipkin/brave/brave/5.18.1/brave-5.18.1.pom
2026.01.15 23:30:07 INFO  BSP server: Failed to download https://oss.sonatype.org/content/repositories/snapshots/org/scalameta/parsers_2.12/4.13.8/parsers_2.12-4.13.8.pom.sha1
2026.01.15 23:30:07 INFO  BSP server: Failed to download https://oss.sonatype.org/content/repositories/snapshots/io/github/alexarchambault/bleep/nailgun-server/1.0.7/nailgun-server-1.0.7.pom.sha1
2026.01.15 23:30:07 INFO  BSP server: Failed to download https://oss.sonatype.org/content/repositories/snapshots/io/monix/monix-execution_2.12/3.2.0/monix-execution_2.12-3.2.0.pom.sha1
2026.01.15 23:30:07 INFO  BSP server: Downloading https://oss.sonatype.org/content/repositories/snapshots/com/github/plokhotnyuk/jsoniter-scala/jsoniter-scala-macros_2.12/2.13.3.2/jsoniter-scala-macros_2.12-2.13.3.2.pom.sha1
2026.01.15 23:30:07 INFO  BSP server: Downloading https://oss.sonatype.org/content/repositories/snapshots/org/scala-lang/scala-reflect/2.12.20/scala-reflect-2.12.20.pom
2026.01.15 23:30:07 INFO  BSP server: Downloading https://oss.sonatype.org/content/repositories/snapshots/ch/epfl/scala/directory-watcher/0.8.0+6-f651bd93/directory-watcher-0.8.0+6-f651bd93.pom
2026.01.15 23:30:07 INFO  BSP server: Failed to download https://oss.sonatype.org/content/repositories/snapshots/com/lihaoyi/sourcecode_2.12/0.4.4/sourcecode_2.12-0.4.4.pom
2026.01.15 23:30:07 INFO  BSP server: Failed to download https://oss.sonatype.org/content/repositories/snapshots/io/zipkin/reporter2/zipkin-sender-urlconnection/2.17.2/zipkin-sender-urlconnection-2.17.2.pom
2026.01.15 23:30:07 INFO  BSP server: Downloading https://oss.sonatype.org/content/repositories/snapshots/org/ow2/asm/asm-util/9.9/asm-util-9.9.pom
2026.01.15 23:30:07 INFO  BSP server: Downloading https://oss.sonatype.org/content/repositories/snapshots/io/monix/monix-eval_2.12/3.2.0/monix-eval_2.12-3.2.0.pom
2026.01.15 23:30:07 INFO  BSP server: Failed to download https://oss.sonatype.org/content/repositories/snapshots/io/zipkin/brave/brave/5.18.1/brave-5.18.1.pom
2026.01.15 23:30:07 INFO  BSP server: Downloading https://oss.sonatype.org/content/repositories/snapshots/org/scala-lang/modules/scala-collection-compat_2.12/2.13.0/scala-collection-compat_2.12-2.13.0.pom.sha1
2026.01.15 23:30:07 INFO  BSP server: Failed to download https://oss.sonatype.org/content/repositories/snapshots/ch/epfl/scala/directory-watcher/0.8.0+6-f651bd93/directory-watcher-0.8.0+6-f651bd93.pom
2026.01.15 23:30:07 INFO  BSP server: Downloading https://oss.sonatype.org/content/repositories/snapshots/com/lihaoyi/unroll-annotation_2.12/0.1.12/unroll-annotation_2.12-0.1.12.pom.sha1
2026.01.15 23:30:07 INFO  BSP server: Failed to download https://oss.sonatype.org/content/repositories/snapshots/org/scala-lang/scala-reflect/2.12.20/scala-reflect-2.12.20.pom
2026.01.15 23:30:07 INFO  BSP server: Failed to download https://oss.sonatype.org/content/repositories/snapshots/com/github/plokhotnyuk/jsoniter-scala/jsoniter-scala-macros_2.12/2.13.3.2/jsoniter-scala-macros_2.12-2.13.3.2.pom.sha1
2026.01.15 23:30:07 INFO  BSP server: Downloading https://oss.sonatype.org/content/repositories/snapshots/net/jpountz/lz4/lz4/1.3.0/lz4-1.3.0.pom.sha1
2026.01.15 23:30:07 INFO  BSP server: Downloading https://oss.sonatype.org/content/repositories/snapshots/io/github/alexarchambault/bleep/jsonrpc4s_2.12/0.1.1/jsonrpc4s_2.12-0.1.1.pom.sha1
2026.01.15 23:30:07 INFO  BSP server: Failed to download https://oss.sonatype.org/content/repositories/snapshots/org/ow2/asm/asm-util/9.9/asm-util-9.9.pom
2026.01.15 23:30:07 INFO  BSP server: Downloading https://oss.sonatype.org/content/repositories/snapshots/io/monix/monix-tail_2.12/3.2.0/monix-tail_2.12-3.2.0.pom
2026.01.15 23:30:07 INFO  BSP server: Failed to download https://oss.sonatype.org/content/repositories/snapshots/io/monix/monix-eval_2.12/3.2.0/monix-eval_2.12-3.2.0.pom
2026.01.15 23:30:07 INFO  BSP server: Downloading https://oss.sonatype.org/content/repositories/snapshots/io/monix/monix-java_2.12/3.2.0/monix-java_2.12-3.2.0.pom.sha1
2026.01.15 23:30:07 INFO  BSP server: Failed to download https://oss.sonatype.org/content/repositories/snapshots/net/jpountz/lz4/lz4/1.3.0/lz4-1.3.0.pom.sha1
2026.01.15 23:30:07 INFO  BSP server: Failed to download https://oss.sonatype.org/content/repositories/snapshots/org/scala-lang/modules/scala-collection-compat_2.12/2.13.0/scala-collection-compat_2.12-2.13.0.pom.sha1
2026.01.15 23:30:07 INFO  BSP server: Failed to download https://oss.sonatype.org/content/repositories/snapshots/io/github/alexarchambault/bleep/jsonrpc4s_2.12/0.1.1/jsonrpc4s_2.12-0.1.1.pom.sha1
2026.01.15 23:30:07 INFO  BSP server: Downloading https://oss.sonatype.org/content/repositories/snapshots/com/github/alexarchambault/case-app-annotations_2.12/2.0.6/case-app-annotations_2.12-2.0.6.pom.sha1
2026.01.15 23:30:07 INFO  BSP server: Downloading https://oss.sonatype.org/content/repositories/snapshots/com/github/plokhotnyuk/jsoniter-scala/jsoniter-scala-core_2.12/2.13.5.2/jsoniter-scala-core_2.12-2.13.5.2.pom.sha1
2026.01.15 23:30:07 INFO  BSP server: Failed to download https://oss.sonatype.org/content/repositories/snapshots/io/monix/monix-tail_2.12/3.2.0/monix-tail_2.12-3.2.0.pom
2026.01.15 23:30:07 INFO  BSP server: Failed to download https://oss.sonatype.org/content/repositories/snapshots/com/lihaoyi/unroll-annotation_2.12/0.1.12/unroll-annotation_2.12-0.1.12.pom.sha1
2026.01.15 23:30:07 INFO  BSP server: Downloading https://oss.sonatype.org/content/repositories/snapshots/ch/qos/logback/logback-core/1.5.21/logback-core-1.5.21.pom
2026.01.15 23:30:07 INFO  BSP server: Downloading https://oss.sonatype.org/content/repositories/snapshots/org/scala-sbt/librarymanagement-ivy_2.12/1.11.6/librarymanagement-ivy_2.12-1.11.6.pom
2026.01.15 23:30:07 INFO  BSP server: Downloading https://oss.sonatype.org/content/repositories/snapshots/io/monix/monix-catnap_2.12/3.2.0/monix-catnap_2.12-3.2.0.pom.sha1
2026.01.15 23:30:07 INFO  BSP server: Failed to download https://oss.sonatype.org/content/repositories/snapshots/io/monix/monix-java_2.12/3.2.0/monix-java_2.12-3.2.0.pom.sha1
2026.01.15 23:30:07 INFO  BSP server: Downloading https://oss.sonatype.org/content/repositories/snapshots/com/lihaoyi/sourcecode_2.12/0.4.4/sourcecode_2.12-0.4.4.pom.sha1
2026.01.15 23:30:09 INFO  BSP server: Failed to download https://oss.sonatype.org/content/repositories/snapshots/com/github/alexarchambault/case-app-annotations_2.12/2.0.6/case-app-annotations_2.12-2.0.6.pom.sha1
2026.01.15 23:30:09 INFO  BSP server: Failed to download https://oss.sonatype.org/content/repositories/snapshots/com/github/plokhotnyuk/jsoniter-scala/jsoniter-scala-core_2.12/2.13.5.2/jsoniter-scala-core_2.12-2.13.5.2.pom.sha1
2026.01.15 23:30:09 INFO  BSP server: Failed to download https://oss.sonatype.org/content/repositories/snapshots/ch/qos/logback/logback-core/1.5.21/logback-core-1.5.21.pom
2026.01.15 23:30:09 INFO  BSP server: Downloading https://oss.sonatype.org/content/repositories/snapshots/io/zipkin/reporter2/zipkin-sender-urlconnection/2.17.2/zipkin-sender-urlconnection-2.17.2.pom.sha1
2026.01.15 23:30:09 INFO  BSP server: Downloading https://oss.sonatype.org/content/repositories/snapshots/io/zipkin/brave/brave/5.18.1/brave-5.18.1.pom.sha1
2026.01.15 23:30:09 INFO  BSP server: Downloading https://oss.sonatype.org/content/repositories/snapshots/ch/epfl/scala/directory-watcher/0.8.0+6-f651bd93/directory-watcher-0.8.0+6-f651bd93.pom.sha1
2026.01.15 23:30:09 INFO  BSP server: Failed to download https://oss.sonatype.org/content/repositories/snapshots/io/monix/monix-catnap_2.12/3.2.0/monix-catnap_2.12-3.2.0.pom.sha1
2026.01.15 23:30:09 INFO  BSP server: Downloading https://oss.sonatype.org/content/repositories/snapshots/org/scala-lang/scala-reflect/2.12.20/scala-reflect-2.12.20.pom.sha1
2026.01.15 23:30:09 INFO  BSP server: Failed to download https://oss.sonatype.org/content/repositories/snapshots/org/scala-sbt/librarymanagement-ivy_2.12/1.11.6/librarymanagement-ivy_2.12-1.11.6.pom
2026.01.15 23:30:09 INFO  BSP server: Downloading https://oss.sonatype.org/content/repositories/snapshots/org/ow2/asm/asm-util/9.9/asm-util-9.9.pom.sha1
2026.01.15 23:30:09 INFO  BSP server: Failed to download https://oss.sonatype.org/content/repositories/snapshots/org/ow2/asm/asm-util/9.9/asm-util-9.9.pom.sha1
2026.01.15 23:30:09 INFO  BSP server: Downloading https://oss.sonatype.org/content/repositories/snapshots/io/monix/monix-eval_2.12/3.2.0/monix-eval_2.12-3.2.0.pom.sha1
2026.01.15 23:30:09 INFO  BSP server: Failed to download https://oss.sonatype.org/content/repositories/snapshots/ch/epfl/scala/directory-watcher/0.8.0+6-f651bd93/directory-watcher-0.8.0+6-f651bd93.pom.sha1
2026.01.15 23:30:09 INFO  BSP server: Failed to download https://oss.sonatype.org/content/repositories/snapshots/io/zipkin/reporter2/zipkin-sender-urlconnection/2.17.2/zipkin-sender-urlconnection-2.17.2.pom.sha1
2026.01.15 23:30:09 INFO  BSP server: Failed to download https://oss.sonatype.org/content/repositories/snapshots/org/scala-lang/scala-reflect/2.12.20/scala-reflect-2.12.20.pom.sha1
2026.01.15 23:30:09 INFO  BSP server: Downloading https://oss.sonatype.org/content/repositories/snapshots/io/monix/monix-tail_2.12/3.2.0/monix-tail_2.12-3.2.0.pom.sha1
2026.01.15 23:30:09 INFO  BSP server: Downloading https://s01.oss.sonatype.org/content/repositories/snapshots/org/zeroturnaround/zt-zip/1.17/zt-zip-1.17.pom
2026.01.15 23:30:09 INFO  BSP server: Downloading https://oss.sonatype.org/content/repositories/snapshots/ch/qos/logback/logback-core/1.5.21/logback-core-1.5.21.pom.sha1
2026.01.15 23:30:09 INFO  BSP server: Failed to download https://oss.sonatype.org/content/repositories/snapshots/io/zipkin/brave/brave/5.18.1/brave-5.18.1.pom.sha1
2026.01.15 23:30:09 INFO  BSP server: Downloading https://s01.oss.sonatype.org/content/repositories/snapshots/org/apache/logging/log4j/log4j-core/2.23.0/log4j-core-2.23.0.pom
2026.01.15 23:30:09 INFO  BSP server: Failed to download https://oss.sonatype.org/content/repositories/snapshots/com/lihaoyi/sourcecode_2.12/0.4.4/sourcecode_2.12-0.4.4.pom.sha1
2026.01.15 23:30:09 INFO  BSP server: Downloading https://s01.oss.sonatype.org/content/repositories/snapshots/net/java/dev/jna/jna/5.18.1/jna-5.18.1.pom
2026.01.15 23:30:09 INFO  BSP server: Failed to download https://oss.sonatype.org/content/repositories/snapshots/io/monix/monix-tail_2.12/3.2.0/monix-tail_2.12-3.2.0.pom.sha1
2026.01.15 23:30:09 INFO  BSP server: Downloading https://s01.oss.sonatype.org/content/repositories/snapshots/org/scala-sbt/zinc_2.12/1.11.0/zinc_2.12-1.11.0.pom
2026.01.15 23:30:09 INFO  BSP server: Failed to download https://oss.sonatype.org/content/repositories/snapshots/ch/qos/logback/logback-core/1.5.21/logback-core-1.5.21.pom.sha1
2026.01.15 23:30:09 INFO  BSP server: Downloading https://oss.sonatype.org/content/repositories/snapshots/org/scala-sbt/librarymanagement-ivy_2.12/1.11.6/librarymanagement-ivy_2.12-1.11.6.pom.sha1
2026.01.15 23:30:09 INFO  BSP server: Failed to download https://oss.sonatype.org/content/repositories/snapshots/io/monix/monix-eval_2.12/3.2.0/monix-eval_2.12-3.2.0.pom.sha1
2026.01.15 23:30:09 INFO  BSP server: Downloading https://s01.oss.sonatype.org/content/repositories/snapshots/io/monix/monix-reactive_2.12/3.2.0/monix-reactive_2.12-3.2.0.pom
2026.01.15 23:30:09 INFO  BSP server: Failed to download https://oss.sonatype.org/content/repositories/snapshots/org/scala-sbt/librarymanagement-ivy_2.12/1.11.6/librarymanagement-ivy_2.12-1.11.6.pom.sha1
2026.01.15 23:30:09 INFO  BSP server: Downloading https://s01.oss.sonatype.org/content/repositories/snapshots/com/github/alexarchambault/case-app-util_2.12/2.0.6/case-app-util_2.12-2.0.6.pom
2026.01.15 23:30:10 INFO  BSP server: Failed to download https://s01.oss.sonatype.org/content/repositories/snapshots/org/zeroturnaround/zt-zip/1.17/zt-zip-1.17.pom
2026.01.15 23:30:10 INFO  BSP server: Downloading https://s01.oss.sonatype.org/content/repositories/snapshots/io/get-coursier/util/directories-jni/0.1.2/directories-jni-0.1.2.pom
2026.01.15 23:30:10 INFO  BSP server: Failed to download https://s01.oss.sonatype.org/content/repositories/snapshots/org/apache/logging/log4j/log4j-core/2.23.0/log4j-core-2.23.0.pom
2026.01.15 23:30:10 INFO  BSP server: Downloading https://s01.oss.sonatype.org/content/repositories/snapshots/org/scala-sbt/test-agent/1.11.7/test-agent-1.11.7.pom
2026.01.15 23:30:10 INFO  BSP server: Failed to download https://s01.oss.sonatype.org/content/repositories/snapshots/net/java/dev/jna/jna/5.18.1/jna-5.18.1.pom
2026.01.15 23:30:10 INFO  BSP server: Downloading https://s01.oss.sonatype.org/content/repositories/snapshots/com/lihaoyi/pprint_2.12/0.9.4/pprint_2.12-0.9.4.pom
2026.01.15 23:30:10 INFO  BSP server: Failed to download https://s01.oss.sonatype.org/content/repositories/snapshots/org/scala-sbt/zinc_2.12/1.11.0/zinc_2.12-1.11.0.pom
2026.01.15 23:30:10 INFO  BSP server: Downloading https://s01.oss.sonatype.org/content/repositories/snapshots/ch/epfl/scala/bsp4s_2.12/2.1.1/bsp4s_2.12-2.1.1.pom
2026.01.15 23:30:10 INFO  BSP server: Failed to download https://s01.oss.sonatype.org/content/repositories/snapshots/com/github/alexarchambault/case-app-util_2.12/2.0.6/case-app-util_2.12-2.0.6.pom
2026.01.15 23:30:10 INFO  BSP server: Downloading https://s01.oss.sonatype.org/content/repositories/snapshots/org/scalameta/parsers_2.12/4.13.8/parsers_2.12-4.13.8.pom
2026.01.15 23:30:10 INFO  BSP server: Failed to download https://s01.oss.sonatype.org/content/repositories/snapshots/io/monix/monix-reactive_2.12/3.2.0/monix-reactive_2.12-3.2.0.pom
2026.01.15 23:30:10 INFO  BSP server: Downloading https://s01.oss.sonatype.org/content/repositories/snapshots/io/github/alexarchambault/bleep/nailgun-server/1.0.7/nailgun-server-1.0.7.pom
2026.01.15 23:30:11 INFO  BSP server: Failed to download https://s01.oss.sonatype.org/content/repositories/snapshots/com/lihaoyi/pprint_2.12/0.9.4/pprint_2.12-0.9.4.pom
2026.01.15 23:30:11 INFO  BSP server: Failed to download https://s01.oss.sonatype.org/content/repositories/snapshots/io/get-coursier/util/directories-jni/0.1.2/directories-jni-0.1.2.pom
2026.01.15 23:30:11 INFO  BSP server: Downloading https://s01.oss.sonatype.org/content/repositories/snapshots/io/monix/monix-execution_2.12/3.2.0/monix-execution_2.12-3.2.0.pom
2026.01.15 23:30:11 INFO  BSP server: Downloading https://s01.oss.sonatype.org/content/repositories/snapshots/net/jpountz/lz4/lz4/1.3.0/lz4-1.3.0.pom
2026.01.15 23:30:11 INFO  BSP server: Failed to download https://s01.oss.sonatype.org/content/repositories/snapshots/ch/epfl/scala/bsp4s_2.12/2.1.1/bsp4s_2.12-2.1.1.pom
2026.01.15 23:30:11 INFO  BSP server: Downloading https://s01.oss.sonatype.org/content/repositories/snapshots/com/github/plokhotnyuk/jsoniter-scala/jsoniter-scala-macros_2.12/2.13.3.2/jsoniter-scala-macros_2.12-2.13.3.2.pom
2026.01.15 23:30:11 INFO  BSP server: Failed to download https://s01.oss.sonatype.org/content/repositories/snapshots/org/scala-sbt/test-agent/1.11.7/test-agent-1.11.7.pom
2026.01.15 23:30:11 INFO  BSP server: Downloading https://s01.oss.sonatype.org/content/repositories/snapshots/org/scala-lang/modules/scala-collection-compat_2.12/2.13.0/scala-collection-compat_2.12-2.13.0.pom
2026.01.15 23:30:11 INFO  BSP server: Failed to download https://s01.oss.sonatype.org/content/repositories/snapshots/io/github/alexarchambault/bleep/nailgun-server/1.0.7/nailgun-server-1.0.7.pom
2026.01.15 23:30:11 INFO  BSP server: Downloading https://s01.oss.sonatype.org/content/repositories/snapshots/io/github/alexarchambault/bleep/jsonrpc4s_2.12/0.1.1/jsonrpc4s_2.12-0.1.1.pom
2026.01.15 23:30:11 INFO  BSP server: Failed to download https://s01.oss.sonatype.org/content/repositories/snapshots/org/scalameta/parsers_2.12/4.13.8/parsers_2.12-4.13.8.pom
2026.01.15 23:30:11 INFO  BSP server: Downloading https://s01.oss.sonatype.org/content/repositories/snapshots/com/lihaoyi/unroll-annotation_2.12/0.1.12/unroll-annotation_2.12-0.1.12.pom
2026.01.15 23:30:11 INFO  BSP server: Failed to download https://s01.oss.sonatype.org/content/repositories/snapshots/io/monix/monix-execution_2.12/3.2.0/monix-execution_2.12-3.2.0.pom
2026.01.15 23:30:11 INFO  BSP server: Downloading https://s01.oss.sonatype.org/content/repositories/snapshots/org/zeroturnaround/zt-zip/1.17/zt-zip-1.17.pom.sha1
2026.01.15 23:30:12 INFO  BSP server: Failed to download https://s01.oss.sonatype.org/content/repositories/snapshots/com/github/plokhotnyuk/jsoniter-scala/jsoniter-scala-macros_2.12/2.13.3.2/jsoniter-scala-macros_2.12-2.13.3.2.pom
2026.01.15 23:30:12 INFO  BSP server: Downloading https://s01.oss.sonatype.org/content/repositories/snapshots/org/apache/logging/log4j/log4j-core/2.23.0/log4j-core-2.23.0.pom.sha1
2026.01.15 23:30:12 INFO  BSP server: Failed to download https://s01.oss.sonatype.org/content/repositories/snapshots/net/jpountz/lz4/lz4/1.3.0/lz4-1.3.0.pom
2026.01.15 23:30:12 INFO  BSP server: Downloading https://s01.oss.sonatype.org/content/repositories/snapshots/net/java/dev/jna/jna/5.18.1/jna-5.18.1.pom.sha1
2026.01.15 23:30:12 INFO  BSP server: Failed to download https://s01.oss.sonatype.org/content/repositories/snapshots/org/scala-lang/modules/scala-collection-compat_2.12/2.13.0/scala-collection-compat_2.12-2.13.0.pom
2026.01.15 23:30:12 INFO  BSP server: Downloading https://s01.oss.sonatype.org/content/repositories/snapshots/io/monix/monix-java_2.12/3.2.0/monix-java_2.12-3.2.0.pom
2026.01.15 23:30:12 INFO  BSP server: Failed to download https://s01.oss.sonatype.org/content/repositories/snapshots/io/github/alexarchambault/bleep/jsonrpc4s_2.12/0.1.1/jsonrpc4s_2.12-0.1.1.pom
2026.01.15 23:30:12 INFO  BSP server: Downloading https://s01.oss.sonatype.org/content/repositories/snapshots/org/scala-sbt/zinc_2.12/1.11.0/zinc_2.12-1.11.0.pom.sha1
2026.01.15 23:30:12 INFO  BSP server: Failed to download https://s01.oss.sonatype.org/content/repositories/snapshots/com/lihaoyi/unroll-annotation_2.12/0.1.12/unroll-annotation_2.12-0.1.12.pom
2026.01.15 23:30:12 INFO  BSP server: Downloading https://s01.oss.sonatype.org/content/repositories/snapshots/com/github/alexarchambault/case-app-util_2.12/2.0.6/case-app-util_2.12-2.0.6.pom.sha1
2026.01.15 23:30:12 INFO  BSP server: Failed to download https://s01.oss.sonatype.org/content/repositories/snapshots/org/zeroturnaround/zt-zip/1.17/zt-zip-1.17.pom.sha1
2026.01.15 23:30:12 INFO  BSP server: Downloading https://s01.oss.sonatype.org/content/repositories/snapshots/io/monix/monix-reactive_2.12/3.2.0/monix-reactive_2.12-3.2.0.pom.sha1
2026.01.15 23:30:12 INFO  BSP server: Failed to download https://s01.oss.sonatype.org/content/repositories/snapshots/io/monix/monix-java_2.12/3.2.0/monix-java_2.12-3.2.0.pom
2026.01.15 23:30:12 INFO  BSP server: Downloading https://s01.oss.sonatype.org/content/repositories/snapshots/com/lihaoyi/pprint_2.12/0.9.4/pprint_2.12-0.9.4.pom.sha1
2026.01.15 23:30:12 INFO  BSP server: Failed to download https://s01.oss.sonatype.org/content/repositories/snapshots/net/java/dev/jna/jna/5.18.1/jna-5.18.1.pom.sha1
2026.01.15 23:30:12 INFO  BSP server: Downloading https://s01.oss.sonatype.org/content/repositories/snapshots/io/get-coursier/util/directories-jni/0.1.2/directories-jni-0.1.2.pom.sha1
2026.01.15 23:30:12 INFO  BSP server: Failed to download https://s01.oss.sonatype.org/content/repositories/snapshots/org/apache/logging/log4j/log4j-core/2.23.0/log4j-core-2.23.0.pom.sha1
2026.01.15 23:30:12 INFO  BSP server: Downloading https://s01.oss.sonatype.org/content/repositories/snapshots/com/github/alexarchambault/case-app-annotations_2.12/2.0.6/case-app-annotations_2.12-2.0.6.pom
2026.01.15 23:30:12 INFO  BSP server: Failed to download https://s01.oss.sonatype.org/content/repositories/snapshots/org/scala-sbt/zinc_2.12/1.11.0/zinc_2.12-1.11.0.pom.sha1
2026.01.15 23:30:12 INFO  BSP server: Downloading https://s01.oss.sonatype.org/content/repositories/snapshots/com/github/plokhotnyuk/jsoniter-scala/jsoniter-scala-core_2.12/2.13.5.2/jsoniter-scala-core_2.12-2.13.5.2.pom
2026.01.15 23:30:13 INFO  BSP server: Failed to download https://s01.oss.sonatype.org/content/repositories/snapshots/com/github/alexarchambault/case-app-util_2.12/2.0.6/case-app-util_2.12-2.0.6.pom.sha1
2026.01.15 23:30:13 INFO  BSP server: Downloading https://s01.oss.sonatype.org/content/repositories/snapshots/io/monix/monix-catnap_2.12/3.2.0/monix-catnap_2.12-3.2.0.pom
2026.01.15 23:30:13 INFO  BSP server: Failed to download https://s01.oss.sonatype.org/content/repositories/snapshots/io/get-coursier/util/directories-jni/0.1.2/directories-jni-0.1.2.pom.sha1
2026.01.15 23:30:13 INFO  BSP server: Downloading https://s01.oss.sonatype.org/content/repositories/snapshots/org/ow2/asm/asm-util/9.9/asm-util-9.9.pom
2026.01.15 23:30:13 INFO  BSP server: Failed to download https://s01.oss.sonatype.org/content/repositories/snapshots/io/monix/monix-reactive_2.12/3.2.0/monix-reactive_2.12-3.2.0.pom.sha1
2026.01.15 23:30:13 INFO  BSP server: Downloading https://s01.oss.sonatype.org/content/repositories/snapshots/io/zipkin/reporter2/zipkin-sender-urlconnection/2.17.2/zipkin-sender-urlconnection-2.17.2.pom
2026.01.15 23:30:13 INFO  BSP server: Failed to download https://s01.oss.sonatype.org/content/repositories/snapshots/com/lihaoyi/pprint_2.12/0.9.4/pprint_2.12-0.9.4.pom.sha1
2026.01.15 23:30:13 INFO  BSP server: Downloading https://s01.oss.sonatype.org/content/repositories/snapshots/ch/epfl/scala/directory-watcher/0.8.0+6-f651bd93/directory-watcher-0.8.0+6-f651bd93.pom
2026.01.15 23:30:13 INFO  BSP server: Failed to download https://s01.oss.sonatype.org/content/repositories/snapshots/com/github/plokhotnyuk/jsoniter-scala/jsoniter-scala-core_2.12/2.13.5.2/jsoniter-scala-core_2.12-2.13.5.2.pom
2026.01.15 23:30:13 INFO  BSP server: Downloading https://s01.oss.sonatype.org/content/repositories/snapshots/ch/epfl/scala/bsp4s_2.12/2.1.1/bsp4s_2.12-2.1.1.pom.sha1
2026.01.15 23:30:13 INFO  BSP server: Failed to download https://s01.oss.sonatype.org/content/repositories/snapshots/com/github/alexarchambault/case-app-annotations_2.12/2.0.6/case-app-annotations_2.12-2.0.6.pom
2026.01.15 23:30:13 INFO  BSP server: Downloading https://s01.oss.sonatype.org/content/repositories/snapshots/org/scala-sbt/test-agent/1.11.7/test-agent-1.11.7.pom.sha1
2026.01.15 23:30:13 INFO  BSP server: Failed to download https://s01.oss.sonatype.org/content/repositories/snapshots/io/monix/monix-catnap_2.12/3.2.0/monix-catnap_2.12-3.2.0.pom
2026.01.15 23:30:13 INFO  BSP server: Downloading https://s01.oss.sonatype.org/content/repositories/snapshots/io/github/alexarchambault/bleep/nailgun-server/1.0.7/nailgun-server-1.0.7.pom.sha1
2026.01.15 23:30:14 INFO  BSP server: Failed to download https://s01.oss.sonatype.org/content/repositories/snapshots/ch/epfl/scala/directory-watcher/0.8.0+6-f651bd93/directory-watcher-0.8.0+6-f651bd93.pom
2026.01.15 23:30:14 INFO  BSP server: Downloading https://s01.oss.sonatype.org/content/repositories/snapshots/org/scalameta/parsers_2.12/4.13.8/parsers_2.12-4.13.8.pom.sha1
2026.01.15 23:30:14 INFO  BSP server: Failed to download https://s01.oss.sonatype.org/content/repositories/snapshots/io/zipkin/reporter2/zipkin-sender-urlconnection/2.17.2/zipkin-sender-urlconnection-2.17.2.pom
2026.01.15 23:30:14 INFO  BSP server: Downloading https://s01.oss.sonatype.org/content/repositories/snapshots/io/monix/monix-execution_2.12/3.2.0/monix-execution_2.12-3.2.0.pom.sha1
2026.01.15 23:30:14 INFO  BSP server: Failed to download https://s01.oss.sonatype.org/content/repositories/snapshots/org/scala-sbt/test-agent/1.11.7/test-agent-1.11.7.pom.sha1
2026.01.15 23:30:14 INFO  BSP server: Downloading https://s01.oss.sonatype.org/content/repositories/snapshots/org/scala-lang/scala-reflect/2.12.20/scala-reflect-2.12.20.pom
2026.01.15 23:30:14 INFO  BSP server: Failed to download https://s01.oss.sonatype.org/content/repositories/snapshots/ch/epfl/scala/bsp4s_2.12/2.1.1/bsp4s_2.12-2.1.1.pom.sha1
2026.01.15 23:30:14 INFO  BSP server: Downloading https://s01.oss.sonatype.org/content/repositories/snapshots/com/github/plokhotnyuk/jsoniter-scala/jsoniter-scala-macros_2.12/2.13.3.2/jsoniter-scala-macros_2.12-2.13.3.2.pom.sha1
2026.01.15 23:30:14 INFO  BSP server: Failed to download https://s01.oss.sonatype.org/content/repositories/snapshots/io/github/alexarchambault/bleep/nailgun-server/1.0.7/nailgun-server-1.0.7.pom.sha1
2026.01.15 23:30:14 INFO  BSP server: Downloading https://s01.oss.sonatype.org/content/repositories/snapshots/net/jpountz/lz4/lz4/1.3.0/lz4-1.3.0.pom.sha1
2026.01.15 23:30:14 INFO  BSP server: Failed to download https://s01.oss.sonatype.org/content/repositories/snapshots/org/ow2/asm/asm-util/9.9/asm-util-9.9.pom
2026.01.15 23:30:14 INFO  BSP server: Downloading https://s01.oss.sonatype.org/content/repositories/snapshots/org/scala-lang/modules/scala-collection-compat_2.12/2.13.0/scala-collection-compat_2.12-2.13.0.pom.sha1
2026.01.15 23:30:14 INFO  BSP server: Failed to download https://s01.oss.sonatype.org/content/repositories/snapshots/io/monix/monix-execution_2.12/3.2.0/monix-execution_2.12-3.2.0.pom.sha1
2026.01.15 23:30:14 INFO  BSP server: Downloading https://s01.oss.sonatype.org/content/repositories/snapshots/io/github/alexarchambault/bleep/jsonrpc4s_2.12/0.1.1/jsonrpc4s_2.12-0.1.1.pom.sha1
2026.01.15 23:30:14 INFO  BSP server: Failed to download https://s01.oss.sonatype.org/content/repositories/snapshots/org/scalameta/parsers_2.12/4.13.8/parsers_2.12-4.13.8.pom.sha1
2026.01.15 23:30:14 INFO  BSP server: Downloading https://s01.oss.sonatype.org/content/repositories/snapshots/com/lihaoyi/unroll-annotation_2.12/0.1.12/unroll-annotation_2.12-0.1.12.pom.sha1
2026.01.15 23:30:14 INFO  BSP server: Failed to download https://s01.oss.sonatype.org/content/repositories/snapshots/org/scala-lang/scala-reflect/2.12.20/scala-reflect-2.12.20.pom
2026.01.15 23:30:14 INFO  BSP server: Downloading https://s01.oss.sonatype.org/content/repositories/snapshots/io/monix/monix-java_2.12/3.2.0/monix-java_2.12-3.2.0.pom.sha1
2026.01.15 23:30:15 INFO  BSP server: Failed to download https://s01.oss.sonatype.org/content/repositories/snapshots/com/github/plokhotnyuk/jsoniter-scala/jsoniter-scala-macros_2.12/2.13.3.2/jsoniter-scala-macros_2.12-2.13.3.2.pom.sha1
2026.01.15 23:30:15 INFO  BSP server: Downloading https://s01.oss.sonatype.org/content/repositories/snapshots/io/zipkin/brave/brave/5.18.1/brave-5.18.1.pom
2026.01.15 23:30:15 INFO  BSP server: Failed to download https://s01.oss.sonatype.org/content/repositories/snapshots/net/jpountz/lz4/lz4/1.3.0/lz4-1.3.0.pom.sha1
2026.01.15 23:30:15 INFO  BSP server: Downloading https://s01.oss.sonatype.org/content/repositories/snapshots/com/lihaoyi/sourcecode_2.12/0.4.4/sourcecode_2.12-0.4.4.pom
2026.01.15 23:30:15 INFO  BSP server: Failed to download https://s01.oss.sonatype.org/content/repositories/snapshots/com/lihaoyi/unroll-annotation_2.12/0.1.12/unroll-annotation_2.12-0.1.12.pom.sha1
2026.01.15 23:30:15 INFO  BSP server: Downloading https://s01.oss.sonatype.org/content/repositories/snapshots/io/monix/monix-tail_2.12/3.2.0/monix-tail_2.12-3.2.0.pom
2026.01.15 23:30:15 INFO  BSP server: Failed to download https://s01.oss.sonatype.org/content/repositories/snapshots/io/github/alexarchambault/bleep/jsonrpc4s_2.12/0.1.1/jsonrpc4s_2.12-0.1.1.pom.sha1
2026.01.15 23:30:15 INFO  BSP server: Downloading https://s01.oss.sonatype.org/content/repositories/snapshots/ch/qos/logback/logback-core/1.5.21/logback-core-1.5.21.pom
2026.01.15 23:30:15 INFO  BSP server: Failed to download https://s01.oss.sonatype.org/content/repositories/snapshots/org/scala-lang/modules/scala-collection-compat_2.12/2.13.0/scala-collection-compat_2.12-2.13.0.pom.sha1
2026.01.15 23:30:15 INFO  BSP server: Downloading https://s01.oss.sonatype.org/content/repositories/snapshots/io/monix/monix-eval_2.12/3.2.0/monix-eval_2.12-3.2.0.pom
2026.01.15 23:30:15 INFO  BSP server: Failed to download https://s01.oss.sonatype.org/content/repositories/snapshots/io/monix/monix-java_2.12/3.2.0/monix-java_2.12-3.2.0.pom.sha1
2026.01.15 23:30:15 INFO  BSP server: Downloading https://s01.oss.sonatype.org/content/repositories/snapshots/org/scala-sbt/librarymanagement-ivy_2.12/1.11.6/librarymanagement-ivy_2.12-1.11.6.pom
2026.01.15 23:30:15 INFO  BSP server: Failed to download https://s01.oss.sonatype.org/content/repositories/snapshots/io/zipkin/brave/brave/5.18.1/brave-5.18.1.pom
2026.01.15 23:30:15 INFO  BSP server: Downloading https://s01.oss.sonatype.org/content/repositories/snapshots/com/github/plokhotnyuk/jsoniter-scala/jsoniter-scala-core_2.12/2.13.5.2/jsoniter-scala-core_2.12-2.13.5.2.pom.sha1
2026.01.15 23:30:15 INFO  BSP server: Failed to download https://s01.oss.sonatype.org/content/repositories/snapshots/com/lihaoyi/sourcecode_2.12/0.4.4/sourcecode_2.12-0.4.4.pom
2026.01.15 23:30:15 INFO  BSP server: Downloading https://s01.oss.sonatype.org/content/repositories/snapshots/com/github/alexarchambault/case-app-annotations_2.12/2.0.6/case-app-annotations_2.12-2.0.6.pom.sha1
2026.01.15 23:30:16 INFO  BSP server: Failed to download https://s01.oss.sonatype.org/content/repositories/snapshots/ch/qos/logback/logback-core/1.5.21/logback-core-1.5.21.pom
2026.01.15 23:30:16 INFO  BSP server: Downloading https://s01.oss.sonatype.org/content/repositories/snapshots/io/monix/monix-catnap_2.12/3.2.0/monix-catnap_2.12-3.2.0.pom.sha1
2026.01.15 23:30:16 INFO  BSP server: Failed to download https://s01.oss.sonatype.org/content/repositories/snapshots/io/monix/monix-eval_2.12/3.2.0/monix-eval_2.12-3.2.0.pom
2026.01.15 23:30:16 INFO  BSP server: Downloading https://s01.oss.sonatype.org/content/repositories/snapshots/ch/epfl/scala/directory-watcher/0.8.0+6-f651bd93/directory-watcher-0.8.0+6-f651bd93.pom.sha1
2026.01.15 23:30:16 INFO  BSP server: Failed to download https://s01.oss.sonatype.org/content/repositories/snapshots/io/monix/monix-tail_2.12/3.2.0/monix-tail_2.12-3.2.0.pom
2026.01.15 23:30:16 INFO  BSP server: Downloading https://s01.oss.sonatype.org/content/repositories/snapshots/io/zipkin/reporter2/zipkin-sender-urlconnection/2.17.2/zipkin-sender-urlconnection-2.17.2.pom.sha1
2026.01.15 23:30:16 INFO  BSP server: Failed to download https://s01.oss.sonatype.org/content/repositories/snapshots/org/scala-sbt/librarymanagement-ivy_2.12/1.11.6/librarymanagement-ivy_2.12-1.11.6.pom
2026.01.15 23:30:16 INFO  BSP server: Downloading https://s01.oss.sonatype.org/content/repositories/snapshots/org/ow2/asm/asm-util/9.9/asm-util-9.9.pom.sha1
2026.01.15 23:30:16 INFO  BSP server: Failed to download https://s01.oss.sonatype.org/content/repositories/snapshots/com/github/alexarchambault/case-app-annotations_2.12/2.0.6/case-app-annotations_2.12-2.0.6.pom.sha1
2026.01.15 23:30:16 INFO  BSP server: Downloading https://s01.oss.sonatype.org/content/repositories/snapshots/org/scala-lang/scala-reflect/2.12.20/scala-reflect-2.12.20.pom.sha1
2026.01.15 23:30:16 INFO  BSP server: Failed to download https://s01.oss.sonatype.org/content/repositories/snapshots/com/github/plokhotnyuk/jsoniter-scala/jsoniter-scala-core_2.12/2.13.5.2/jsoniter-scala-core_2.12-2.13.5.2.pom.sha1
2026.01.15 23:30:16 INFO  BSP server: Downloading https://s01.oss.sonatype.org/content/repositories/snapshots/io/zipkin/brave/brave/5.18.1/brave-5.18.1.pom.sha1
2026.01.15 23:30:16 INFO  BSP server: Failed to download https://s01.oss.sonatype.org/content/repositories/snapshots/io/monix/monix-catnap_2.12/3.2.0/monix-catnap_2.12-3.2.0.pom.sha1
2026.01.15 23:30:16 INFO  BSP server: Downloading https://s01.oss.sonatype.org/content/repositories/snapshots/com/lihaoyi/sourcecode_2.12/0.4.4/sourcecode_2.12-0.4.4.pom.sha1
2026.01.15 23:30:16 INFO  BSP server: Failed to download https://s01.oss.sonatype.org/content/repositories/snapshots/ch/epfl/scala/directory-watcher/0.8.0+6-f651bd93/directory-watcher-0.8.0+6-f651bd93.pom.sha1
2026.01.15 23:30:16 INFO  BSP server: Downloading https://s01.oss.sonatype.org/content/repositories/snapshots/ch/qos/logback/logback-core/1.5.21/logback-core-1.5.21.pom.sha1
2026.01.15 23:30:16 INFO  BSP server: Failed to download https://s01.oss.sonatype.org/content/repositories/snapshots/io/zipkin/reporter2/zipkin-sender-urlconnection/2.17.2/zipkin-sender-urlconnection-2.17.2.pom.sha1
2026.01.15 23:30:16 INFO  BSP server: Downloading https://s01.oss.sonatype.org/content/repositories/snapshots/io/monix/monix-eval_2.12/3.2.0/monix-eval_2.12-3.2.0.pom.sha1
2026.01.15 23:30:17 INFO  BSP server: Failed to download https://s01.oss.sonatype.org/content/repositories/snapshots/org/scala-lang/scala-reflect/2.12.20/scala-reflect-2.12.20.pom.sha1
2026.01.15 23:30:17 INFO  BSP server: Downloading https://s01.oss.sonatype.org/content/repositories/snapshots/io/monix/monix-tail_2.12/3.2.0/monix-tail_2.12-3.2.0.pom.sha1
2026.01.15 23:30:17 INFO  BSP server: Failed to download https://s01.oss.sonatype.org/content/repositories/snapshots/org/ow2/asm/asm-util/9.9/asm-util-9.9.pom.sha1
2026.01.15 23:30:17 INFO  BSP server: Downloading https://s01.oss.sonatype.org/content/repositories/snapshots/org/scala-sbt/librarymanagement-ivy_2.12/1.11.6/librarymanagement-ivy_2.12-1.11.6.pom.sha1
2026.01.15 23:30:17 INFO  BSP server: Failed to download https://s01.oss.sonatype.org/content/repositories/snapshots/io/zipkin/brave/brave/5.18.1/brave-5.18.1.pom.sha1
2026.01.15 23:30:17 INFO  BSP server: Downloading https://central.sonatype.com/repository/maven-snapshots/org/zeroturnaround/zt-zip/1.17/zt-zip-1.17.pom
2026.01.15 23:30:17 INFO  BSP server: Failed to download https://s01.oss.sonatype.org/content/repositories/snapshots/ch/qos/logback/logback-core/1.5.21/logback-core-1.5.21.pom.sha1
2026.01.15 23:30:17 INFO  BSP server: Downloading https://central.sonatype.com/repository/maven-snapshots/net/java/dev/jna/jna/5.18.1/jna-5.18.1.pom
2026.01.15 23:30:17 INFO  BSP server: Failed to download https://s01.oss.sonatype.org/content/repositories/snapshots/com/lihaoyi/sourcecode_2.12/0.4.4/sourcecode_2.12-0.4.4.pom.sha1
2026.01.15 23:30:17 INFO  BSP server: Downloading https://central.sonatype.com/repository/maven-snapshots/org/apache/logging/log4j/log4j-core/2.23.0/log4j-core-2.23.0.pom
2026.01.15 23:30:17 INFO  BSP server: Failed to download https://s01.oss.sonatype.org/content/repositories/snapshots/io/monix/monix-eval_2.12/3.2.0/monix-eval_2.12-3.2.0.pom.sha1
2026.01.15 23:30:17 INFO  BSP server: Downloading https://central.sonatype.com/repository/maven-snapshots/org/scala-sbt/zinc_2.12/1.11.0/zinc_2.12-1.11.0.pom
2026.01.15 23:30:17 INFO  BSP server: Failed to download https://s01.oss.sonatype.org/content/repositories/snapshots/io/monix/monix-tail_2.12/3.2.0/monix-tail_2.12-3.2.0.pom.sha1
2026.01.15 23:30:17 INFO  BSP server: Downloading https://central.sonatype.com/repository/maven-snapshots/com/github/alexarchambault/case-app-util_2.12/2.0.6/case-app-util_2.12-2.0.6.pom
2026.01.15 23:30:17 INFO  BSP server: Failed to download https://s01.oss.sonatype.org/content/repositories/snapshots/org/scala-sbt/librarymanagement-ivy_2.12/1.11.6/librarymanagement-ivy_2.12-1.11.6.pom.sha1
2026.01.15 23:30:17 INFO  BSP server: Downloading https://central.sonatype.com/repository/maven-snapshots/io/get-coursier/util/directories-jni/0.1.2/directories-jni-0.1.2.pom
2026.01.15 23:30:18 INFO  BSP server: Failed to download https://central.sonatype.com/repository/maven-snapshots/org/zeroturnaround/zt-zip/1.17/zt-zip-1.17.pom
2026.01.15 23:30:18 INFO  BSP server: Downloading https://central.sonatype.com/repository/maven-snapshots/io/monix/monix-reactive_2.12/3.2.0/monix-reactive_2.12-3.2.0.pom
2026.01.15 23:30:18 INFO  BSP server: Failed to download https://central.sonatype.com/repository/maven-snapshots/net/java/dev/jna/jna/5.18.1/jna-5.18.1.pom
2026.01.15 23:30:18 INFO  BSP server: Downloading https://central.sonatype.com/repository/maven-snapshots/com/lihaoyi/pprint_2.12/0.9.4/pprint_2.12-0.9.4.pom
2026.01.15 23:30:18 INFO  BSP server: Failed to download https://central.sonatype.com/repository/maven-snapshots/org/apache/logging/log4j/log4j-core/2.23.0/log4j-core-2.23.0.pom
2026.01.15 23:30:18 INFO  BSP server: Downloading https://central.sonatype.com/repository/maven-snapshots/org/scala-sbt/test-agent/1.11.7/test-agent-1.11.7.pom
2026.01.15 23:30:18 INFO  BSP server: Failed to download https://central.sonatype.com/repository/maven-snapshots/org/scala-sbt/zinc_2.12/1.11.0/zinc_2.12-1.11.0.pom
2026.01.15 23:30:18 INFO  BSP server: Downloading https://central.sonatype.com/repository/maven-snapshots/ch/epfl/scala/bsp4s_2.12/2.1.1/bsp4s_2.12-2.1.1.pom
2026.01.15 23:30:18 INFO  BSP server: Failed to download https://central.sonatype.com/repository/maven-snapshots/com/github/alexarchambault/case-app-util_2.12/2.0.6/case-app-util_2.12-2.0.6.pom
2026.01.15 23:30:18 INFO  BSP server: Downloading https://central.sonatype.com/repository/maven-snapshots/io/github/alexarchambault/bleep/nailgun-server/1.0.7/nailgun-server-1.0.7.pom
2026.01.15 23:30:18 INFO  BSP server: Failed to download https://central.sonatype.com/repository/maven-snapshots/io/get-coursier/util/directories-jni/0.1.2/directories-jni-0.1.2.pom
2026.01.15 23:30:18 INFO  BSP server: Downloading https://central.sonatype.com/repository/maven-snapshots/io/monix/monix-execution_2.12/3.2.0/monix-execution_2.12-3.2.0.pom
2026.01.15 23:30:18 INFO  BSP server: Failed to download https://central.sonatype.com/repository/maven-snapshots/io/monix/monix-reactive_2.12/3.2.0/monix-reactive_2.12-3.2.0.pom
2026.01.15 23:30:18 INFO  BSP server: Downloading https://central.sonatype.com/repository/maven-snapshots/org/scalameta/parsers_2.12/4.13.8/parsers_2.12-4.13.8.pom
2026.01.15 23:30:18 INFO  BSP server: Failed to download https://central.sonatype.com/repository/maven-snapshots/com/lihaoyi/pprint_2.12/0.9.4/pprint_2.12-0.9.4.pom
2026.01.15 23:30:18 INFO  BSP server: Downloading https://central.sonatype.com/repository/maven-snapshots/com/github/plokhotnyuk/jsoniter-scala/jsoniter-scala-macros_2.12/2.13.3.2/jsoniter-scala-macros_2.12-2.13.3.2.pom
2026.01.15 23:30:18 INFO  BSP server: Failed to download https://central.sonatype.com/repository/maven-snapshots/org/scala-sbt/test-agent/1.11.7/test-agent-1.11.7.pom
2026.01.15 23:30:18 INFO  BSP server: Downloading https://central.sonatype.com/repository/maven-snapshots/net/jpountz/lz4/lz4/1.3.0/lz4-1.3.0.pom
2026.01.15 23:30:20 INFO  BSP server: Failed to download https://central.sonatype.com/repository/maven-snapshots/io/monix/monix-execution_2.12/3.2.0/monix-execution_2.12-3.2.0.pom
2026.01.15 23:30:20 INFO  BSP server: Downloading https://central.sonatype.com/repository/maven-snapshots/com/lihaoyi/unroll-annotation_2.12/0.1.12/unroll-annotation_2.12-0.1.12.pom
2026.01.15 23:30:20 INFO  BSP server: Failed to download https://central.sonatype.com/repository/maven-snapshots/io/github/alexarchambault/bleep/nailgun-server/1.0.7/nailgun-server-1.0.7.pom
2026.01.15 23:30:20 INFO  BSP server: Downloading https://central.sonatype.com/repository/maven-snapshots/org/zeroturnaround/zt-zip/1.17/zt-zip-1.17.pom.sha1
2026.01.15 23:30:20 INFO  BSP server: Failed to download https://central.sonatype.com/repository/maven-snapshots/org/scalameta/parsers_2.12/4.13.8/parsers_2.12-4.13.8.pom
2026.01.15 23:30:20 INFO  BSP server: Downloading https://central.sonatype.com/repository/maven-snapshots/io/github/alexarchambault/bleep/jsonrpc4s_2.12/0.1.1/jsonrpc4s_2.12-0.1.1.pom
2026.01.15 23:30:20 INFO  BSP server: Failed to download https://central.sonatype.com/repository/maven-snapshots/net/jpountz/lz4/lz4/1.3.0/lz4-1.3.0.pom
2026.01.15 23:30:20 INFO  BSP server: Failed to download https://central.sonatype.com/repository/maven-snapshots/com/github/plokhotnyuk/jsoniter-scala/jsoniter-scala-macros_2.12/2.13.3.2/jsoniter-scala-macros_2.12-2.13.3.2.pom
2026.01.15 23:30:20 INFO  BSP server: Downloading https://central.sonatype.com/repository/maven-snapshots/org/scala-lang/modules/scala-collection-compat_2.12/2.13.0/scala-collection-compat_2.12-2.13.0.pom
2026.01.15 23:30:20 INFO  BSP server: Downloading https://central.sonatype.com/repository/maven-snapshots/io/monix/monix-java_2.12/3.2.0/monix-java_2.12-3.2.0.pom
2026.01.15 23:30:20 INFO  BSP server: Failed to download https://central.sonatype.com/repository/maven-snapshots/org/zeroturnaround/zt-zip/1.17/zt-zip-1.17.pom.sha1
2026.01.15 23:30:20 INFO  BSP server: Downloading https://central.sonatype.com/repository/maven-snapshots/net/java/dev/jna/jna/5.18.1/jna-5.18.1.pom.sha1
2026.01.15 23:30:20 INFO  BSP server: Failed to download https://central.sonatype.com/repository/maven-snapshots/com/lihaoyi/unroll-annotation_2.12/0.1.12/unroll-annotation_2.12-0.1.12.pom
2026.01.15 23:30:20 INFO  BSP server: Downloading https://central.sonatype.com/repository/maven-snapshots/org/apache/logging/log4j/log4j-core/2.23.0/log4j-core-2.23.0.pom.sha1
2026.01.15 23:30:21 INFO  BSP server: Failed to download https://central.sonatype.com/repository/maven-snapshots/io/github/alexarchambault/bleep/jsonrpc4s_2.12/0.1.1/jsonrpc4s_2.12-0.1.1.pom
2026.01.15 23:30:21 INFO  BSP server: Downloading https://central.sonatype.com/repository/maven-snapshots/org/scala-sbt/zinc_2.12/1.11.0/zinc_2.12-1.11.0.pom.sha1
2026.01.15 23:30:21 INFO  BSP server: Failed to download https://central.sonatype.com/repository/maven-snapshots/io/monix/monix-java_2.12/3.2.0/monix-java_2.12-3.2.0.pom
2026.01.15 23:30:21 INFO  BSP server: Downloading https://central.sonatype.com/repository/maven-snapshots/com/github/alexarchambault/case-app-util_2.12/2.0.6/case-app-util_2.12-2.0.6.pom.sha1
2026.01.15 23:30:21 INFO  BSP server: Failed to download https://central.sonatype.com/repository/maven-snapshots/org/scala-lang/modules/scala-collection-compat_2.12/2.13.0/scala-collection-compat_2.12-2.13.0.pom
2026.01.15 23:30:21 INFO  BSP server: Downloading https://central.sonatype.com/repository/maven-snapshots/io/get-coursier/util/directories-jni/0.1.2/directories-jni-0.1.2.pom.sha1
2026.01.15 23:30:24 INFO  BSP server: Failed to download https://central.sonatype.com/repository/maven-snapshots/net/java/dev/jna/jna/5.18.1/jna-5.18.1.pom.sha1
2026.01.15 23:30:24 INFO  BSP server: Downloading https://central.sonatype.com/repository/maven-snapshots/com/github/alexarchambault/case-app-annotations_2.12/2.0.6/case-app-annotations_2.12-2.0.6.pom
2026.01.15 23:30:24 INFO  BSP server: Failed to download https://central.sonatype.com/repository/maven-snapshots/org/apache/logging/log4j/log4j-core/2.23.0/log4j-core-2.23.0.pom.sha1
2026.01.15 23:30:24 INFO  BSP server: Downloading https://central.sonatype.com/repository/maven-snapshots/io/monix/monix-reactive_2.12/3.2.0/monix-reactive_2.12-3.2.0.pom.sha1
2026.01.15 23:30:24 INFO  BSP server: Failed to download https://central.sonatype.com/repository/maven-snapshots/io/get-coursier/util/directories-jni/0.1.2/directories-jni-0.1.2.pom.sha1
2026.01.15 23:30:24 INFO  BSP server: Downloading https://central.sonatype.com/repository/maven-snapshots/com/lihaoyi/pprint_2.12/0.9.4/pprint_2.12-0.9.4.pom.sha1
2026.01.15 23:30:24 INFO  BSP server: Failed to download https://central.sonatype.com/repository/maven-snapshots/com/github/alexarchambault/case-app-util_2.12/2.0.6/case-app-util_2.12-2.0.6.pom.sha1
2026.01.15 23:30:24 INFO  BSP server: Downloading https://central.sonatype.com/repository/maven-snapshots/com/github/plokhotnyuk/jsoniter-scala/jsoniter-scala-core_2.12/2.13.5.2/jsoniter-scala-core_2.12-2.13.5.2.pom
2026.01.15 23:30:24 INFO  BSP server: Failed to download https://central.sonatype.com/repository/maven-snapshots/io/monix/monix-reactive_2.12/3.2.0/monix-reactive_2.12-3.2.0.pom.sha1
2026.01.15 23:30:24 INFO  BSP server: Downloading https://central.sonatype.com/repository/maven-snapshots/org/scala-sbt/test-agent/1.11.7/test-agent-1.11.7.pom.sha1
2026.01.15 23:30:24 INFO  BSP server: Failed to download https://central.sonatype.com/repository/maven-snapshots/com/github/alexarchambault/case-app-annotations_2.12/2.0.6/case-app-annotations_2.12-2.0.6.pom
2026.01.15 23:30:24 INFO  BSP server: Downloading https://central.sonatype.com/repository/maven-snapshots/io/monix/monix-execution_2.12/3.2.0/monix-execution_2.12-3.2.0.pom.sha1
2026.01.15 23:30:25 INFO  BSP server: Failed to download https://central.sonatype.com/repository/maven-snapshots/org/scala-sbt/zinc_2.12/1.11.0/zinc_2.12-1.11.0.pom.sha1
2026.01.15 23:30:25 INFO  BSP server: Downloading https://central.sonatype.com/repository/maven-snapshots/io/github/alexarchambault/bleep/nailgun-server/1.0.7/nailgun-server-1.0.7.pom.sha1
2026.01.15 23:30:25 INFO  BSP server: Failed to download https://central.sonatype.com/repository/maven-snapshots/com/lihaoyi/pprint_2.12/0.9.4/pprint_2.12-0.9.4.pom.sha1
2026.01.15 23:30:25 INFO  BSP server: Downloading https://central.sonatype.com/repository/maven-snapshots/org/scalameta/parsers_2.12/4.13.8/parsers_2.12-4.13.8.pom.sha1
2026.01.15 23:30:25 INFO  BSP server: Failed to download https://central.sonatype.com/repository/maven-snapshots/com/github/plokhotnyuk/jsoniter-scala/jsoniter-scala-core_2.12/2.13.5.2/jsoniter-scala-core_2.12-2.13.5.2.pom
2026.01.15 23:30:25 INFO  BSP server: Downloading https://central.sonatype.com/repository/maven-snapshots/net/jpountz/lz4/lz4/1.3.0/lz4-1.3.0.pom.sha1
2026.01.15 23:30:25 INFO  BSP server: Failed to download https://central.sonatype.com/repository/maven-snapshots/org/scala-sbt/test-agent/1.11.7/test-agent-1.11.7.pom.sha1
2026.01.15 23:30:25 INFO  BSP server: Downloading https://central.sonatype.com/repository/maven-snapshots/com/github/plokhotnyuk/jsoniter-scala/jsoniter-scala-macros_2.12/2.13.3.2/jsoniter-scala-macros_2.12-2.13.3.2.pom.sha1
2026.01.15 23:30:25 INFO  BSP server: Failed to download https://central.sonatype.com/repository/maven-snapshots/io/monix/monix-execution_2.12/3.2.0/monix-execution_2.12-3.2.0.pom.sha1
2026.01.15 23:30:25 INFO  BSP server: Downloading https://central.sonatype.com/repository/maven-snapshots/io/monix/monix-catnap_2.12/3.2.0/monix-catnap_2.12-3.2.0.pom
2026.01.15 23:30:25 INFO  BSP server: Failed to download https://central.sonatype.com/repository/maven-snapshots/io/github/alexarchambault/bleep/nailgun-server/1.0.7/nailgun-server-1.0.7.pom.sha1
2026.01.15 23:30:25 INFO  BSP server: Downloading https://central.sonatype.com/repository/maven-snapshots/com/lihaoyi/unroll-annotation_2.12/0.1.12/unroll-annotation_2.12-0.1.12.pom.sha1
2026.01.15 23:30:26 INFO  BSP server: Failed to download https://central.sonatype.com/repository/maven-snapshots/org/scalameta/parsers_2.12/4.13.8/parsers_2.12-4.13.8.pom.sha1
2026.01.15 23:30:26 INFO  BSP server: Downloading https://central.sonatype.com/repository/maven-snapshots/io/github/alexarchambault/bleep/jsonrpc4s_2.12/0.1.1/jsonrpc4s_2.12-0.1.1.pom.sha1
2026.01.15 23:30:26 INFO  BSP server: Failed to download https://central.sonatype.com/repository/maven-snapshots/net/jpountz/lz4/lz4/1.3.0/lz4-1.3.0.pom.sha1
2026.01.15 23:30:26 INFO  BSP server: Downloading https://central.sonatype.com/repository/maven-snapshots/ch/epfl/scala/directory-watcher/0.8.0+6-f651bd93/directory-watcher-0.8.0+6-f651bd93.pom
2026.01.15 23:30:26 INFO  BSP server: Failed to download https://central.sonatype.com/repository/maven-snapshots/com/github/plokhotnyuk/jsoniter-scala/jsoniter-scala-macros_2.12/2.13.3.2/jsoniter-scala-macros_2.12-2.13.3.2.pom.sha1
2026.01.15 23:30:26 INFO  BSP server: Downloading https://central.sonatype.com/repository/maven-snapshots/io/zipkin/reporter2/zipkin-sender-urlconnection/2.17.2/zipkin-sender-urlconnection-2.17.2.pom
2026.01.15 23:30:26 INFO  BSP server: Failed to download https://central.sonatype.com/repository/maven-snapshots/io/monix/monix-catnap_2.12/3.2.0/monix-catnap_2.12-3.2.0.pom
2026.01.15 23:30:26 INFO  BSP server: Downloading https://central.sonatype.com/repository/maven-snapshots/org/scala-lang/scala-reflect/2.12.20/scala-reflect-2.12.20.pom
2026.01.15 23:30:26 INFO  BSP server: Failed to download https://central.sonatype.com/repository/maven-snapshots/com/lihaoyi/unroll-annotation_2.12/0.1.12/unroll-annotation_2.12-0.1.12.pom.sha1
2026.01.15 23:30:26 INFO  BSP server: Downloading https://central.sonatype.com/repository/maven-snapshots/org/ow2/asm/asm-util/9.9/asm-util-9.9.pom
2026.01.15 23:30:26 INFO  BSP server: Failed to download https://central.sonatype.com/repository/maven-snapshots/io/github/alexarchambault/bleep/jsonrpc4s_2.12/0.1.1/jsonrpc4s_2.12-0.1.1.pom.sha1
2026.01.15 23:30:26 INFO  BSP server: Downloading https://central.sonatype.com/repository/maven-snapshots/io/zipkin/brave/brave/5.18.1/brave-5.18.1.pom
2026.01.15 23:30:26 INFO  BSP server: Failed to download https://central.sonatype.com/repository/maven-snapshots/ch/epfl/scala/directory-watcher/0.8.0+6-f651bd93/directory-watcher-0.8.0+6-f651bd93.pom
2026.01.15 23:30:26 INFO  BSP server: Downloading https://central.sonatype.com/repository/maven-snapshots/io/monix/monix-java_2.12/3.2.0/monix-java_2.12-3.2.0.pom.sha1
2026.01.15 23:30:27 INFO  BSP server: Failed to download https://central.sonatype.com/repository/maven-snapshots/org/ow2/asm/asm-util/9.9/asm-util-9.9.pom
2026.01.15 23:30:27 INFO  BSP server: Downloading https://central.sonatype.com/repository/maven-snapshots/ch/qos/logback/logback-core/1.5.21/logback-core-1.5.21.pom
2026.01.15 23:30:27 INFO  BSP server: Failed to download https://central.sonatype.com/repository/maven-snapshots/io/zipkin/brave/brave/5.18.1/brave-5.18.1.pom
2026.01.15 23:30:27 INFO  BSP server: Downloading https://central.sonatype.com/repository/maven-snapshots/com/lihaoyi/sourcecode_2.12/0.4.4/sourcecode_2.12-0.4.4.pom
2026.01.15 23:30:27 INFO  BSP server: Failed to download https://central.sonatype.com/repository/maven-snapshots/ch/qos/logback/logback-core/1.5.21/logback-core-1.5.21.pom
2026.01.15 23:30:27 INFO  BSP server: Downloading https://central.sonatype.com/repository/maven-snapshots/org/scala-lang/modules/scala-collection-compat_2.12/2.13.0/scala-collection-compat_2.12-2.13.0.pom.sha1
2026.01.15 23:30:29 INFO  BSP server: Failed to download https://central.sonatype.com/repository/maven-snapshots/com/lihaoyi/sourcecode_2.12/0.4.4/sourcecode_2.12-0.4.4.pom
2026.01.15 23:30:29 INFO  BSP server: Downloading https://central.sonatype.com/repository/maven-snapshots/io/monix/monix-eval_2.12/3.2.0/monix-eval_2.12-3.2.0.pom
2026.01.15 23:30:29 INFO  BSP server: Failed to download https://central.sonatype.com/repository/maven-snapshots/io/monix/monix-java_2.12/3.2.0/monix-java_2.12-3.2.0.pom.sha1
2026.01.15 23:30:29 INFO  BSP server: Downloading https://central.sonatype.com/repository/maven-snapshots/io/monix/monix-tail_2.12/3.2.0/monix-tail_2.12-3.2.0.pom
2026.01.15 23:30:29 INFO  BSP server: Failed to download https://central.sonatype.com/repository/maven-snapshots/org/scala-lang/modules/scala-collection-compat_2.12/2.13.0/scala-collection-compat_2.12-2.13.0.pom.sha1
2026.01.15 23:30:29 INFO  BSP server: Downloading https://central.sonatype.com/repository/maven-snapshots/org/scala-sbt/librarymanagement-ivy_2.12/1.11.6/librarymanagement-ivy_2.12-1.11.6.pom
2026.01.15 23:30:29 INFO  BSP server: Failed to download https://central.sonatype.com/repository/maven-snapshots/io/zipkin/reporter2/zipkin-sender-urlconnection/2.17.2/zipkin-sender-urlconnection-2.17.2.pom
2026.01.15 23:30:29 INFO  BSP server: Downloading https://central.sonatype.com/repository/maven-snapshots/com/github/alexarchambault/case-app-annotations_2.12/2.0.6/case-app-annotations_2.12-2.0.6.pom.sha1
2026.01.15 23:30:29 INFO  BSP server: Failed to download https://central.sonatype.com/repository/maven-snapshots/io/monix/monix-eval_2.12/3.2.0/monix-eval_2.12-3.2.0.pom
2026.01.15 23:30:29 INFO  BSP server: Downloading https://central.sonatype.com/repository/maven-snapshots/com/github/plokhotnyuk/jsoniter-scala/jsoniter-scala-core_2.12/2.13.5.2/jsoniter-scala-core_2.12-2.13.5.2.pom.sha1
2026.01.15 23:30:29 INFO  BSP server: Failed to download https://central.sonatype.com/repository/maven-snapshots/io/monix/monix-tail_2.12/3.2.0/monix-tail_2.12-3.2.0.pom
2026.01.15 23:30:29 INFO  BSP server: Downloading https://central.sonatype.com/repository/maven-snapshots/io/monix/monix-catnap_2.12/3.2.0/monix-catnap_2.12-3.2.0.pom.sha1
2026.01.15 23:30:30 INFO  BSP server: Failed to download https://central.sonatype.com/repository/maven-snapshots/org/scala-sbt/librarymanagement-ivy_2.12/1.11.6/librarymanagement-ivy_2.12-1.11.6.pom
2026.01.15 23:30:30 INFO  BSP server: Downloading https://central.sonatype.com/repository/maven-snapshots/ch/epfl/scala/directory-watcher/0.8.0+6-f651bd93/directory-watcher-0.8.0+6-f651bd93.pom.sha1
2026.01.15 23:30:30 INFO  BSP server: Failed to download https://central.sonatype.com/repository/maven-snapshots/com/github/alexarchambault/case-app-annotations_2.12/2.0.6/case-app-annotations_2.12-2.0.6.pom.sha1
2026.01.15 23:30:30 INFO  BSP server: Downloading https://central.sonatype.com/repository/maven-snapshots/org/ow2/asm/asm-util/9.9/asm-util-9.9.pom.sha1
2026.01.15 23:30:30 INFO  BSP server: Failed to download https://central.sonatype.com/repository/maven-snapshots/com/github/plokhotnyuk/jsoniter-scala/jsoniter-scala-core_2.12/2.13.5.2/jsoniter-scala-core_2.12-2.13.5.2.pom.sha1
2026.01.15 23:30:30 INFO  BSP server: Downloading https://central.sonatype.com/repository/maven-snapshots/io/zipkin/brave/brave/5.18.1/brave-5.18.1.pom.sha1
2026.01.15 23:30:30 INFO  BSP server: Failed to download https://central.sonatype.com/repository/maven-snapshots/io/monix/monix-catnap_2.12/3.2.0/monix-catnap_2.12-3.2.0.pom.sha1
2026.01.15 23:30:30 INFO  BSP server: Downloading https://central.sonatype.com/repository/maven-snapshots/ch/qos/logback/logback-core/1.5.21/logback-core-1.5.21.pom.sha1
2026.01.15 23:30:30 INFO  BSP server: Failed to download https://central.sonatype.com/repository/maven-snapshots/ch/epfl/scala/directory-watcher/0.8.0+6-f651bd93/directory-watcher-0.8.0+6-f651bd93.pom.sha1
2026.01.15 23:30:30 INFO  BSP server: Downloading https://central.sonatype.com/repository/maven-snapshots/com/lihaoyi/sourcecode_2.12/0.4.4/sourcecode_2.12-0.4.4.pom.sha1
2026.01.15 23:30:31 INFO  BSP server: Failed to download https://central.sonatype.com/repository/maven-snapshots/org/ow2/asm/asm-util/9.9/asm-util-9.9.pom.sha1
2026.01.15 23:30:31 INFO  BSP server: Downloading https://central.sonatype.com/repository/maven-snapshots/io/zipkin/reporter2/zipkin-sender-urlconnection/2.17.2/zipkin-sender-urlconnection-2.17.2.pom.sha1
2026.01.15 23:30:31 INFO  BSP server: Failed to download https://central.sonatype.com/repository/maven-snapshots/io/zipkin/brave/brave/5.18.1/brave-5.18.1.pom.sha1
2026.01.15 23:30:31 INFO  BSP server: Downloading https://central.sonatype.com/repository/maven-snapshots/io/monix/monix-eval_2.12/3.2.0/monix-eval_2.12-3.2.0.pom.sha1
2026.01.15 23:30:31 INFO  BSP server: Failed to download https://central.sonatype.com/repository/maven-snapshots/ch/qos/logback/logback-core/1.5.21/logback-core-1.5.21.pom.sha1
2026.01.15 23:30:31 INFO  BSP server: Downloading https://repo.scala-lang.org/artifactory/maven-nightlies/org/zeroturnaround/zt-zip/1.17/zt-zip-1.17.pom
2026.01.15 23:30:31 INFO  BSP server: Failed to download https://central.sonatype.com/repository/maven-snapshots/com/lihaoyi/sourcecode_2.12/0.4.4/sourcecode_2.12-0.4.4.pom.sha1
2026.01.15 23:30:31 INFO  BSP server: Downloading https://central.sonatype.com/repository/maven-snapshots/io/monix/monix-tail_2.12/3.2.0/monix-tail_2.12-3.2.0.pom.sha1
2026.01.15 23:30:31 INFO  BSP server: Failed to download https://central.sonatype.com/repository/maven-snapshots/io/zipkin/reporter2/zipkin-sender-urlconnection/2.17.2/zipkin-sender-urlconnection-2.17.2.pom.sha1
2026.01.15 23:30:31 INFO  BSP server: Downloading https://repo.scala-lang.org/artifactory/maven-nightlies/net/java/dev/jna/jna/5.18.1/jna-5.18.1.pom
2026.01.15 23:30:31 INFO  BSP server: Failed to download https://central.sonatype.com/repository/maven-snapshots/io/monix/monix-eval_2.12/3.2.0/monix-eval_2.12-3.2.0.pom.sha1
2026.01.15 23:30:31 INFO  BSP server: Downloading https://repo.scala-lang.org/artifactory/maven-nightlies/org/apache/logging/log4j/log4j-core/2.23.0/log4j-core-2.23.0.pom
2026.01.15 23:30:33 INFO  BSP server: Downloaded https://repo.scala-lang.org/artifactory/maven-nightlies/org/zeroturnaround/zt-zip/1.17/zt-zip-1.17.pom
2026.01.15 23:30:33 INFO  BSP server: Downloading https://repo.scala-lang.org/artifactory/maven-nightlies/io/get-coursier/util/directories-jni/0.1.2/directories-jni-0.1.2.pom
2026.01.15 23:30:33 INFO  BSP server: Failed to download https://central.sonatype.com/repository/maven-snapshots/io/monix/monix-tail_2.12/3.2.0/monix-tail_2.12-3.2.0.pom.sha1
2026.01.15 23:30:33 INFO  BSP server: Downloading https://central.sonatype.com/repository/maven-snapshots/org/scala-sbt/librarymanagement-ivy_2.12/1.11.6/librarymanagement-ivy_2.12-1.11.6.pom.sha1
2026.01.15 23:30:33 INFO  BSP server: Downloaded https://repo.scala-lang.org/artifactory/maven-nightlies/io/get-coursier/util/directories-jni/0.1.2/directories-jni-0.1.2.pom
2026.01.15 23:30:33 INFO  BSP server: Downloading https://repo.scala-lang.org/artifactory/maven-nightlies/com/github/alexarchambault/case-app-util_2.12/2.0.6/case-app-util_2.12-2.0.6.pom
2026.01.15 23:30:33 INFO  BSP server: Downloaded https://repo.scala-lang.org/artifactory/maven-nightlies/org/apache/logging/log4j/log4j-core/2.23.0/log4j-core-2.23.0.pom
2026.01.15 23:30:33 INFO  BSP server: Downloading https://repo.scala-lang.org/artifactory/maven-nightlies/io/monix/monix-reactive_2.12/3.2.0/monix-reactive_2.12-3.2.0.pom
2026.01.15 23:30:33 INFO  BSP server: Downloaded https://repo.scala-lang.org/artifactory/maven-nightlies/net/java/dev/jna/jna/5.18.1/jna-5.18.1.pom
2026.01.15 23:30:33 INFO  BSP server: Downloading https://repo.scala-lang.org/artifactory/maven-nightlies/org/scala-sbt/zinc_2.12/1.11.0/zinc_2.12-1.11.0.pom
2026.01.15 23:30:34 INFO  BSP server: Downloaded https://repo.scala-lang.org/artifactory/maven-nightlies/com/github/alexarchambault/case-app-util_2.12/2.0.6/case-app-util_2.12-2.0.6.pom
2026.01.15 23:30:34 INFO  BSP server: Downloading https://repo.scala-lang.org/artifactory/maven-nightlies/com/lihaoyi/pprint_2.12/0.9.4/pprint_2.12-0.9.4.pom
2026.01.15 23:30:34 INFO  BSP server: Failed to download https://central.sonatype.com/repository/maven-snapshots/org/scala-sbt/librarymanagement-ivy_2.12/1.11.6/librarymanagement-ivy_2.12-1.11.6.pom.sha1
2026.01.15 23:30:34 INFO  BSP server: Downloading https://repo.scala-lang.org/artifactory/maven-nightlies/org/scala-sbt/test-agent/1.11.7/test-agent-1.11.7.pom
2026.01.15 23:30:34 INFO  BSP server: Downloaded https://repo.scala-lang.org/artifactory/maven-nightlies/io/monix/monix-reactive_2.12/3.2.0/monix-reactive_2.12-3.2.0.pom
2026.01.15 23:30:34 INFO  BSP server: Downloading https://repo.scala-lang.org/artifactory/maven-nightlies/io/monix/monix-execution_2.12/3.2.0/monix-execution_2.12-3.2.0.pom
2026.01.15 23:30:34 INFO  BSP server: Downloaded https://repo.scala-lang.org/artifactory/maven-nightlies/org/scala-sbt/zinc_2.12/1.11.0/zinc_2.12-1.11.0.pom
2026.01.15 23:30:34 INFO  BSP server: Downloading https://repo.scala-lang.org/artifactory/maven-nightlies/io/github/alexarchambault/bleep/nailgun-server/1.0.7/nailgun-server-1.0.7.pom
2026.01.15 23:30:34 INFO  BSP server: Downloaded https://repo.scala-lang.org/artifactory/maven-nightlies/com/lihaoyi/pprint_2.12/0.9.4/pprint_2.12-0.9.4.pom
2026.01.15 23:30:34 INFO  BSP server: Downloading https://repo.scala-lang.org/artifactory/maven-nightlies/org/scalameta/parsers_2.12/4.13.8/parsers_2.12-4.13.8.pom
2026.01.15 23:30:34 INFO  BSP server: Downloaded https://repo.scala-lang.org/artifactory/maven-nightlies/org/scala-sbt/test-agent/1.11.7/test-agent-1.11.7.pom
2026.01.15 23:30:34 INFO  BSP server: Downloading https://repo.scala-lang.org/artifactory/maven-nightlies/net/jpountz/lz4/lz4/1.3.0/lz4-1.3.0.pom
2026.01.15 23:30:34 INFO  BSP server: Downloaded https://repo.scala-lang.org/artifactory/maven-nightlies/io/monix/monix-execution_2.12/3.2.0/monix-execution_2.12-3.2.0.pom
2026.01.15 23:30:34 INFO  BSP server: Downloading https://repo.scala-lang.org/artifactory/maven-nightlies/com/github/plokhotnyuk/jsoniter-scala/jsoniter-scala-macros_2.12/2.13.3.2/jsoniter-scala-macros_2.12-2.13.3.2.pom
2026.01.15 23:30:34 INFO  BSP server: Downloaded https://repo.scala-lang.org/artifactory/maven-nightlies/org/scalameta/parsers_2.12/4.13.8/parsers_2.12-4.13.8.pom
2026.01.15 23:30:34 INFO  BSP server: Downloading https://repo.scala-lang.org/artifactory/maven-nightlies/com/lihaoyi/unroll-annotation_2.12/0.1.12/unroll-annotation_2.12-0.1.12.pom
2026.01.15 23:30:35 INFO  BSP server: Downloaded https://repo.scala-lang.org/artifactory/maven-nightlies/com/github/plokhotnyuk/jsoniter-scala/jsoniter-scala-macros_2.12/2.13.3.2/jsoniter-scala-macros_2.12-2.13.3.2.pom
2026.01.15 23:30:35 INFO  BSP server: Downloading https://repo.scala-lang.org/artifactory/maven-nightlies/io/github/alexarchambault/bleep/jsonrpc4s_2.12/0.1.1/jsonrpc4s_2.12-0.1.1.pom
2026.01.15 23:30:35 INFO  BSP server: Downloaded https://repo.scala-lang.org/artifactory/maven-nightlies/net/jpountz/lz4/lz4/1.3.0/lz4-1.3.0.pom
2026.01.15 23:30:35 INFO  BSP server: Downloading https://repo.scala-lang.org/artifactory/maven-nightlies/io/monix/monix-java_2.12/3.2.0/monix-java_2.12-3.2.0.pom
2026.01.15 23:30:35 INFO  BSP server: Downloaded https://repo.scala-lang.org/artifactory/maven-nightlies/com/lihaoyi/unroll-annotation_2.12/0.1.12/unroll-annotation_2.12-0.1.12.pom
2026.01.15 23:30:35 INFO  BSP server: Downloading https://repo.scala-lang.org/artifactory/maven-nightlies/org/scala-lang/modules/scala-collection-compat_2.12/2.13.0/scala-collection-compat_2.12-2.13.0.pom
2026.01.15 23:30:35 INFO  BSP server: Downloaded https://repo.scala-lang.org/artifactory/maven-nightlies/io/monix/monix-java_2.12/3.2.0/monix-java_2.12-3.2.0.pom
2026.01.15 23:30:35 INFO  BSP server: Downloading https://repo.scala-lang.org/artifactory/maven-nightlies/org/zeroturnaround/zt-zip/1.17/zt-zip-1.17.pom.sha1
2026.01.15 23:30:35 INFO  BSP server: Downloaded https://repo.scala-lang.org/artifactory/maven-nightlies/io/github/alexarchambault/bleep/jsonrpc4s_2.12/0.1.1/jsonrpc4s_2.12-0.1.1.pom
2026.01.15 23:30:35 INFO  BSP server: Downloading https://repo.scala-lang.org/artifactory/maven-nightlies/io/get-coursier/util/directories-jni/0.1.2/directories-jni-0.1.2.pom.sha1
2026.01.15 23:30:35 WARN  no build target for: C:\Users\rahul\My Repos\My_Python-codes\Tensorflow_Files\new.scala
2026.01.15 23:30:36 INFO  BSP server: Downloaded https://repo.scala-lang.org/artifactory/maven-nightlies/org/zeroturnaround/zt-zip/1.17/zt-zip-1.17.pom.sha1
2026.01.15 23:30:36 INFO  BSP server: Downloading https://repo.scala-lang.org/artifactory/maven-nightlies/org/apache/logging/log4j/log4j-core/2.23.0/log4j-core-2.23.0.pom.sha1
2026.01.15 23:30:36 INFO  BSP server: Downloaded https://repo.scala-lang.org/artifactory/maven-nightlies/org/scala-lang/modules/scala-collection-compat_2.12/2.13.0/scala-collection-compat_2.12-2.13.0.pom
2026.01.15 23:30:36 INFO  BSP server: Downloading https://repo.scala-lang.org/artifactory/maven-nightlies/net/java/dev/jna/jna/5.18.1/jna-5.18.1.pom.sha1
2026.01.15 23:30:36 INFO  BSP server: Downloaded https://repo.scala-lang.org/artifactory/maven-nightlies/io/get-coursier/util/directories-jni/0.1.2/directories-jni-0.1.2.pom.sha1
2026.01.15 23:30:36 INFO  BSP server: Downloading https://repo.scala-lang.org/artifactory/maven-nightlies/com/github/alexarchambault/case-app-annotations_2.12/2.0.6/case-app-annotations_2.12-2.0.6.pom
2026.01.15 23:30:36 INFO  BSP server: Downloaded https://repo.scala-lang.org/artifactory/maven-nightlies/net/java/dev/jna/jna/5.18.1/jna-5.18.1.pom.sha1
2026.01.15 23:30:36 INFO  BSP server: Downloading https://repo.scala-lang.org/artifactory/maven-nightlies/com/github/plokhotnyuk/jsoniter-scala/jsoniter-scala-core_2.12/2.13.5.2/jsoniter-scala-core_2.12-2.13.5.2.pom
2026.01.15 23:30:36 INFO  BSP server: Downloaded https://repo.scala-lang.org/artifactory/maven-nightlies/org/apache/logging/log4j/log4j-core/2.23.0/log4j-core-2.23.0.pom.sha1
2026.01.15 23:30:36 INFO  BSP server: Downloading https://repo.scala-lang.org/artifactory/maven-nightlies/io/monix/monix-catnap_2.12/3.2.0/monix-catnap_2.12-3.2.0.pom
2026.01.15 23:30:36 INFO  BSP server: Downloaded https://repo.scala-lang.org/artifactory/maven-nightlies/com/github/alexarchambault/case-app-annotations_2.12/2.0.6/case-app-annotations_2.12-2.0.6.pom
2026.01.15 23:30:36 INFO  BSP server: Downloading https://repo.scala-lang.org/artifactory/maven-nightlies/ch/epfl/scala/directory-watcher/0.8.0+6-f651bd93/directory-watcher-0.8.0+6-f651bd93.pom
2026.01.15 23:30:36 INFO  BSP server: Downloaded https://repo.scala-lang.org/artifactory/maven-nightlies/io/github/alexarchambault/bleep/nailgun-server/1.0.7/nailgun-server-1.0.7.pom
2026.01.15 23:30:36 INFO  BSP server: Downloading https://repo.scala-lang.org/artifactory/maven-nightlies/org/ow2/asm/asm-util/9.9/asm-util-9.9.pom
2026.01.15 23:30:36 INFO  BSP server: Downloaded https://repo.scala-lang.org/artifactory/maven-nightlies/ch/epfl/scala/directory-watcher/0.8.0+6-f651bd93/directory-watcher-0.8.0+6-f651bd93.pom
2026.01.15 23:30:36 INFO  BSP server: Downloading https://repo.scala-lang.org/artifactory/maven-nightlies/com/github/alexarchambault/case-app-util_2.12/2.0.6/case-app-util_2.12-2.0.6.pom.sha1
2026.01.15 23:30:36 INFO  BSP server: Downloaded https://repo.scala-lang.org/artifactory/maven-nightlies/com/github/plokhotnyuk/jsoniter-scala/jsoniter-scala-core_2.12/2.13.5.2/jsoniter-scala-core_2.12-2.13.5.2.pom
2026.01.15 23:30:36 INFO  BSP server: Downloading https://repo.scala-lang.org/artifactory/maven-nightlies/io/monix/monix-reactive_2.12/3.2.0/monix-reactive_2.12-3.2.0.pom.sha1
2026.01.15 23:30:36 INFO  BSP server: Downloaded https://repo.scala-lang.org/artifactory/maven-nightlies/io/monix/monix-catnap_2.12/3.2.0/monix-catnap_2.12-3.2.0.pom
2026.01.15 23:30:36 INFO  BSP server: Downloading https://repo.scala-lang.org/artifactory/maven-nightlies/org/scala-sbt/zinc_2.12/1.11.0/zinc_2.12-1.11.0.pom.sha1
2026.01.15 23:30:37 INFO  BSP server: Downloaded https://repo.scala-lang.org/artifactory/maven-nightlies/org/scala-sbt/zinc_2.12/1.11.0/zinc_2.12-1.11.0.pom.sha1
2026.01.15 23:30:37 INFO  BSP server: Downloading https://repo.scala-lang.org/artifactory/maven-nightlies/com/lihaoyi/pprint_2.12/0.9.4/pprint_2.12-0.9.4.pom.sha1
2026.01.15 23:30:37 INFO  BSP server: Downloaded https://repo.scala-lang.org/artifactory/maven-nightlies/com/github/alexarchambault/case-app-util_2.12/2.0.6/case-app-util_2.12-2.0.6.pom.sha1
2026.01.15 23:30:37 INFO  BSP server: Downloading https://repo.scala-lang.org/artifactory/maven-nightlies/org/scala-sbt/test-agent/1.11.7/test-agent-1.11.7.pom.sha1
2026.01.15 23:30:37 INFO  BSP server: Downloaded https://repo.scala-lang.org/artifactory/maven-nightlies/io/monix/monix-reactive_2.12/3.2.0/monix-reactive_2.12-3.2.0.pom.sha1
2026.01.15 23:30:37 INFO  BSP server: Downloading https://repo.scala-lang.org/artifactory/maven-nightlies/io/monix/monix-execution_2.12/3.2.0/monix-execution_2.12-3.2.0.pom.sha1
2026.01.15 23:30:37 INFO  BSP server: Downloaded https://repo.scala-lang.org/artifactory/maven-nightlies/org/ow2/asm/asm-util/9.9/asm-util-9.9.pom
2026.01.15 23:30:37 INFO  BSP server: Downloading https://repo.scala-lang.org/artifactory/maven-nightlies/org/scalameta/parsers_2.12/4.13.8/parsers_2.12-4.13.8.pom.sha1
2026.01.15 23:30:37 INFO  BSP server: Downloaded https://repo.scala-lang.org/artifactory/maven-nightlies/com/lihaoyi/pprint_2.12/0.9.4/pprint_2.12-0.9.4.pom.sha1
2026.01.15 23:30:37 INFO  BSP server: Downloading https://repo.scala-lang.org/artifactory/maven-nightlies/io/zipkin/brave/brave/5.18.1/brave-5.18.1.pom
2026.01.15 23:30:37 INFO  BSP server: Downloaded https://repo.scala-lang.org/artifactory/maven-nightlies/org/scala-sbt/test-agent/1.11.7/test-agent-1.11.7.pom.sha1
2026.01.15 23:30:37 INFO  BSP server: Downloading https://repo.scala-lang.org/artifactory/maven-nightlies/ch/qos/logback/logback-core/1.5.21/logback-core-1.5.21.pom
2026.01.15 23:30:37 INFO  BSP server: Downloaded https://repo.scala-lang.org/artifactory/maven-nightlies/org/scalameta/parsers_2.12/4.13.8/parsers_2.12-4.13.8.pom.sha1
2026.01.15 23:30:37 INFO  BSP server: Downloading https://repo.scala-lang.org/artifactory/maven-nightlies/com/github/plokhotnyuk/jsoniter-scala/jsoniter-scala-macros_2.12/2.13.3.2/jsoniter-scala-macros_2.12-2.13.3.2.pom.sha1
2026.01.15 23:30:37 INFO  BSP server: Downloaded https://repo.scala-lang.org/artifactory/maven-nightlies/io/zipkin/brave/brave/5.18.1/brave-5.18.1.pom
2026.01.15 23:30:37 INFO  BSP server: Downloading https://repo.scala-lang.org/artifactory/maven-nightlies/net/jpountz/lz4/lz4/1.3.0/lz4-1.3.0.pom.sha1
2026.01.15 23:30:37 INFO  BSP server: Downloaded https://repo.scala-lang.org/artifactory/maven-nightlies/ch/qos/logback/logback-core/1.5.21/logback-core-1.5.21.pom
2026.01.15 23:30:37 INFO  BSP server: Downloading https://repo.scala-lang.org/artifactory/maven-nightlies/com/lihaoyi/sourcecode_2.12/0.4.4/sourcecode_2.12-0.4.4.pom
2026.01.15 23:30:38 ERROR Timeout waiting for 'build/initialize' response
2026.01.15 23:30:38 WARN  Retrying connection to the build server scala-cli
2026.01.15 23:30:38 INFO  Running BSP server List(C:\Users\rahul\AppData\Local\Coursier\data\bin\.scala-cli.aux.exe, bsp, --json-options, C:\Users\rahul\My Repos\My_Python-codes\.scala-build\ide-options-v2.json, --json-launcher-options, C:\Users\rahul\My Repos\My_Python-codes\.scala-build\ide-launcher-options.json, --envs-file, C:\Users\rahul\My Repos\My_Python-codes\.scala-build\ide-envs.json, C:\Users\rahul\My Repos\My_Python-codes)
2026.01.15 23:30:38 INFO  tracing is disabled for protocol BSP, to enable tracing of incoming and outgoing JSON messages create an empty file at C:\Users\rahul\My Repos\My_Python-codes\.metals\bsp.trace.json or C:\Users\rahul\AppData\Local\scalameta\metals\cache\bsp.trace.json
2026.01.15 23:30:39 INFO  BSP server: Downloading https://oss.sonatype.org/content/repositories/snapshots/io/monix/monix-tail_2.12/3.2.0/monix-tail_2.12-3.2.0.pom
2026.01.15 23:30:39 INFO  BSP server: Downloading https://oss.sonatype.org/content/repositories/snapshots/io/monix/monix-eval_2.12/3.2.0/monix-eval_2.12-3.2.0.pom
2026.01.15 23:30:39 INFO  BSP server: Downloading https://oss.sonatype.org/content/repositories/snapshots/io/zipkin/reporter2/zipkin-sender-urlconnection/2.17.2/zipkin-sender-urlconnection-2.17.2.pom
2026.01.15 23:30:39 INFO  BSP server: Downloading https://oss.sonatype.org/content/repositories/snapshots/org/scala-lang/scala-reflect/2.12.20/scala-reflect-2.12.20.pom
2026.01.15 23:30:39 INFO  BSP server: Downloading https://oss.sonatype.org/content/repositories/snapshots/org/scala-sbt/librarymanagement-ivy_2.12/1.11.6/librarymanagement-ivy_2.12-1.11.6.pom
2026.01.15 23:30:39 INFO  BSP server: Downloading https://oss.sonatype.org/content/repositories/snapshots/com/lihaoyi/sourcecode_2.12/0.4.4/sourcecode_2.12-0.4.4.pom
2026.01.15 23:30:40 INFO  BSP server: Failed to download https://oss.sonatype.org/content/repositories/snapshots/io/monix/monix-tail_2.12/3.2.0/monix-tail_2.12-3.2.0.pom
2026.01.15 23:30:40 INFO  BSP server: Downloading https://oss.sonatype.org/content/repositories/snapshots/ch/epfl/scala/bsp4s_2.12/2.1.1/bsp4s_2.12-2.1.1.pom
2026.01.15 23:30:40 INFO  BSP server: Failed to download https://oss.sonatype.org/content/repositories/snapshots/com/lihaoyi/sourcecode_2.12/0.4.4/sourcecode_2.12-0.4.4.pom
2026.01.15 23:30:40 INFO  BSP server: Failed to download https://oss.sonatype.org/content/repositories/snapshots/org/scala-lang/scala-reflect/2.12.20/scala-reflect-2.12.20.pom
2026.01.15 23:30:40 INFO  BSP server: Downloading https://oss.sonatype.org/content/repositories/snapshots/io/monix/monix-tail_2.12/3.2.0/monix-tail_2.12-3.2.0.pom.sha1
2026.01.15 23:30:40 INFO  BSP server: Failed to download https://oss.sonatype.org/content/repositories/snapshots/org/scala-sbt/librarymanagement-ivy_2.12/1.11.6/librarymanagement-ivy_2.12-1.11.6.pom
2026.01.15 23:30:40 INFO  BSP server: Downloading https://oss.sonatype.org/content/repositories/snapshots/com/lihaoyi/sourcecode_2.12/0.4.4/sourcecode_2.12-0.4.4.pom.sha1
2026.01.15 23:30:40 INFO  BSP server: Downloading https://oss.sonatype.org/content/repositories/snapshots/org/scala-lang/scala-reflect/2.12.20/scala-reflect-2.12.20.pom.sha1
2026.01.15 23:30:40 INFO  BSP server: Failed to download https://oss.sonatype.org/content/repositories/snapshots/io/zipkin/reporter2/zipkin-sender-urlconnection/2.17.2/zipkin-sender-urlconnection-2.17.2.pom
2026.01.15 23:30:40 INFO  BSP server: Downloading https://oss.sonatype.org/content/repositories/snapshots/org/scala-sbt/librarymanagement-ivy_2.12/1.11.6/librarymanagement-ivy_2.12-1.11.6.pom.sha1
2026.01.15 23:30:40 INFO  BSP server: Failed to download https://oss.sonatype.org/content/repositories/snapshots/io/monix/monix-eval_2.12/3.2.0/monix-eval_2.12-3.2.0.pom
2026.01.15 23:30:40 INFO  BSP server: Downloading https://oss.sonatype.org/content/repositories/snapshots/io/zipkin/reporter2/zipkin-sender-urlconnection/2.17.2/zipkin-sender-urlconnection-2.17.2.pom.sha1
2026.01.15 23:30:40 INFO  BSP server: Failed to download https://oss.sonatype.org/content/repositories/snapshots/com/lihaoyi/sourcecode_2.12/0.4.4/sourcecode_2.12-0.4.4.pom.sha1
2026.01.15 23:30:40 INFO  BSP server: Downloading https://oss.sonatype.org/content/repositories/snapshots/io/monix/monix-eval_2.12/3.2.0/monix-eval_2.12-3.2.0.pom.sha1
2026.01.15 23:30:40 INFO  BSP server: Failed to download https://oss.sonatype.org/content/repositories/snapshots/io/monix/monix-tail_2.12/3.2.0/monix-tail_2.12-3.2.0.pom.sha1
2026.01.15 23:30:40 INFO  BSP server: Failed to download https://oss.sonatype.org/content/repositories/snapshots/ch/epfl/scala/bsp4s_2.12/2.1.1/bsp4s_2.12-2.1.1.pom
2026.01.15 23:30:40 INFO  BSP server: Failed to download https://oss.sonatype.org/content/repositories/snapshots/org/scala-sbt/librarymanagement-ivy_2.12/1.11.6/librarymanagement-ivy_2.12-1.11.6.pom.sha1
2026.01.15 23:30:40 INFO  BSP server: Failed to download https://oss.sonatype.org/content/repositories/snapshots/org/scala-lang/scala-reflect/2.12.20/scala-reflect-2.12.20.pom.sha1
2026.01.15 23:30:40 INFO  BSP server: Downloading https://s01.oss.sonatype.org/content/repositories/snapshots/io/monix/monix-tail_2.12/3.2.0/monix-tail_2.12-3.2.0.pom
2026.01.15 23:30:40 INFO  BSP server: Downloading https://s01.oss.sonatype.org/content/repositories/snapshots/com/lihaoyi/sourcecode_2.12/0.4.4/sourcecode_2.12-0.4.4.pom
2026.01.15 23:30:40 INFO  BSP server: Downloading https://oss.sonatype.org/content/repositories/snapshots/ch/epfl/scala/bsp4s_2.12/2.1.1/bsp4s_2.12-2.1.1.pom.sha1
2026.01.15 23:30:40 INFO  BSP server: Downloading https://s01.oss.sonatype.org/content/repositories/snapshots/org/scala-sbt/librarymanagement-ivy_2.12/1.11.6/librarymanagement-ivy_2.12-1.11.6.pom
2026.01.15 23:30:40 INFO  BSP server: Failed to download https://oss.sonatype.org/content/repositories/snapshots/io/zipkin/reporter2/zipkin-sender-urlconnection/2.17.2/zipkin-sender-urlconnection-2.17.2.pom.sha1
2026.01.15 23:30:40 INFO  BSP server: Downloading https://s01.oss.sonatype.org/content/repositories/snapshots/org/scala-lang/scala-reflect/2.12.20/scala-reflect-2.12.20.pom
2026.01.15 23:30:40 INFO  BSP server: Failed to download https://oss.sonatype.org/content/repositories/snapshots/ch/epfl/scala/bsp4s_2.12/2.1.1/bsp4s_2.12-2.1.1.pom.sha1
2026.01.15 23:30:40 INFO  BSP server: Downloading https://s01.oss.sonatype.org/content/repositories/snapshots/io/zipkin/reporter2/zipkin-sender-urlconnection/2.17.2/zipkin-sender-urlconnection-2.17.2.pom
2026.01.15 23:30:41 INFO  BSP server: Failed to download https://s01.oss.sonatype.org/content/repositories/snapshots/org/scala-sbt/librarymanagement-ivy_2.12/1.11.6/librarymanagement-ivy_2.12-1.11.6.pom
2026.01.15 23:30:41 INFO  BSP server: Failed to download https://s01.oss.sonatype.org/content/repositories/snapshots/com/lihaoyi/sourcecode_2.12/0.4.4/sourcecode_2.12-0.4.4.pom
2026.01.15 23:30:41 INFO  BSP server: Downloading https://s01.oss.sonatype.org/content/repositories/snapshots/ch/epfl/scala/bsp4s_2.12/2.1.1/bsp4s_2.12-2.1.1.pom
2026.01.15 23:30:41 INFO  BSP server: Downloading https://s01.oss.sonatype.org/content/repositories/snapshots/com/lihaoyi/sourcecode_2.12/0.4.4/sourcecode_2.12-0.4.4.pom.sha1
2026.01.15 23:30:41 INFO  BSP server: Failed to download https://oss.sonatype.org/content/repositories/snapshots/io/monix/monix-eval_2.12/3.2.0/monix-eval_2.12-3.2.0.pom.sha1
2026.01.15 23:30:41 INFO  BSP server: Downloading https://s01.oss.sonatype.org/content/repositories/snapshots/org/scala-sbt/librarymanagement-ivy_2.12/1.11.6/librarymanagement-ivy_2.12-1.11.6.pom.sha1
2026.01.15 23:30:41 INFO  BSP server: Failed to download https://s01.oss.sonatype.org/content/repositories/snapshots/io/monix/monix-tail_2.12/3.2.0/monix-tail_2.12-3.2.0.pom
2026.01.15 23:30:41 INFO  BSP server: Failed to download https://s01.oss.sonatype.org/content/repositories/snapshots/io/zipkin/reporter2/zipkin-sender-urlconnection/2.17.2/zipkin-sender-urlconnection-2.17.2.pom
2026.01.15 23:30:41 INFO  BSP server: Downloading https://s01.oss.sonatype.org/content/repositories/snapshots/io/monix/monix-tail_2.12/3.2.0/monix-tail_2.12-3.2.0.pom.sha1
2026.01.15 23:30:41 INFO  BSP server: Downloading https://s01.oss.sonatype.org/content/repositories/snapshots/io/zipkin/reporter2/zipkin-sender-urlconnection/2.17.2/zipkin-sender-urlconnection-2.17.2.pom.sha1
2026.01.15 23:30:41 INFO  BSP server: Failed to download https://s01.oss.sonatype.org/content/repositories/snapshots/org/scala-lang/scala-reflect/2.12.20/scala-reflect-2.12.20.pom
2026.01.15 23:30:41 INFO  BSP server: Downloading https://s01.oss.sonatype.org/content/repositories/snapshots/io/monix/monix-eval_2.12/3.2.0/monix-eval_2.12-3.2.0.pom
2026.01.15 23:30:41 INFO  BSP server: Failed to download https://s01.oss.sonatype.org/content/repositories/snapshots/ch/epfl/scala/bsp4s_2.12/2.1.1/bsp4s_2.12-2.1.1.pom
2026.01.15 23:30:41 INFO  BSP server: Downloading https://s01.oss.sonatype.org/content/repositories/snapshots/org/scala-lang/scala-reflect/2.12.20/scala-reflect-2.12.20.pom.sha1
2026.01.15 23:30:42 INFO  BSP server: Failed to download https://s01.oss.sonatype.org/content/repositories/snapshots/io/monix/monix-tail_2.12/3.2.0/monix-tail_2.12-3.2.0.pom.sha1
2026.01.15 23:30:42 INFO  BSP server: Downloading https://s01.oss.sonatype.org/content/repositories/snapshots/ch/epfl/scala/bsp4s_2.12/2.1.1/bsp4s_2.12-2.1.1.pom.sha1
2026.01.15 23:30:42 INFO  BSP server: Failed to download https://s01.oss.sonatype.org/content/repositories/snapshots/org/scala-sbt/librarymanagement-ivy_2.12/1.11.6/librarymanagement-ivy_2.12-1.11.6.pom.sha1
2026.01.15 23:30:42 INFO  BSP server: Downloading https://central.sonatype.com/repository/maven-snapshots/io/monix/monix-tail_2.12/3.2.0/monix-tail_2.12-3.2.0.pom
2026.01.15 23:30:42 INFO  BSP server: Failed to download https://s01.oss.sonatype.org/content/repositories/snapshots/io/zipkin/reporter2/zipkin-sender-urlconnection/2.17.2/zipkin-sender-urlconnection-2.17.2.pom.sha1
2026.01.15 23:30:42 INFO  BSP server: Downloading https://central.sonatype.com/repository/maven-snapshots/org/scala-sbt/librarymanagement-ivy_2.12/1.11.6/librarymanagement-ivy_2.12-1.11.6.pom
2026.01.15 23:30:42 INFO  BSP server: Failed to download https://s01.oss.sonatype.org/content/repositories/snapshots/io/monix/monix-eval_2.12/3.2.0/monix-eval_2.12-3.2.0.pom
2026.01.15 23:30:42 INFO  BSP server: Downloading https://s01.oss.sonatype.org/content/repositories/snapshots/io/monix/monix-eval_2.12/3.2.0/monix-eval_2.12-3.2.0.pom.sha1
2026.01.15 23:30:42 INFO  BSP server: Failed to download https://s01.oss.sonatype.org/content/repositories/snapshots/org/scala-lang/scala-reflect/2.12.20/scala-reflect-2.12.20.pom.sha1
2026.01.15 23:30:42 INFO  BSP server: Downloading https://central.sonatype.com/repository/maven-snapshots/io/zipkin/reporter2/zipkin-sender-urlconnection/2.17.2/zipkin-sender-urlconnection-2.17.2.pom
2026.01.15 23:30:42 INFO  BSP server: Failed to download https://s01.oss.sonatype.org/content/repositories/snapshots/com/lihaoyi/sourcecode_2.12/0.4.4/sourcecode_2.12-0.4.4.pom.sha1
2026.01.15 23:30:42 INFO  BSP server: Downloading https://central.sonatype.com/repository/maven-snapshots/org/scala-lang/scala-reflect/2.12.20/scala-reflect-2.12.20.pom
2026.01.15 23:30:43 INFO  BSP server: Failed to download https://central.sonatype.com/repository/maven-snapshots/org/scala-sbt/librarymanagement-ivy_2.12/1.11.6/librarymanagement-ivy_2.12-1.11.6.pom
2026.01.15 23:30:43 INFO  BSP server: Failed to download https://s01.oss.sonatype.org/content/repositories/snapshots/io/monix/monix-eval_2.12/3.2.0/monix-eval_2.12-3.2.0.pom.sha1
2026.01.15 23:30:43 INFO  BSP server: Downloading https://central.sonatype.com/repository/maven-snapshots/org/scala-sbt/librarymanagement-ivy_2.12/1.11.6/librarymanagement-ivy_2.12-1.11.6.pom.sha1
2026.01.15 23:30:43 INFO  BSP server: Failed to download https://s01.oss.sonatype.org/content/repositories/snapshots/ch/epfl/scala/bsp4s_2.12/2.1.1/bsp4s_2.12-2.1.1.pom.sha1
2026.01.15 23:30:43 INFO  BSP server: Downloading https://central.sonatype.com/repository/maven-snapshots/com/lihaoyi/sourcecode_2.12/0.4.4/sourcecode_2.12-0.4.4.pom
2026.01.15 23:30:43 INFO  BSP server: Downloading https://central.sonatype.com/repository/maven-snapshots/io/monix/monix-eval_2.12/3.2.0/monix-eval_2.12-3.2.0.pom
2026.01.15 23:30:43 INFO  BSP server: Failed to download https://central.sonatype.com/repository/maven-snapshots/io/monix/monix-tail_2.12/3.2.0/monix-tail_2.12-3.2.0.pom
2026.01.15 23:30:43 INFO  BSP server: Downloading https://central.sonatype.com/repository/maven-snapshots/ch/epfl/scala/bsp4s_2.12/2.1.1/bsp4s_2.12-2.1.1.pom
2026.01.15 23:30:43 INFO  BSP server: Failed to download https://central.sonatype.com/repository/maven-snapshots/io/zipkin/reporter2/zipkin-sender-urlconnection/2.17.2/zipkin-sender-urlconnection-2.17.2.pom
2026.01.15 23:30:43 INFO  BSP server: Downloading https://central.sonatype.com/repository/maven-snapshots/io/monix/monix-tail_2.12/3.2.0/monix-tail_2.12-3.2.0.pom.sha1
2026.01.15 23:30:43 INFO  BSP server: Failed to download https://central.sonatype.com/repository/maven-snapshots/org/scala-lang/scala-reflect/2.12.20/scala-reflect-2.12.20.pom
2026.01.15 23:30:43 INFO  BSP server: Downloading https://central.sonatype.com/repository/maven-snapshots/io/zipkin/reporter2/zipkin-sender-urlconnection/2.17.2/zipkin-sender-urlconnection-2.17.2.pom.sha1
2026.01.15 23:30:43 INFO  BSP server: Failed to download https://central.sonatype.com/repository/maven-snapshots/org/scala-sbt/librarymanagement-ivy_2.12/1.11.6/librarymanagement-ivy_2.12-1.11.6.pom.sha1
2026.01.15 23:30:43 INFO  BSP server: Downloading https://central.sonatype.com/repository/maven-snapshots/org/scala-lang/scala-reflect/2.12.20/scala-reflect-2.12.20.pom.sha1
2026.01.15 23:30:43 INFO  BSP server: Failed to download https://central.sonatype.com/repository/maven-snapshots/com/lihaoyi/sourcecode_2.12/0.4.4/sourcecode_2.12-0.4.4.pom
2026.01.15 23:30:43 INFO  BSP server: Failed to download https://central.sonatype.com/repository/maven-snapshots/io/monix/monix-eval_2.12/3.2.0/monix-eval_2.12-3.2.0.pom
2026.01.15 23:30:43 INFO  BSP server: Downloading https://central.sonatype.com/repository/maven-snapshots/com/lihaoyi/sourcecode_2.12/0.4.4/sourcecode_2.12-0.4.4.pom.sha1
2026.01.15 23:30:43 INFO  BSP server: Downloading https://central.sonatype.com/repository/maven-snapshots/io/monix/monix-eval_2.12/3.2.0/monix-eval_2.12-3.2.0.pom.sha1
2026.01.15 23:30:43 INFO  BSP server: Failed to download https://central.sonatype.com/repository/maven-snapshots/ch/epfl/scala/bsp4s_2.12/2.1.1/bsp4s_2.12-2.1.1.pom
2026.01.15 23:30:43 INFO  BSP server: Downloading https://repo.scala-lang.org/artifactory/maven-nightlies/org/scala-sbt/librarymanagement-ivy_2.12/1.11.6/librarymanagement-ivy_2.12-1.11.6.pom
2026.01.15 23:30:45 INFO  BSP server: Failed to download https://central.sonatype.com/repository/maven-snapshots/io/monix/monix-tail_2.12/3.2.0/monix-tail_2.12-3.2.0.pom.sha1
2026.01.15 23:30:45 INFO  BSP server: Downloading https://central.sonatype.com/repository/maven-snapshots/ch/epfl/scala/bsp4s_2.12/2.1.1/bsp4s_2.12-2.1.1.pom.sha1
2026.01.15 23:30:45 INFO  BSP server: Failed to download https://central.sonatype.com/repository/maven-snapshots/io/zipkin/reporter2/zipkin-sender-urlconnection/2.17.2/zipkin-sender-urlconnection-2.17.2.pom.sha1
2026.01.15 23:30:45 INFO  BSP server: Downloading https://repo.scala-lang.org/artifactory/maven-nightlies/io/monix/monix-tail_2.12/3.2.0/monix-tail_2.12-3.2.0.pom
2026.01.15 23:30:45 INFO  BSP server: Failed to download https://central.sonatype.com/repository/maven-snapshots/org/scala-lang/scala-reflect/2.12.20/scala-reflect-2.12.20.pom.sha1
2026.01.15 23:30:45 INFO  BSP server: Downloading https://repo.scala-lang.org/artifactory/maven-nightlies/io/zipkin/reporter2/zipkin-sender-urlconnection/2.17.2/zipkin-sender-urlconnection-2.17.2.pom
2026.01.15 23:30:45 INFO  BSP server: Failed to download https://central.sonatype.com/repository/maven-snapshots/com/lihaoyi/sourcecode_2.12/0.4.4/sourcecode_2.12-0.4.4.pom.sha1
2026.01.15 23:30:45 INFO  BSP server: Downloading https://repo.scala-lang.org/artifactory/maven-nightlies/org/scala-lang/scala-reflect/2.12.20/scala-reflect-2.12.20.pom
2026.01.15 23:30:45 INFO  BSP server: Failed to download https://central.sonatype.com/repository/maven-snapshots/ch/epfl/scala/bsp4s_2.12/2.1.1/bsp4s_2.12-2.1.1.pom.sha1
2026.01.15 23:30:45 INFO  BSP server: Downloading https://repo.scala-lang.org/artifactory/maven-nightlies/com/lihaoyi/sourcecode_2.12/0.4.4/sourcecode_2.12-0.4.4.pom
2026.01.15 23:30:45 INFO  BSP server: Downloaded https://repo.scala-lang.org/artifactory/maven-nightlies/org/scala-sbt/librarymanagement-ivy_2.12/1.11.6/librarymanagement-ivy_2.12-1.11.6.pom
2026.01.15 23:30:45 INFO  BSP server: Downloading https://repo.scala-lang.org/artifactory/maven-nightlies/org/scala-sbt/librarymanagement-ivy_2.12/1.11.6/librarymanagement-ivy_2.12-1.11.6.pom.sha1
2026.01.15 23:30:46 INFO  BSP server: Downloaded https://repo.scala-lang.org/artifactory/maven-nightlies/io/monix/monix-tail_2.12/3.2.0/monix-tail_2.12-3.2.0.pom
2026.01.15 23:30:46 INFO  BSP server: Downloading https://repo.scala-lang.org/artifactory/maven-nightlies/ch/epfl/scala/bsp4s_2.12/2.1.1/bsp4s_2.12-2.1.1.pom
2026.01.15 23:30:46 INFO  BSP server: Downloaded https://repo.scala-lang.org/artifactory/maven-nightlies/com/lihaoyi/sourcecode_2.12/0.4.4/sourcecode_2.12-0.4.4.pom
2026.01.15 23:30:46 INFO  BSP server: Downloading https://repo.scala-lang.org/artifactory/maven-nightlies/io/monix/monix-tail_2.12/3.2.0/monix-tail_2.12-3.2.0.pom.sha1
2026.01.15 23:30:46 INFO  BSP server: Downloaded https://repo.scala-lang.org/artifactory/maven-nightlies/ch/epfl/scala/bsp4s_2.12/2.1.1/bsp4s_2.12-2.1.1.pom
2026.01.15 23:30:46 INFO  BSP server: Downloading https://repo.scala-lang.org/artifactory/maven-nightlies/com/lihaoyi/sourcecode_2.12/0.4.4/sourcecode_2.12-0.4.4.pom.sha1
2026.01.15 23:30:46 INFO  BSP server: Downloaded https://repo.scala-lang.org/artifactory/maven-nightlies/io/zipkin/reporter2/zipkin-sender-urlconnection/2.17.2/zipkin-sender-urlconnection-2.17.2.pom
2026.01.15 23:30:46 INFO  BSP server: Downloading https://repo.scala-lang.org/artifactory/maven-nightlies/ch/epfl/scala/bsp4s_2.12/2.1.1/bsp4s_2.12-2.1.1.pom.sha1
2026.01.15 23:30:46 INFO  BSP server: Downloaded https://repo.scala-lang.org/artifactory/maven-nightlies/org/scala-lang/scala-reflect/2.12.20/scala-reflect-2.12.20.pom
2026.01.15 23:30:46 INFO  BSP server: Downloading https://repo.scala-lang.org/artifactory/maven-nightlies/io/zipkin/reporter2/zipkin-sender-urlconnection/2.17.2/zipkin-sender-urlconnection-2.17.2.pom.sha1
2026.01.15 23:30:46 INFO  BSP server: Downloaded https://repo.scala-lang.org/artifactory/maven-nightlies/org/scala-sbt/librarymanagement-ivy_2.12/1.11.6/librarymanagement-ivy_2.12-1.11.6.pom.sha1
2026.01.15 23:30:46 INFO  BSP server: Downloaded https://repo.scala-lang.org/artifactory/maven-nightlies/com/lihaoyi/sourcecode_2.12/0.4.4/sourcecode_2.12-0.4.4.pom.sha1
2026.01.15 23:30:46 INFO  BSP server: Downloading https://repo.scala-lang.org/artifactory/maven-nightlies/org/scala-lang/scala-reflect/2.12.20/scala-reflect-2.12.20.pom.sha1
2026.01.15 23:30:46 INFO  BSP server: Downloaded https://repo.scala-lang.org/artifactory/maven-nightlies/ch/epfl/scala/bsp4s_2.12/2.1.1/bsp4s_2.12-2.1.1.pom.sha1
2026.01.15 23:30:46 INFO  BSP server: Downloaded https://repo.scala-lang.org/artifactory/maven-nightlies/io/monix/monix-tail_2.12/3.2.0/monix-tail_2.12-3.2.0.pom.sha1
2026.01.15 23:30:46 INFO  BSP server: Downloaded https://repo.scala-lang.org/artifactory/maven-nightlies/io/zipkin/reporter2/zipkin-sender-urlconnection/2.17.2/zipkin-sender-urlconnection-2.17.2.pom.sha1
2026.01.15 23:30:47 INFO  BSP server: Downloaded https://repo.scala-lang.org/artifactory/maven-nightlies/org/scala-lang/scala-reflect/2.12.20/scala-reflect-2.12.20.pom.sha1
2026.01.15 23:31:05 INFO  BSP server: Failed to download https://central.sonatype.com/repository/maven-snapshots/io/monix/monix-eval_2.12/3.2.0/monix-eval_2.12-3.2.0.pom.sha1
2026.01.15 23:31:05 INFO  BSP server: Downloading https://repo.scala-lang.org/artifactory/maven-nightlies/io/monix/monix-eval_2.12/3.2.0/monix-eval_2.12-3.2.0.pom
2026.01.15 23:31:05 INFO  BSP server: Downloaded https://repo.scala-lang.org/artifactory/maven-nightlies/io/monix/monix-eval_2.12/3.2.0/monix-eval_2.12-3.2.0.pom
2026.01.15 23:31:05 INFO  BSP server: Downloading https://repo.scala-lang.org/artifactory/maven-nightlies/io/monix/monix-eval_2.12/3.2.0/monix-eval_2.12-3.2.0.pom.sha1
2026.01.15 23:31:07 INFO  BSP server: Downloaded https://repo.scala-lang.org/artifactory/maven-nightlies/io/monix/monix-eval_2.12/3.2.0/monix-eval_2.12-3.2.0.pom.sha1
2026.01.15 23:31:07 INFO  BSP server: Downloading https://oss.sonatype.org/content/repositories/snapshots/org/apache/logging/log4j/log4j/2.23.0/log4j-2.23.0.pom
2026.01.15 23:31:07 INFO  BSP server: Downloading https://oss.sonatype.org/content/repositories/snapshots/io/zipkin/reporter2/zipkin-reporter-parent/2.17.2/zipkin-reporter-parent-2.17.2.pom
2026.01.15 23:31:07 INFO  BSP server: Downloading https://oss.sonatype.org/content/repositories/snapshots/io/zipkin/brave/brave-parent/5.18.1/brave-parent-5.18.1.pom
2026.01.15 23:31:08 INFO  BSP server: Failed to download https://oss.sonatype.org/content/repositories/snapshots/io/zipkin/brave/brave-parent/5.18.1/brave-parent-5.18.1.pom
2026.01.15 23:31:08 INFO  BSP server: Downloading https://oss.sonatype.org/content/repositories/snapshots/io/zipkin/brave/brave-parent/5.18.1/brave-parent-5.18.1.pom.sha1
2026.01.15 23:31:08 INFO  BSP server: Failed to download https://oss.sonatype.org/content/repositories/snapshots/org/apache/logging/log4j/log4j/2.23.0/log4j-2.23.0.pom
2026.01.15 23:31:08 INFO  BSP server: Failed to download https://oss.sonatype.org/content/repositories/snapshots/io/zipkin/reporter2/zipkin-reporter-parent/2.17.2/zipkin-reporter-parent-2.17.2.pom
2026.01.15 23:31:08 INFO  BSP server: Downloading https://oss.sonatype.org/content/repositories/snapshots/io/zipkin/reporter2/zipkin-reporter-parent/2.17.2/zipkin-reporter-parent-2.17.2.pom.sha1
2026.01.15 23:31:08 INFO  BSP server: Downloading https://oss.sonatype.org/content/repositories/snapshots/org/apache/logging/log4j/log4j/2.23.0/log4j-2.23.0.pom.sha1
2026.01.15 23:31:09 INFO  BSP server: Failed to download https://oss.sonatype.org/content/repositories/snapshots/io/zipkin/brave/brave-parent/5.18.1/brave-parent-5.18.1.pom.sha1
2026.01.15 23:31:09 INFO  BSP server: Downloading https://s01.oss.sonatype.org/content/repositories/snapshots/io/zipkin/brave/brave-parent/5.18.1/brave-parent-5.18.1.pom
2026.01.15 23:31:09 INFO  BSP server: Failed to download https://oss.sonatype.org/content/repositories/snapshots/io/zipkin/reporter2/zipkin-reporter-parent/2.17.2/zipkin-reporter-parent-2.17.2.pom.sha1
2026.01.15 23:31:09 INFO  BSP server: Downloading https://s01.oss.sonatype.org/content/repositories/snapshots/io/zipkin/reporter2/zipkin-reporter-parent/2.17.2/zipkin-reporter-parent-2.17.2.pom
2026.01.15 23:31:09 INFO  BSP server: Failed to download https://oss.sonatype.org/content/repositories/snapshots/org/apache/logging/log4j/log4j/2.23.0/log4j-2.23.0.pom.sha1
2026.01.15 23:31:09 INFO  BSP server: Downloading https://s01.oss.sonatype.org/content/repositories/snapshots/org/apache/logging/log4j/log4j/2.23.0/log4j-2.23.0.pom
2026.01.15 23:31:09 INFO  BSP server: Failed to download https://s01.oss.sonatype.org/content/repositories/snapshots/io/zipkin/brave/brave-parent/5.18.1/brave-parent-5.18.1.pom
2026.01.15 23:31:09 INFO  BSP server: Downloading https://s01.oss.sonatype.org/content/repositories/snapshots/io/zipkin/brave/brave-parent/5.18.1/brave-parent-5.18.1.pom.sha1
2026.01.15 23:31:10 INFO  BSP server: Failed to download https://s01.oss.sonatype.org/content/repositories/snapshots/org/apache/logging/log4j/log4j/2.23.0/log4j-2.23.0.pom
2026.01.15 23:31:10 INFO  BSP server: Failed to download https://s01.oss.sonatype.org/content/repositories/snapshots/io/zipkin/reporter2/zipkin-reporter-parent/2.17.2/zipkin-reporter-parent-2.17.2.pom
2026.01.15 23:31:10 INFO  BSP server: Downloading https://s01.oss.sonatype.org/content/repositories/snapshots/org/apache/logging/log4j/log4j/2.23.0/log4j-2.23.0.pom.sha1
2026.01.15 23:31:10 INFO  BSP server: Downloading https://s01.oss.sonatype.org/content/repositories/snapshots/io/zipkin/reporter2/zipkin-reporter-parent/2.17.2/zipkin-reporter-parent-2.17.2.pom.sha1
2026.01.15 23:31:10 INFO  BSP server: Failed to download https://s01.oss.sonatype.org/content/repositories/snapshots/io/zipkin/brave/brave-parent/5.18.1/brave-parent-5.18.1.pom.sha1
2026.01.15 23:31:10 INFO  BSP server: Downloading https://central.sonatype.com/repository/maven-snapshots/io/zipkin/brave/brave-parent/5.18.1/brave-parent-5.18.1.pom
2026.01.15 23:31:10 INFO  BSP server: Failed to download https://s01.oss.sonatype.org/content/repositories/snapshots/io/zipkin/reporter2/zipkin-reporter-parent/2.17.2/zipkin-reporter-parent-2.17.2.pom.sha1
2026.01.15 23:31:10 INFO  BSP server: Downloading https://central.sonatype.com/repository/maven-snapshots/io/zipkin/reporter2/zipkin-reporter-parent/2.17.2/zipkin-reporter-parent-2.17.2.pom
2026.01.15 23:31:10 INFO  BSP server: Failed to download https://s01.oss.sonatype.org/content/repositories/snapshots/org/apache/logging/log4j/log4j/2.23.0/log4j-2.23.0.pom.sha1
2026.01.15 23:31:10 INFO  BSP server: Downloading https://central.sonatype.com/repository/maven-snapshots/org/apache/logging/log4j/log4j/2.23.0/log4j-2.23.0.pom
2026.01.15 23:31:12 INFO  BSP server: Failed to download https://central.sonatype.com/repository/maven-snapshots/io/zipkin/brave/brave-parent/5.18.1/brave-parent-5.18.1.pom
2026.01.15 23:31:12 INFO  BSP server: Downloading https://central.sonatype.com/repository/maven-snapshots/io/zipkin/brave/brave-parent/5.18.1/brave-parent-5.18.1.pom.sha1
2026.01.15 23:31:12 INFO  BSP server: Failed to download https://central.sonatype.com/repository/maven-snapshots/org/apache/logging/log4j/log4j/2.23.0/log4j-2.23.0.pom
2026.01.15 23:31:12 INFO  BSP server: Downloading https://central.sonatype.com/repository/maven-snapshots/org/apache/logging/log4j/log4j/2.23.0/log4j-2.23.0.pom.sha1
2026.01.15 23:31:12 INFO  BSP server: Failed to download https://central.sonatype.com/repository/maven-snapshots/io/zipkin/reporter2/zipkin-reporter-parent/2.17.2/zipkin-reporter-parent-2.17.2.pom
2026.01.15 23:31:12 INFO  BSP server: Downloading https://central.sonatype.com/repository/maven-snapshots/io/zipkin/reporter2/zipkin-reporter-parent/2.17.2/zipkin-reporter-parent-2.17.2.pom.sha1
2026.01.15 23:31:12 INFO  BSP server: Failed to download https://central.sonatype.com/repository/maven-snapshots/io/zipkin/brave/brave-parent/5.18.1/brave-parent-5.18.1.pom.sha1
2026.01.15 23:31:12 INFO  BSP server: Downloading https://repo.scala-lang.org/artifactory/maven-nightlies/io/zipkin/brave/brave-parent/5.18.1/brave-parent-5.18.1.pom
2026.01.15 23:31:13 INFO  BSP server: Failed to download https://central.sonatype.com/repository/maven-snapshots/org/apache/logging/log4j/log4j/2.23.0/log4j-2.23.0.pom.sha1
2026.01.15 23:31:13 INFO  BSP server: Failed to download https://central.sonatype.com/repository/maven-snapshots/io/zipkin/reporter2/zipkin-reporter-parent/2.17.2/zipkin-reporter-parent-2.17.2.pom.sha1
2026.01.15 23:31:13 INFO  BSP server: Downloading https://repo.scala-lang.org/artifactory/maven-nightlies/io/zipkin/reporter2/zipkin-reporter-parent/2.17.2/zipkin-reporter-parent-2.17.2.pom
2026.01.15 23:31:13 INFO  BSP server: Downloading https://repo.scala-lang.org/artifactory/maven-nightlies/org/apache/logging/log4j/log4j/2.23.0/log4j-2.23.0.pom
2026.01.15 23:31:13 INFO  BSP server: Downloaded https://repo.scala-lang.org/artifactory/maven-nightlies/io/zipkin/brave/brave-parent/5.18.1/brave-parent-5.18.1.pom
2026.01.15 23:31:13 INFO  BSP server: Downloading https://repo.scala-lang.org/artifactory/maven-nightlies/io/zipkin/brave/brave-parent/5.18.1/brave-parent-5.18.1.pom.sha1
2026.01.15 23:31:14 INFO  BSP server: Downloaded https://repo.scala-lang.org/artifactory/maven-nightlies/io/zipkin/brave/brave-parent/5.18.1/brave-parent-5.18.1.pom.sha1
2026.01.15 23:31:14 INFO  BSP server: Downloaded https://repo.scala-lang.org/artifactory/maven-nightlies/io/zipkin/reporter2/zipkin-reporter-parent/2.17.2/zipkin-reporter-parent-2.17.2.pom
2026.01.15 23:31:14 INFO  BSP server: Downloading https://repo.scala-lang.org/artifactory/maven-nightlies/io/zipkin/reporter2/zipkin-reporter-parent/2.17.2/zipkin-reporter-parent-2.17.2.pom.sha1
2026.01.15 23:31:14 INFO  BSP server: Downloaded https://repo.scala-lang.org/artifactory/maven-nightlies/org/apache/logging/log4j/log4j/2.23.0/log4j-2.23.0.pom
2026.01.15 23:31:14 INFO  BSP server: Downloading https://repo.scala-lang.org/artifactory/maven-nightlies/org/apache/logging/log4j/log4j/2.23.0/log4j-2.23.0.pom.sha1
2026.01.15 23:31:14 INFO  BSP server: Downloaded https://repo.scala-lang.org/artifactory/maven-nightlies/io/zipkin/reporter2/zipkin-reporter-parent/2.17.2/zipkin-reporter-parent-2.17.2.pom.sha1
2026.01.15 23:31:15 INFO  BSP server: Downloaded https://repo.scala-lang.org/artifactory/maven-nightlies/org/apache/logging/log4j/log4j/2.23.0/log4j-2.23.0.pom.sha1
2026.01.15 23:31:15 INFO  BSP server: Downloading https://oss.sonatype.org/content/repositories/snapshots/org/apache/logging/log4j/log4j-bom/2.23.0/log4j-bom-2.23.0.pom
2026.01.15 23:31:17 INFO  BSP server: Failed to download https://oss.sonatype.org/content/repositories/snapshots/org/apache/logging/log4j/log4j-bom/2.23.0/log4j-bom-2.23.0.pom
2026.01.15 23:31:17 INFO  BSP server: Downloading https://oss.sonatype.org/content/repositories/snapshots/org/apache/logging/log4j/log4j-bom/2.23.0/log4j-bom-2.23.0.pom.sha1
2026.01.15 23:31:17 INFO  BSP server: Failed to download https://oss.sonatype.org/content/repositories/snapshots/org/apache/logging/log4j/log4j-bom/2.23.0/log4j-bom-2.23.0.pom.sha1
2026.01.15 23:31:17 INFO  BSP server: Downloading https://s01.oss.sonatype.org/content/repositories/snapshots/org/apache/logging/log4j/log4j-bom/2.23.0/log4j-bom-2.23.0.pom
2026.01.15 23:31:18 INFO  BSP server: Failed to download https://s01.oss.sonatype.org/content/repositories/snapshots/org/apache/logging/log4j/log4j-bom/2.23.0/log4j-bom-2.23.0.pom
2026.01.15 23:31:18 INFO  BSP server: Downloading https://s01.oss.sonatype.org/content/repositories/snapshots/org/apache/logging/log4j/log4j-bom/2.23.0/log4j-bom-2.23.0.pom.sha1
2026.01.15 23:31:18 INFO  BSP server: Failed to download https://s01.oss.sonatype.org/content/repositories/snapshots/org/apache/logging/log4j/log4j-bom/2.23.0/log4j-bom-2.23.0.pom.sha1
2026.01.15 23:31:18 INFO  BSP server: Downloading https://central.sonatype.com/repository/maven-snapshots/org/apache/logging/log4j/log4j-bom/2.23.0/log4j-bom-2.23.0.pom
2026.01.15 23:31:20 INFO  BSP server: Failed to download https://central.sonatype.com/repository/maven-snapshots/org/apache/logging/log4j/log4j-bom/2.23.0/log4j-bom-2.23.0.pom
2026.01.15 23:31:20 INFO  BSP server: Downloading https://central.sonatype.com/repository/maven-snapshots/org/apache/logging/log4j/log4j-bom/2.23.0/log4j-bom-2.23.0.pom.sha1
2026.01.15 23:31:20 INFO  BSP server: Failed to download https://central.sonatype.com/repository/maven-snapshots/org/apache/logging/log4j/log4j-bom/2.23.0/log4j-bom-2.23.0.pom.sha1
2026.01.15 23:31:20 INFO  BSP server: Downloading https://repo.scala-lang.org/artifactory/maven-nightlies/org/apache/logging/log4j/log4j-bom/2.23.0/log4j-bom-2.23.0.pom
2026.01.15 23:31:22 INFO  BSP server: Downloaded https://repo.scala-lang.org/artifactory/maven-nightlies/org/apache/logging/log4j/log4j-bom/2.23.0/log4j-bom-2.23.0.pom
2026.01.15 23:31:22 INFO  BSP server: Downloading https://repo.scala-lang.org/artifactory/maven-nightlies/org/apache/logging/log4j/log4j-bom/2.23.0/log4j-bom-2.23.0.pom.sha1
2026.01.15 23:31:22 INFO  BSP server: Downloaded https://repo.scala-lang.org/artifactory/maven-nightlies/org/apache/logging/log4j/log4j-bom/2.23.0/log4j-bom-2.23.0.pom.sha1
2026.01.15 23:31:22 INFO  BSP server: Downloading https://oss.sonatype.org/content/repositories/snapshots/org/apache/logging/logging-parent/10.6.0/logging-parent-10.6.0.pom
2026.01.15 23:31:22 WARN  no build target for: C:\Users\rahul\My Repos\My_Python-codes\Tensorflow_Files\new.scala
2026.01.15 23:31:23 INFO  BSP server: Failed to download https://oss.sonatype.org/content/repositories/snapshots/org/apache/logging/logging-parent/10.6.0/logging-parent-10.6.0.pom
2026.01.15 23:31:23 INFO  BSP server: Downloading https://oss.sonatype.org/content/repositories/snapshots/org/apache/logging/logging-parent/10.6.0/logging-parent-10.6.0.pom.sha1
2026.01.15 23:31:23 INFO  BSP server: Failed to download https://oss.sonatype.org/content/repositories/snapshots/org/apache/logging/logging-parent/10.6.0/logging-parent-10.6.0.pom.sha1
2026.01.15 23:31:23 INFO  BSP server: Downloading https://s01.oss.sonatype.org/content/repositories/snapshots/org/apache/logging/logging-parent/10.6.0/logging-parent-10.6.0.pom
2026.01.15 23:31:24 INFO  BSP server: Failed to download https://s01.oss.sonatype.org/content/repositories/snapshots/org/apache/logging/logging-parent/10.6.0/logging-parent-10.6.0.pom
2026.01.15 23:31:24 INFO  BSP server: Downloading https://s01.oss.sonatype.org/content/repositories/snapshots/org/apache/logging/logging-parent/10.6.0/logging-parent-10.6.0.pom.sha1
2026.01.15 23:31:24 INFO  BSP server: Failed to download https://s01.oss.sonatype.org/content/repositories/snapshots/org/apache/logging/logging-parent/10.6.0/logging-parent-10.6.0.pom.sha1
2026.01.15 23:31:24 INFO  BSP server: Downloading https://central.sonatype.com/repository/maven-snapshots/org/apache/logging/logging-parent/10.6.0/logging-parent-10.6.0.pom
2026.01.15 23:31:26 INFO  BSP server: Failed to download https://central.sonatype.com/repository/maven-snapshots/org/apache/logging/logging-parent/10.6.0/logging-parent-10.6.0.pom
2026.01.15 23:31:26 INFO  BSP server: Downloading https://central.sonatype.com/repository/maven-snapshots/org/apache/logging/logging-parent/10.6.0/logging-parent-10.6.0.pom.sha1
2026.01.15 23:31:38 ERROR Timeout waiting for 'build/initialize' response
2026.01.15 23:31:38 WARN  Retrying connection to the build server scala-cli
2026.01.15 23:31:38 INFO  Running BSP server List(C:\Users\rahul\AppData\Local\Coursier\data\bin\.scala-cli.aux.exe, bsp, --json-options, C:\Users\rahul\My Repos\My_Python-codes\.scala-build\ide-options-v2.json, --json-launcher-options, C:\Users\rahul\My Repos\My_Python-codes\.scala-build\ide-launcher-options.json, --envs-file, C:\Users\rahul\My Repos\My_Python-codes\.scala-build\ide-envs.json, C:\Users\rahul\My Repos\My_Python-codes)
2026.01.15 23:31:38 INFO  tracing is disabled for protocol BSP, to enable tracing of incoming and outgoing JSON messages create an empty file at C:\Users\rahul\My Repos\My_Python-codes\.metals\bsp.trace.json or C:\Users\rahul\AppData\Local\scalameta\metals\cache\bsp.trace.json
2026.01.15 23:31:39 INFO  BSP server: Downloading https://oss.sonatype.org/content/repositories/snapshots/org/apache/logging/logging-parent/10.6.0/logging-parent-10.6.0.pom
2026.01.15 23:31:40 INFO  BSP server: Failed to download https://oss.sonatype.org/content/repositories/snapshots/org/apache/logging/logging-parent/10.6.0/logging-parent-10.6.0.pom
2026.01.15 23:31:40 INFO  BSP server: Downloading https://oss.sonatype.org/content/repositories/snapshots/org/apache/logging/logging-parent/10.6.0/logging-parent-10.6.0.pom.sha1
2026.01.15 23:31:40 INFO  BSP server: Failed to download https://oss.sonatype.org/content/repositories/snapshots/org/apache/logging/logging-parent/10.6.0/logging-parent-10.6.0.pom.sha1
2026.01.15 23:31:40 INFO  BSP server: Downloading https://s01.oss.sonatype.org/content/repositories/snapshots/org/apache/logging/logging-parent/10.6.0/logging-parent-10.6.0.pom
2026.01.15 23:31:42 INFO  BSP server: Failed to download https://s01.oss.sonatype.org/content/repositories/snapshots/org/apache/logging/logging-parent/10.6.0/logging-parent-10.6.0.pom
2026.01.15 23:31:42 INFO  BSP server: Downloading https://s01.oss.sonatype.org/content/repositories/snapshots/org/apache/logging/logging-parent/10.6.0/logging-parent-10.6.0.pom.sha1
2026.01.15 23:31:42 INFO  BSP server: Failed to download https://s01.oss.sonatype.org/content/repositories/snapshots/org/apache/logging/logging-parent/10.6.0/logging-parent-10.6.0.pom.sha1
2026.01.15 23:31:42 INFO  BSP server: Downloading https://central.sonatype.com/repository/maven-snapshots/org/apache/logging/logging-parent/10.6.0/logging-parent-10.6.0.pom
2026.01.15 23:31:43 INFO  BSP server: Failed to download https://central.sonatype.com/repository/maven-snapshots/org/apache/logging/logging-parent/10.6.0/logging-parent-10.6.0.pom
2026.01.15 23:31:43 INFO  BSP server: Downloading https://central.sonatype.com/repository/maven-snapshots/org/apache/logging/logging-parent/10.6.0/logging-parent-10.6.0.pom.sha1
2026.01.15 23:31:43 INFO  BSP server: Failed to download https://central.sonatype.com/repository/maven-snapshots/org/apache/logging/logging-parent/10.6.0/logging-parent-10.6.0.pom.sha1
2026.01.15 23:31:43 INFO  BSP server: Downloading https://repo.scala-lang.org/artifactory/maven-nightlies/org/apache/logging/logging-parent/10.6.0/logging-parent-10.6.0.pom
2026.01.15 23:31:48 INFO  BSP server: Downloaded https://repo.scala-lang.org/artifactory/maven-nightlies/org/apache/logging/logging-parent/10.6.0/logging-parent-10.6.0.pom
2026.01.15 23:31:48 INFO  BSP server: Downloading https://repo.scala-lang.org/artifactory/maven-nightlies/org/apache/logging/logging-parent/10.6.0/logging-parent-10.6.0.pom.sha1
2026.01.15 23:31:48 INFO  BSP server: Downloaded https://repo.scala-lang.org/artifactory/maven-nightlies/org/apache/logging/logging-parent/10.6.0/logging-parent-10.6.0.pom.sha1
2026.01.15 23:31:48 INFO  BSP server: Downloading https://oss.sonatype.org/content/repositories/snapshots/io/netty/netty-bom/4.1.107.Final/netty-bom-4.1.107.Final.pom
2026.01.15 23:31:48 INFO  BSP server: Downloading https://oss.sonatype.org/content/repositories/snapshots/io/fabric8/kubernetes-client-bom/5.12.4/kubernetes-client-bom-5.12.4.pom
2026.01.15 23:31:48 INFO  BSP server: Downloading https://oss.sonatype.org/content/repositories/snapshots/org/codehaus/groovy/groovy-bom/3.0.20/groovy-bom-3.0.20.pom
2026.01.15 23:31:48 INFO  BSP server: Downloading https://oss.sonatype.org/content/repositories/snapshots/com/fasterxml/jackson/jackson-bom/2.16.1/jackson-bom-2.16.1.pom
2026.01.15 23:31:48 INFO  BSP server: Downloading https://oss.sonatype.org/content/repositories/snapshots/org/eclipse/jetty/jetty-bom/9.4.54.v20240208/jetty-bom-9.4.54.v20240208.pom
2026.01.15 23:31:48 INFO  BSP server: Downloading https://oss.sonatype.org/content/repositories/snapshots/org/mockito/mockito-bom/4.11.0/mockito-bom-4.11.0.pom
2026.01.15 23:31:49 INFO  BSP server: Failed to download https://oss.sonatype.org/content/repositories/snapshots/io/netty/netty-bom/4.1.107.Final/netty-bom-4.1.107.Final.pom
2026.01.15 23:31:49 INFO  BSP server: Downloading https://oss.sonatype.org/content/repositories/snapshots/io/netty/netty-bom/4.1.107.Final/netty-bom-4.1.107.Final.pom.sha1
2026.01.15 23:31:49 INFO  BSP server: Failed to download https://oss.sonatype.org/content/repositories/snapshots/io/fabric8/kubernetes-client-bom/5.12.4/kubernetes-client-bom-5.12.4.pom
2026.01.15 23:31:49 INFO  BSP server: Downloading https://oss.sonatype.org/content/repositories/snapshots/io/fabric8/kubernetes-client-bom/5.12.4/kubernetes-client-bom-5.12.4.pom.sha1
2026.01.15 23:31:49 INFO  BSP server: Failed to download https://oss.sonatype.org/content/repositories/snapshots/org/eclipse/jetty/jetty-bom/9.4.54.v20240208/jetty-bom-9.4.54.v20240208.pom
2026.01.15 23:31:49 INFO  BSP server: Downloading https://oss.sonatype.org/content/repositories/snapshots/org/springframework/spring-framework-bom/5.3.32/spring-framework-bom-5.3.32.pom
2026.01.15 23:31:49 INFO  BSP server: Failed to download https://oss.sonatype.org/content/repositories/snapshots/com/fasterxml/jackson/jackson-bom/2.16.1/jackson-bom-2.16.1.pom
2026.01.15 23:31:49 INFO  BSP server: Downloading https://oss.sonatype.org/content/repositories/snapshots/jakarta/platform/jakarta.jakartaee-bom/9.1.0/jakarta.jakartaee-bom-9.1.0.pom
2026.01.15 23:31:49 INFO  BSP server: Failed to download https://oss.sonatype.org/content/repositories/snapshots/org/mockito/mockito-bom/4.11.0/mockito-bom-4.11.0.pom
2026.01.15 23:31:49 INFO  BSP server: Downloading https://oss.sonatype.org/content/repositories/snapshots/org/eclipse/jetty/jetty-bom/9.4.54.v20240208/jetty-bom-9.4.54.v20240208.pom.sha1
2026.01.15 23:31:49 INFO  BSP server: Failed to download https://oss.sonatype.org/content/repositories/snapshots/io/fabric8/kubernetes-client-bom/5.12.4/kubernetes-client-bom-5.12.4.pom.sha1
2026.01.15 23:31:49 INFO  BSP server: Failed to download https://oss.sonatype.org/content/repositories/snapshots/org/springframework/spring-framework-bom/5.3.32/spring-framework-bom-5.3.32.pom
2026.01.15 23:31:49 INFO  BSP server: Failed to download https://oss.sonatype.org/content/repositories/snapshots/io/netty/netty-bom/4.1.107.Final/netty-bom-4.1.107.Final.pom.sha1
2026.01.15 23:31:49 INFO  BSP server: Downloading https://oss.sonatype.org/content/repositories/snapshots/com/fasterxml/jackson/jackson-bom/2.16.1/jackson-bom-2.16.1.pom.sha1
2026.01.15 23:31:49 INFO  BSP server: Downloading https://oss.sonatype.org/content/repositories/snapshots/org/mockito/mockito-bom/4.11.0/mockito-bom-4.11.0.pom.sha1
2026.01.15 23:31:49 INFO  BSP server: Downloading https://oss.sonatype.org/content/repositories/snapshots/org/springframework/spring-framework-bom/5.3.32/spring-framework-bom-5.3.32.pom.sha1
2026.01.15 23:31:49 INFO  BSP server: Failed to download https://oss.sonatype.org/content/repositories/snapshots/jakarta/platform/jakarta.jakartaee-bom/9.1.0/jakarta.jakartaee-bom-9.1.0.pom
2026.01.15 23:31:49 INFO  BSP server: Downloading https://oss.sonatype.org/content/repositories/snapshots/jakarta/platform/jakarta.jakartaee-bom/9.1.0/jakarta.jakartaee-bom-9.1.0.pom.sha1
2026.01.15 23:31:49 INFO  BSP server: Failed to download https://oss.sonatype.org/content/repositories/snapshots/org/eclipse/jetty/jetty-bom/9.4.54.v20240208/jetty-bom-9.4.54.v20240208.pom.sha1
2026.01.15 23:31:49 INFO  BSP server: Downloading https://s01.oss.sonatype.org/content/repositories/snapshots/io/fabric8/kubernetes-client-bom/5.12.4/kubernetes-client-bom-5.12.4.pom
2026.01.15 23:31:49 INFO  BSP server: Failed to download https://oss.sonatype.org/content/repositories/snapshots/org/codehaus/groovy/groovy-bom/3.0.20/groovy-bom-3.0.20.pom
2026.01.15 23:31:49 INFO  BSP server: Downloading https://s01.oss.sonatype.org/content/repositories/snapshots/io/netty/netty-bom/4.1.107.Final/netty-bom-4.1.107.Final.pom
2026.01.15 23:31:49 INFO  BSP server: Failed to download https://oss.sonatype.org/content/repositories/snapshots/jakarta/platform/jakarta.jakartaee-bom/9.1.0/jakarta.jakartaee-bom-9.1.0.pom.sha1
2026.01.15 23:31:49 INFO  BSP server: Failed to download https://oss.sonatype.org/content/repositories/snapshots/org/springframework/spring-framework-bom/5.3.32/spring-framework-bom-5.3.32.pom.sha1
2026.01.15 23:31:49 INFO  BSP server: Failed to download https://oss.sonatype.org/content/repositories/snapshots/com/fasterxml/jackson/jackson-bom/2.16.1/jackson-bom-2.16.1.pom.sha1
2026.01.15 23:31:49 INFO  BSP server: Downloading https://oss.sonatype.org/content/repositories/snapshots/org/codehaus/groovy/groovy-bom/3.0.20/groovy-bom-3.0.20.pom.sha1
2026.01.15 23:31:49 INFO  BSP server: Downloading https://s01.oss.sonatype.org/content/repositories/snapshots/jakarta/platform/jakarta.jakartaee-bom/9.1.0/jakarta.jakartaee-bom-9.1.0.pom
2026.01.15 23:31:49 INFO  BSP server: Downloading https://s01.oss.sonatype.org/content/repositories/snapshots/org/eclipse/jetty/jetty-bom/9.4.54.v20240208/jetty-bom-9.4.54.v20240208.pom
2026.01.15 23:31:49 INFO  BSP server: Failed to download https://oss.sonatype.org/content/repositories/snapshots/org/mockito/mockito-bom/4.11.0/mockito-bom-4.11.0.pom.sha1
2026.01.15 23:31:49 INFO  BSP server: Downloading https://s01.oss.sonatype.org/content/repositories/snapshots/org/springframework/spring-framework-bom/5.3.32/spring-framework-bom-5.3.32.pom
2026.01.15 23:31:50 INFO  BSP server: Failed to download https://oss.sonatype.org/content/repositories/snapshots/org/codehaus/groovy/groovy-bom/3.0.20/groovy-bom-3.0.20.pom.sha1
2026.01.15 23:31:50 INFO  BSP server: Downloading https://s01.oss.sonatype.org/content/repositories/snapshots/com/fasterxml/jackson/jackson-bom/2.16.1/jackson-bom-2.16.1.pom
2026.01.15 23:31:50 INFO  BSP server: Failed to download https://s01.oss.sonatype.org/content/repositories/snapshots/io/fabric8/kubernetes-client-bom/5.12.4/kubernetes-client-bom-5.12.4.pom
2026.01.15 23:31:50 INFO  BSP server: Downloading https://s01.oss.sonatype.org/content/repositories/snapshots/io/fabric8/kubernetes-client-bom/5.12.4/kubernetes-client-bom-5.12.4.pom.sha1
2026.01.15 23:31:50 INFO  BSP server: Failed to download https://s01.oss.sonatype.org/content/repositories/snapshots/io/netty/netty-bom/4.1.107.Final/netty-bom-4.1.107.Final.pom
2026.01.15 23:31:50 INFO  BSP server: Downloading https://s01.oss.sonatype.org/content/repositories/snapshots/org/mockito/mockito-bom/4.11.0/mockito-bom-4.11.0.pom
2026.01.15 23:31:50 INFO  BSP server: Failed to download https://s01.oss.sonatype.org/content/repositories/snapshots/org/springframework/spring-framework-bom/5.3.32/spring-framework-bom-5.3.32.pom
2026.01.15 23:31:50 INFO  BSP server: Downloading https://s01.oss.sonatype.org/content/repositories/snapshots/io/netty/netty-bom/4.1.107.Final/netty-bom-4.1.107.Final.pom.sha1
2026.01.15 23:31:50 INFO  BSP server: Failed to download https://s01.oss.sonatype.org/content/repositories/snapshots/org/eclipse/jetty/jetty-bom/9.4.54.v20240208/jetty-bom-9.4.54.v20240208.pom
2026.01.15 23:31:50 INFO  BSP server: Downloading https://s01.oss.sonatype.org/content/repositories/snapshots/org/codehaus/groovy/groovy-bom/3.0.20/groovy-bom-3.0.20.pom
2026.01.15 23:31:51 INFO  BSP server: Failed to download https://s01.oss.sonatype.org/content/repositories/snapshots/io/fabric8/kubernetes-client-bom/5.12.4/kubernetes-client-bom-5.12.4.pom.sha1
2026.01.15 23:31:51 INFO  BSP server: Failed to download https://s01.oss.sonatype.org/content/repositories/snapshots/jakarta/platform/jakarta.jakartaee-bom/9.1.0/jakarta.jakartaee-bom-9.1.0.pom
2026.01.15 23:31:51 INFO  BSP server: Downloading https://s01.oss.sonatype.org/content/repositories/snapshots/org/eclipse/jetty/jetty-bom/9.4.54.v20240208/jetty-bom-9.4.54.v20240208.pom.sha1
2026.01.15 23:31:51 INFO  BSP server: Downloading https://s01.oss.sonatype.org/content/repositories/snapshots/org/springframework/spring-framework-bom/5.3.32/spring-framework-bom-5.3.32.pom.sha1
2026.01.15 23:31:51 INFO  BSP server: Failed to download https://s01.oss.sonatype.org/content/repositories/snapshots/org/mockito/mockito-bom/4.11.0/mockito-bom-4.11.0.pom
2026.01.15 23:31:51 INFO  BSP server: Downloading https://s01.oss.sonatype.org/content/repositories/snapshots/jakarta/platform/jakarta.jakartaee-bom/9.1.0/jakarta.jakartaee-bom-9.1.0.pom.sha1
2026.01.15 23:31:51 INFO  BSP server: Failed to download https://s01.oss.sonatype.org/content/repositories/snapshots/io/netty/netty-bom/4.1.107.Final/netty-bom-4.1.107.Final.pom.sha1
2026.01.15 23:31:51 INFO  BSP server: Downloading https://s01.oss.sonatype.org/content/repositories/snapshots/org/mockito/mockito-bom/4.11.0/mockito-bom-4.11.0.pom.sha1
2026.01.15 23:31:51 INFO  BSP server: Failed to download https://s01.oss.sonatype.org/content/repositories/snapshots/org/codehaus/groovy/groovy-bom/3.0.20/groovy-bom-3.0.20.pom
2026.01.15 23:31:51 INFO  BSP server: Downloading https://central.sonatype.com/repository/maven-snapshots/io/fabric8/kubernetes-client-bom/5.12.4/kubernetes-client-bom-5.12.4.pom
2026.01.15 23:31:51 INFO  BSP server: Failed to download https://s01.oss.sonatype.org/content/repositories/snapshots/org/eclipse/jetty/jetty-bom/9.4.54.v20240208/jetty-bom-9.4.54.v20240208.pom.sha1
2026.01.15 23:31:51 INFO  BSP server: Downloading https://s01.oss.sonatype.org/content/repositories/snapshots/org/codehaus/groovy/groovy-bom/3.0.20/groovy-bom-3.0.20.pom.sha1
2026.01.15 23:31:51 INFO  BSP server: Failed to download https://s01.oss.sonatype.org/content/repositories/snapshots/org/springframework/spring-framework-bom/5.3.32/spring-framework-bom-5.3.32.pom.sha1
2026.01.15 23:31:51 INFO  BSP server: Downloading https://central.sonatype.com/repository/maven-snapshots/io/netty/netty-bom/4.1.107.Final/netty-bom-4.1.107.Final.pom
2026.01.15 23:31:52 INFO  BSP server: Failed to download https://s01.oss.sonatype.org/content/repositories/snapshots/jakarta/platform/jakarta.jakartaee-bom/9.1.0/jakarta.jakartaee-bom-9.1.0.pom.sha1
2026.01.15 23:31:52 INFO  BSP server: Downloading https://central.sonatype.com/repository/maven-snapshots/org/eclipse/jetty/jetty-bom/9.4.54.v20240208/jetty-bom-9.4.54.v20240208.pom
2026.01.15 23:31:52 INFO  BSP server: Failed to download https://s01.oss.sonatype.org/content/repositories/snapshots/com/fasterxml/jackson/jackson-bom/2.16.1/jackson-bom-2.16.1.pom
2026.01.15 23:31:52 INFO  BSP server: Downloading https://central.sonatype.com/repository/maven-snapshots/org/springframework/spring-framework-bom/5.3.32/spring-framework-bom-5.3.32.pom
2026.01.15 23:31:52 INFO  BSP server: Failed to download https://s01.oss.sonatype.org/content/repositories/snapshots/org/mockito/mockito-bom/4.11.0/mockito-bom-4.11.0.pom.sha1
2026.01.15 23:31:52 INFO  BSP server: Downloading https://s01.oss.sonatype.org/content/repositories/snapshots/com/fasterxml/jackson/jackson-bom/2.16.1/jackson-bom-2.16.1.pom.sha1
2026.01.15 23:31:52 INFO  BSP server: Failed to download https://central.sonatype.com/repository/maven-snapshots/io/fabric8/kubernetes-client-bom/5.12.4/kubernetes-client-bom-5.12.4.pom
2026.01.15 23:31:52 INFO  BSP server: Downloading https://central.sonatype.com/repository/maven-snapshots/jakarta/platform/jakarta.jakartaee-bom/9.1.0/jakarta.jakartaee-bom-9.1.0.pom
2026.01.15 23:31:52 INFO  BSP server: Failed to download https://central.sonatype.com/repository/maven-snapshots/io/netty/netty-bom/4.1.107.Final/netty-bom-4.1.107.Final.pom
2026.01.15 23:31:52 INFO  BSP server: Downloading https://central.sonatype.com/repository/maven-snapshots/io/fabric8/kubernetes-client-bom/5.12.4/kubernetes-client-bom-5.12.4.pom.sha1
2026.01.15 23:31:53 INFO  BSP server: Failed to download https://central.sonatype.com/repository/maven-snapshots/org/eclipse/jetty/jetty-bom/9.4.54.v20240208/jetty-bom-9.4.54.v20240208.pom
2026.01.15 23:31:53 INFO  BSP server: Downloading https://central.sonatype.com/repository/maven-snapshots/io/netty/netty-bom/4.1.107.Final/netty-bom-4.1.107.Final.pom.sha1
2026.01.15 23:31:53 INFO  BSP server: Failed to download https://central.sonatype.com/repository/maven-snapshots/org/springframework/spring-framework-bom/5.3.32/spring-framework-bom-5.3.32.pom
2026.01.15 23:31:53 INFO  BSP server: Downloading https://central.sonatype.com/repository/maven-snapshots/org/eclipse/jetty/jetty-bom/9.4.54.v20240208/jetty-bom-9.4.54.v20240208.pom.sha1
2026.01.15 23:31:53 INFO  BSP server: Failed to download https://s01.oss.sonatype.org/content/repositories/snapshots/com/fasterxml/jackson/jackson-bom/2.16.1/jackson-bom-2.16.1.pom.sha1
2026.01.15 23:31:53 INFO  BSP server: Downloading https://central.sonatype.com/repository/maven-snapshots/org/mockito/mockito-bom/4.11.0/mockito-bom-4.11.0.pom
2026.01.15 23:31:53 INFO  BSP server: Failed to download https://s01.oss.sonatype.org/content/repositories/snapshots/org/codehaus/groovy/groovy-bom/3.0.20/groovy-bom-3.0.20.pom.sha1
2026.01.15 23:31:53 INFO  BSP server: Downloading https://central.sonatype.com/repository/maven-snapshots/org/springframework/spring-framework-bom/5.3.32/spring-framework-bom-5.3.32.pom.sha1
2026.01.15 23:31:53 INFO  BSP server: Failed to download https://central.sonatype.com/repository/maven-snapshots/jakarta/platform/jakarta.jakartaee-bom/9.1.0/jakarta.jakartaee-bom-9.1.0.pom
2026.01.15 23:31:53 INFO  BSP server: Downloading https://central.sonatype.com/repository/maven-snapshots/jakarta/platform/jakarta.jakartaee-bom/9.1.0/jakarta.jakartaee-bom-9.1.0.pom.sha1
2026.01.15 23:31:53 INFO  BSP server: Failed to download https://central.sonatype.com/repository/maven-snapshots/io/fabric8/kubernetes-client-bom/5.12.4/kubernetes-client-bom-5.12.4.pom.sha1
2026.01.15 23:31:53 INFO  BSP server: Downloading https://central.sonatype.com/repository/maven-snapshots/com/fasterxml/jackson/jackson-bom/2.16.1/jackson-bom-2.16.1.pom
2026.01.15 23:31:53 INFO  BSP server: Failed to download https://central.sonatype.com/repository/maven-snapshots/io/netty/netty-bom/4.1.107.Final/netty-bom-4.1.107.Final.pom.sha1
2026.01.15 23:31:53 INFO  BSP server: Downloading https://central.sonatype.com/repository/maven-snapshots/org/codehaus/groovy/groovy-bom/3.0.20/groovy-bom-3.0.20.pom
2026.01.15 23:31:53 INFO  BSP server: Failed to download https://central.sonatype.com/repository/maven-snapshots/org/eclipse/jetty/jetty-bom/9.4.54.v20240208/jetty-bom-9.4.54.v20240208.pom.sha1
2026.01.15 23:31:53 INFO  BSP server: Downloading https://repo.scala-lang.org/artifactory/maven-nightlies/io/fabric8/kubernetes-client-bom/5.12.4/kubernetes-client-bom-5.12.4.pom
2026.01.15 23:31:55 INFO  BSP server: Failed to download https://central.sonatype.com/repository/maven-snapshots/org/mockito/mockito-bom/4.11.0/mockito-bom-4.11.0.pom
2026.01.15 23:31:55 INFO  BSP server: Downloading https://central.sonatype.com/repository/maven-snapshots/org/mockito/mockito-bom/4.11.0/mockito-bom-4.11.0.pom.sha1
2026.01.15 23:31:55 INFO  BSP server: Failed to download https://central.sonatype.com/repository/maven-snapshots/org/springframework/spring-framework-bom/5.3.32/spring-framework-bom-5.3.32.pom.sha1
2026.01.15 23:31:55 INFO  BSP server: Downloading https://repo.scala-lang.org/artifactory/maven-nightlies/io/netty/netty-bom/4.1.107.Final/netty-bom-4.1.107.Final.pom
2026.01.15 23:31:55 INFO  BSP server: Failed to download https://central.sonatype.com/repository/maven-snapshots/jakarta/platform/jakarta.jakartaee-bom/9.1.0/jakarta.jakartaee-bom-9.1.0.pom.sha1
2026.01.15 23:31:55 INFO  BSP server: Downloading https://repo.scala-lang.org/artifactory/maven-nightlies/org/eclipse/jetty/jetty-bom/9.4.54.v20240208/jetty-bom-9.4.54.v20240208.pom
2026.01.15 23:31:55 INFO  BSP server: Failed to download https://central.sonatype.com/repository/maven-snapshots/org/codehaus/groovy/groovy-bom/3.0.20/groovy-bom-3.0.20.pom
2026.01.15 23:31:55 INFO  BSP server: Failed to download https://central.sonatype.com/repository/maven-snapshots/com/fasterxml/jackson/jackson-bom/2.16.1/jackson-bom-2.16.1.pom
2026.01.15 23:31:55 INFO  BSP server: Downloading https://central.sonatype.com/repository/maven-snapshots/com/fasterxml/jackson/jackson-bom/2.16.1/jackson-bom-2.16.1.pom.sha1
2026.01.15 23:31:55 INFO  BSP server: Downloading https://central.sonatype.com/repository/maven-snapshots/org/codehaus/groovy/groovy-bom/3.0.20/groovy-bom-3.0.20.pom.sha1
2026.01.15 23:31:55 INFO  BSP server: Downloaded https://repo.scala-lang.org/artifactory/maven-nightlies/io/fabric8/kubernetes-client-bom/5.12.4/kubernetes-client-bom-5.12.4.pom
2026.01.15 23:31:55 INFO  BSP server: Downloading https://repo.scala-lang.org/artifactory/maven-nightlies/org/springframework/spring-framework-bom/5.3.32/spring-framework-bom-5.3.32.pom
2026.01.15 23:31:55 INFO  BSP server: Failed to download https://central.sonatype.com/repository/maven-snapshots/org/mockito/mockito-bom/4.11.0/mockito-bom-4.11.0.pom.sha1
2026.01.15 23:31:55 INFO  BSP server: Downloading https://repo.scala-lang.org/artifactory/maven-nightlies/jakarta/platform/jakarta.jakartaee-bom/9.1.0/jakarta.jakartaee-bom-9.1.0.pom
2026.01.15 23:31:56 INFO  BSP server: Downloaded https://repo.scala-lang.org/artifactory/maven-nightlies/org/springframework/spring-framework-bom/5.3.32/spring-framework-bom-5.3.32.pom
2026.01.15 23:31:56 INFO  BSP server: Downloading https://repo.scala-lang.org/artifactory/maven-nightlies/io/fabric8/kubernetes-client-bom/5.12.4/kubernetes-client-bom-5.12.4.pom.sha1
2026.01.15 23:31:56 INFO  BSP server: Downloaded https://repo.scala-lang.org/artifactory/maven-nightlies/org/eclipse/jetty/jetty-bom/9.4.54.v20240208/jetty-bom-9.4.54.v20240208.pom
2026.01.15 23:31:56 INFO  BSP server: Downloading https://repo.scala-lang.org/artifactory/maven-nightlies/org/springframework/spring-framework-bom/5.3.32/spring-framework-bom-5.3.32.pom.sha1
2026.01.15 23:31:56 INFO  BSP server: Failed to download https://central.sonatype.com/repository/maven-snapshots/org/codehaus/groovy/groovy-bom/3.0.20/groovy-bom-3.0.20.pom.sha1
2026.01.15 23:31:56 INFO  BSP server: Failed to download https://central.sonatype.com/repository/maven-snapshots/com/fasterxml/jackson/jackson-bom/2.16.1/jackson-bom-2.16.1.pom.sha1
2026.01.15 23:31:56 INFO  BSP server: Downloading https://repo.scala-lang.org/artifactory/maven-nightlies/org/eclipse/jetty/jetty-bom/9.4.54.v20240208/jetty-bom-9.4.54.v20240208.pom.sha1
2026.01.15 23:31:56 INFO  BSP server: Downloading https://repo.scala-lang.org/artifactory/maven-nightlies/org/mockito/mockito-bom/4.11.0/mockito-bom-4.11.0.pom
2026.01.15 23:31:56 INFO  BSP server: Downloaded https://repo.scala-lang.org/artifactory/maven-nightlies/io/netty/netty-bom/4.1.107.Final/netty-bom-4.1.107.Final.pom
2026.01.15 23:31:56 INFO  BSP server: Downloading https://repo.scala-lang.org/artifactory/maven-nightlies/org/codehaus/groovy/groovy-bom/3.0.20/groovy-bom-3.0.20.pom
2026.01.15 23:31:56 INFO  BSP server: Downloaded https://repo.scala-lang.org/artifactory/maven-nightlies/io/fabric8/kubernetes-client-bom/5.12.4/kubernetes-client-bom-5.12.4.pom.sha1
2026.01.15 23:31:56 INFO  BSP server: Downloading https://repo.scala-lang.org/artifactory/maven-nightlies/com/fasterxml/jackson/jackson-bom/2.16.1/jackson-bom-2.16.1.pom
2026.01.15 23:31:56 INFO  BSP server: Downloaded https://repo.scala-lang.org/artifactory/maven-nightlies/org/springframework/spring-framework-bom/5.3.32/spring-framework-bom-5.3.32.pom.sha1
2026.01.15 23:31:56 INFO  BSP server: Downloading https://repo.scala-lang.org/artifactory/maven-nightlies/io/netty/netty-bom/4.1.107.Final/netty-bom-4.1.107.Final.pom.sha1
2026.01.15 23:31:56 INFO  BSP server: Downloaded https://repo.scala-lang.org/artifactory/maven-nightlies/org/mockito/mockito-bom/4.11.0/mockito-bom-4.11.0.pom
2026.01.15 23:31:56 INFO  BSP server: Downloading https://repo.scala-lang.org/artifactory/maven-nightlies/org/mockito/mockito-bom/4.11.0/mockito-bom-4.11.0.pom.sha1
2026.01.15 23:31:56 INFO  BSP server: Downloaded https://repo.scala-lang.org/artifactory/maven-nightlies/jakarta/platform/jakarta.jakartaee-bom/9.1.0/jakarta.jakartaee-bom-9.1.0.pom
2026.01.15 23:31:56 INFO  BSP server: Downloading https://repo.scala-lang.org/artifactory/maven-nightlies/jakarta/platform/jakarta.jakartaee-bom/9.1.0/jakarta.jakartaee-bom-9.1.0.pom.sha1
2026.01.15 23:31:56 INFO  BSP server: Downloaded https://repo.scala-lang.org/artifactory/maven-nightlies/com/fasterxml/jackson/jackson-bom/2.16.1/jackson-bom-2.16.1.pom
2026.01.15 23:31:56 INFO  BSP server: Downloaded https://repo.scala-lang.org/artifactory/maven-nightlies/io/netty/netty-bom/4.1.107.Final/netty-bom-4.1.107.Final.pom.sha1
2026.01.15 23:31:57 INFO  BSP server: Downloaded https://repo.scala-lang.org/artifactory/maven-nightlies/org/mockito/mockito-bom/4.11.0/mockito-bom-4.11.0.pom.sha1
2026.01.15 23:31:57 INFO  BSP server: Downloaded https://repo.scala-lang.org/artifactory/maven-nightlies/jakarta/platform/jakarta.jakartaee-bom/9.1.0/jakarta.jakartaee-bom-9.1.0.pom.sha1
2026.01.15 23:31:57 INFO  BSP server: Downloaded https://repo.scala-lang.org/artifactory/maven-nightlies/org/codehaus/groovy/groovy-bom/3.0.20/groovy-bom-3.0.20.pom
2026.01.15 23:31:57 INFO  BSP server: Downloading https://repo.scala-lang.org/artifactory/maven-nightlies/org/codehaus/groovy/groovy-bom/3.0.20/groovy-bom-3.0.20.pom.sha1
2026.01.15 23:31:57 INFO  BSP server: Downloaded https://repo.scala-lang.org/artifactory/maven-nightlies/org/eclipse/jetty/jetty-bom/9.4.54.v20240208/jetty-bom-9.4.54.v20240208.pom.sha1
2026.01.15 23:31:57 INFO  BSP server: Downloaded https://repo.scala-lang.org/artifactory/maven-nightlies/org/codehaus/groovy/groovy-bom/3.0.20/groovy-bom-3.0.20.pom.sha1
2026.01.15 23:31:57 INFO  BSP server: Downloading https://oss.sonatype.org/content/repositories/snapshots/jakarta/platform/jakartaee-api-parent/9.1.0/jakartaee-api-parent-9.1.0.pom
2026.01.15 23:31:57 INFO  BSP server: Downloading https://oss.sonatype.org/content/repositories/snapshots/com/fasterxml/jackson/jackson-parent/2.16/jackson-parent-2.16.pom
2026.01.15 23:31:59 INFO  BSP server: Failed to download https://oss.sonatype.org/content/repositories/snapshots/jakarta/platform/jakartaee-api-parent/9.1.0/jakartaee-api-parent-9.1.0.pom
2026.01.15 23:31:59 INFO  BSP server: Downloading https://oss.sonatype.org/content/repositories/snapshots/jakarta/platform/jakartaee-api-parent/9.1.0/jakartaee-api-parent-9.1.0.pom.sha1
2026.01.15 23:31:59 INFO  BSP server: Failed to download https://oss.sonatype.org/content/repositories/snapshots/com/fasterxml/jackson/jackson-parent/2.16/jackson-parent-2.16.pom
2026.01.15 23:31:59 INFO  BSP server: Downloading https://oss.sonatype.org/content/repositories/snapshots/com/fasterxml/jackson/jackson-parent/2.16/jackson-parent-2.16.pom.sha1
2026.01.15 23:31:59 INFO  BSP server: Failed to download https://oss.sonatype.org/content/repositories/snapshots/jakarta/platform/jakartaee-api-parent/9.1.0/jakartaee-api-parent-9.1.0.pom.sha1
2026.01.15 23:31:59 INFO  BSP server: Downloading https://s01.oss.sonatype.org/content/repositories/snapshots/jakarta/platform/jakartaee-api-parent/9.1.0/jakartaee-api-parent-9.1.0.pom
2026.01.15 23:31:59 INFO  BSP server: Failed to download https://oss.sonatype.org/content/repositories/snapshots/com/fasterxml/jackson/jackson-parent/2.16/jackson-parent-2.16.pom.sha1
2026.01.15 23:31:59 INFO  BSP server: Downloading https://s01.oss.sonatype.org/content/repositories/snapshots/com/fasterxml/jackson/jackson-parent/2.16/jackson-parent-2.16.pom
2026.01.15 23:32:00 INFO  BSP server: Failed to download https://s01.oss.sonatype.org/content/repositories/snapshots/jakarta/platform/jakartaee-api-parent/9.1.0/jakartaee-api-parent-9.1.0.pom
2026.01.15 23:32:00 INFO  BSP server: Downloading https://s01.oss.sonatype.org/content/repositories/snapshots/jakarta/platform/jakartaee-api-parent/9.1.0/jakartaee-api-parent-9.1.0.pom.sha1
2026.01.15 23:32:00 INFO  BSP server: Failed to download https://s01.oss.sonatype.org/content/repositories/snapshots/com/fasterxml/jackson/jackson-parent/2.16/jackson-parent-2.16.pom
2026.01.15 23:32:00 INFO  BSP server: Downloading https://s01.oss.sonatype.org/content/repositories/snapshots/com/fasterxml/jackson/jackson-parent/2.16/jackson-parent-2.16.pom.sha1
2026.01.15 23:32:00 INFO  BSP server: Failed to download https://s01.oss.sonatype.org/content/repositories/snapshots/jakarta/platform/jakartaee-api-parent/9.1.0/jakartaee-api-parent-9.1.0.pom.sha1
2026.01.15 23:32:00 INFO  BSP server: Downloading https://central.sonatype.com/repository/maven-snapshots/jakarta/platform/jakartaee-api-parent/9.1.0/jakartaee-api-parent-9.1.0.pom
2026.01.15 23:32:00 INFO  BSP server: Failed to download https://s01.oss.sonatype.org/content/repositories/snapshots/com/fasterxml/jackson/jackson-parent/2.16/jackson-parent-2.16.pom.sha1
2026.01.15 23:32:00 INFO  BSP server: Downloading https://central.sonatype.com/repository/maven-snapshots/com/fasterxml/jackson/jackson-parent/2.16/jackson-parent-2.16.pom
2026.01.15 23:32:02 INFO  BSP server: Failed to download https://central.sonatype.com/repository/maven-snapshots/com/fasterxml/jackson/jackson-parent/2.16/jackson-parent-2.16.pom
2026.01.15 23:32:02 INFO  BSP server: Downloading https://central.sonatype.com/repository/maven-snapshots/com/fasterxml/jackson/jackson-parent/2.16/jackson-parent-2.16.pom.sha1
2026.01.15 23:32:02 INFO  BSP server: Failed to download https://central.sonatype.com/repository/maven-snapshots/com/fasterxml/jackson/jackson-parent/2.16/jackson-parent-2.16.pom.sha1
2026.01.15 23:32:02 INFO  BSP server: Downloading https://repo.scala-lang.org/artifactory/maven-nightlies/com/fasterxml/jackson/jackson-parent/2.16/jackson-parent-2.16.pom
2026.01.15 23:32:03 INFO  BSP server: Failed to download https://central.sonatype.com/repository/maven-snapshots/jakarta/platform/jakartaee-api-parent/9.1.0/jakartaee-api-parent-9.1.0.pom
2026.01.15 23:32:03 INFO  BSP server: Downloading https://central.sonatype.com/repository/maven-snapshots/jakarta/platform/jakartaee-api-parent/9.1.0/jakartaee-api-parent-9.1.0.pom.sha1
2026.01.15 23:32:03 INFO  BSP server: Downloaded https://repo.scala-lang.org/artifactory/maven-nightlies/com/fasterxml/jackson/jackson-parent/2.16/jackson-parent-2.16.pom
2026.01.15 23:32:06 INFO  BSP server: Failed to download https://central.sonatype.com/repository/maven-snapshots/jakarta/platform/jakartaee-api-parent/9.1.0/jakartaee-api-parent-9.1.0.pom.sha1
2026.01.15 23:32:06 INFO  BSP server: Downloading https://repo.scala-lang.org/artifactory/maven-nightlies/jakarta/platform/jakartaee-api-parent/9.1.0/jakartaee-api-parent-9.1.0.pom
2026.01.15 23:32:06 INFO  BSP server: Downloaded https://repo.scala-lang.org/artifactory/maven-nightlies/jakarta/platform/jakartaee-api-parent/9.1.0/jakartaee-api-parent-9.1.0.pom
2026.01.15 23:32:06 INFO  BSP server: Downloading https://repo.scala-lang.org/artifactory/maven-nightlies/jakarta/platform/jakartaee-api-parent/9.1.0/jakartaee-api-parent-9.1.0.pom.sha1
2026.01.15 23:32:07 INFO  BSP server: Downloaded https://repo.scala-lang.org/artifactory/maven-nightlies/jakarta/platform/jakartaee-api-parent/9.1.0/jakartaee-api-parent-9.1.0.pom.sha1
2026.01.15 23:32:07 INFO  BSP server: Downloading https://oss.sonatype.org/content/repositories/snapshots/com/fasterxml/oss-parent/56/oss-parent-56.pom
2026.01.15 23:32:07 INFO  BSP server: Failed to download https://oss.sonatype.org/content/repositories/snapshots/com/fasterxml/oss-parent/56/oss-parent-56.pom
2026.01.15 23:32:07 INFO  BSP server: Downloading https://oss.sonatype.org/content/repositories/snapshots/com/fasterxml/oss-parent/56/oss-parent-56.pom.sha1
2026.01.15 23:32:08 INFO  BSP server: Failed to download https://oss.sonatype.org/content/repositories/snapshots/com/fasterxml/oss-parent/56/oss-parent-56.pom.sha1
2026.01.15 23:32:08 INFO  BSP server: Downloading https://s01.oss.sonatype.org/content/repositories/snapshots/com/fasterxml/oss-parent/56/oss-parent-56.pom
2026.01.15 23:32:09 INFO  BSP server: Failed to download https://s01.oss.sonatype.org/content/repositories/snapshots/com/fasterxml/oss-parent/56/oss-parent-56.pom
2026.01.15 23:32:09 INFO  BSP server: Downloading https://s01.oss.sonatype.org/content/repositories/snapshots/com/fasterxml/oss-parent/56/oss-parent-56.pom.sha1
2026.01.15 23:32:10 INFO  BSP server: Failed to download https://s01.oss.sonatype.org/content/repositories/snapshots/com/fasterxml/oss-parent/56/oss-parent-56.pom.sha1
2026.01.15 23:32:10 INFO  BSP server: Downloading https://central.sonatype.com/repository/maven-snapshots/com/fasterxml/oss-parent/56/oss-parent-56.pom
2026.01.15 23:32:11 INFO  Shutting down server
2026.01.15 23:32:11 INFO  shutting down Metals
2026.01.15 23:32:11 INFO  Exiting server
2026.01.15 23:33:22 INFO  Started: Metals version 1.6.4 in folders 'C:\Users\rahul\My Repos\My_Python-codes' for client Visual Studio Code 1.108.1.
2026.01.15 23:33:26 WARN  Using H2 2.4.240 which is newer than the version Flyway has been verified with. The latest verified version of H2 is 2.3.232.
2026.01.15 23:33:27 INFO  no build target found for C:\Users\rahul\My Repos\My_Python-codes\Tensorflow_Files\new.scala. Using presentation compiler with project's scala-library version: 3.3.6
Jan 15, 2026 11:33:30 PM org.eclipse.lsp4j.jsonrpc.RemoteEndpoint handleCancellation
WARNING: Unmatched cancel notification for request id 5
Jan 15, 2026 11:33:30 PM org.eclipse.lsp4j.jsonrpc.RemoteEndpoint handleCancellation
WARNING: Unmatched cancel notification for request id 2
Jan 15, 2026 11:33:30 PM org.eclipse.lsp4j.jsonrpc.RemoteEndpoint handleCancellation
WARNING: Unmatched cancel notification for request id 1
2026.01.15 23:33:31 INFO  Attempting to connect to the build server...
2026.01.15 23:33:31 INFO  Running BSP server List(C:\Users\rahul\AppData\Local\Coursier\data\bin\.scala-cli.aux.exe, bsp, --json-options, C:\Users\rahul\My Repos\My_Python-codes\.scala-build\ide-options-v2.json, --json-launcher-options, C:\Users\rahul\My Repos\My_Python-codes\.scala-build\ide-launcher-options.json, --envs-file, C:\Users\rahul\My Repos\My_Python-codes\.scala-build\ide-envs.json, C:\Users\rahul\My Repos\My_Python-codes)
2026.01.15 23:33:31 INFO  tracing is disabled for protocol BSP, to enable tracing of incoming and outgoing JSON messages create an empty file at C:\Users\rahul\My Repos\My_Python-codes\.metals\bsp.trace.json or C:\Users\rahul\AppData\Local\scalameta\metals\cache\bsp.trace.json
2026.01.15 23:33:33 INFO  BSP server: Downloading https://oss.sonatype.org/content/repositories/snapshots/com/eed3si9n/shaded-scalajson_2.12/1.0.0-M4/shaded-scalajson_2.12-1.0.0-M4.pom
2026.01.15 23:33:33 INFO  BSP server: Downloading https://oss.sonatype.org/content/repositories/snapshots/com/typesafe/ssl-config-core_2.12/0.6.1/ssl-config-core_2.12-0.6.1.pom
2026.01.15 23:33:33 INFO  BSP server: Downloading https://oss.sonatype.org/content/repositories/snapshots/com/eed3si9n/shaded-jawn-parser_2.12/1.3.2/shaded-jawn-parser_2.12-1.3.2.pom
2026.01.15 23:33:35 INFO  BSP server: Failed to download https://oss.sonatype.org/content/repositories/snapshots/com/eed3si9n/shaded-jawn-parser_2.12/1.3.2/shaded-jawn-parser_2.12-1.3.2.pom
2026.01.15 23:33:35 INFO  BSP server: Downloading https://oss.sonatype.org/content/repositories/snapshots/com/eed3si9n/shaded-jawn-parser_2.12/1.3.2/shaded-jawn-parser_2.12-1.3.2.pom.sha1
2026.01.15 23:33:35 INFO  BSP server: Failed to download https://oss.sonatype.org/content/repositories/snapshots/com/eed3si9n/shaded-scalajson_2.12/1.0.0-M4/shaded-scalajson_2.12-1.0.0-M4.pom
2026.01.15 23:33:35 INFO  BSP server: Downloading https://oss.sonatype.org/content/repositories/snapshots/com/eed3si9n/shaded-scalajson_2.12/1.0.0-M4/shaded-scalajson_2.12-1.0.0-M4.pom.sha1
2026.01.15 23:33:35 INFO  BSP server: Failed to download https://oss.sonatype.org/content/repositories/snapshots/com/typesafe/ssl-config-core_2.12/0.6.1/ssl-config-core_2.12-0.6.1.pom
2026.01.15 23:33:35 INFO  BSP server: Downloading https://oss.sonatype.org/content/repositories/snapshots/com/typesafe/ssl-config-core_2.12/0.6.1/ssl-config-core_2.12-0.6.1.pom.sha1
2026.01.15 23:33:35 INFO  BSP server: Failed to download https://oss.sonatype.org/content/repositories/snapshots/com/eed3si9n/shaded-scalajson_2.12/1.0.0-M4/shaded-scalajson_2.12-1.0.0-M4.pom.sha1
2026.01.15 23:33:35 INFO  BSP server: Downloading https://s01.oss.sonatype.org/content/repositories/snapshots/com/eed3si9n/shaded-scalajson_2.12/1.0.0-M4/shaded-scalajson_2.12-1.0.0-M4.pom
2026.01.15 23:33:35 INFO  BSP server: Failed to download https://oss.sonatype.org/content/repositories/snapshots/com/eed3si9n/shaded-jawn-parser_2.12/1.3.2/shaded-jawn-parser_2.12-1.3.2.pom.sha1
2026.01.15 23:33:35 INFO  BSP server: Downloading https://s01.oss.sonatype.org/content/repositories/snapshots/com/eed3si9n/shaded-jawn-parser_2.12/1.3.2/shaded-jawn-parser_2.12-1.3.2.pom
2026.01.15 23:33:36 INFO  BSP server: Failed to download https://oss.sonatype.org/content/repositories/snapshots/com/typesafe/ssl-config-core_2.12/0.6.1/ssl-config-core_2.12-0.6.1.pom.sha1
2026.01.15 23:33:36 INFO  BSP server: Downloading https://s01.oss.sonatype.org/content/repositories/snapshots/com/typesafe/ssl-config-core_2.12/0.6.1/ssl-config-core_2.12-0.6.1.pom
2026.01.15 23:33:36 INFO  BSP server: Failed to download https://s01.oss.sonatype.org/content/repositories/snapshots/com/eed3si9n/shaded-scalajson_2.12/1.0.0-M4/shaded-scalajson_2.12-1.0.0-M4.pom
2026.01.15 23:33:36 INFO  BSP server: Downloading https://s01.oss.sonatype.org/content/repositories/snapshots/com/eed3si9n/shaded-scalajson_2.12/1.0.0-M4/shaded-scalajson_2.12-1.0.0-M4.pom.sha1
2026.01.15 23:33:36 INFO  BSP server: Failed to download https://s01.oss.sonatype.org/content/repositories/snapshots/com/typesafe/ssl-config-core_2.12/0.6.1/ssl-config-core_2.12-0.6.1.pom
2026.01.15 23:33:36 INFO  BSP server: Downloading https://s01.oss.sonatype.org/content/repositories/snapshots/com/typesafe/ssl-config-core_2.12/0.6.1/ssl-config-core_2.12-0.6.1.pom.sha1
2026.01.15 23:33:36 INFO  BSP server: Failed to download https://s01.oss.sonatype.org/content/repositories/snapshots/com/eed3si9n/shaded-jawn-parser_2.12/1.3.2/shaded-jawn-parser_2.12-1.3.2.pom
2026.01.15 23:33:36 INFO  BSP server: Downloading https://s01.oss.sonatype.org/content/repositories/snapshots/com/eed3si9n/shaded-jawn-parser_2.12/1.3.2/shaded-jawn-parser_2.12-1.3.2.pom.sha1
2026.01.15 23:33:37 INFO  BSP server: Failed to download https://s01.oss.sonatype.org/content/repositories/snapshots/com/eed3si9n/shaded-scalajson_2.12/1.0.0-M4/shaded-scalajson_2.12-1.0.0-M4.pom.sha1
2026.01.15 23:33:37 INFO  BSP server: Downloading https://central.sonatype.com/repository/maven-snapshots/com/eed3si9n/shaded-scalajson_2.12/1.0.0-M4/shaded-scalajson_2.12-1.0.0-M4.pom
2026.01.15 23:33:37 INFO  BSP server: Failed to download https://s01.oss.sonatype.org/content/repositories/snapshots/com/typesafe/ssl-config-core_2.12/0.6.1/ssl-config-core_2.12-0.6.1.pom.sha1
2026.01.15 23:33:37 INFO  BSP server: Downloading https://central.sonatype.com/repository/maven-snapshots/com/typesafe/ssl-config-core_2.12/0.6.1/ssl-config-core_2.12-0.6.1.pom
2026.01.15 23:33:37 INFO  BSP server: Failed to download https://s01.oss.sonatype.org/content/repositories/snapshots/com/eed3si9n/shaded-jawn-parser_2.12/1.3.2/shaded-jawn-parser_2.12-1.3.2.pom.sha1
2026.01.15 23:33:37 INFO  BSP server: Downloading https://central.sonatype.com/repository/maven-snapshots/com/eed3si9n/shaded-jawn-parser_2.12/1.3.2/shaded-jawn-parser_2.12-1.3.2.pom
2026.01.15 23:33:38 INFO  BSP server: Failed to download https://central.sonatype.com/repository/maven-snapshots/com/typesafe/ssl-config-core_2.12/0.6.1/ssl-config-core_2.12-0.6.1.pom
2026.01.15 23:33:38 INFO  BSP server: Downloading https://central.sonatype.com/repository/maven-snapshots/com/typesafe/ssl-config-core_2.12/0.6.1/ssl-config-core_2.12-0.6.1.pom.sha1
2026.01.15 23:33:38 INFO  BSP server: Failed to download https://central.sonatype.com/repository/maven-snapshots/com/eed3si9n/shaded-jawn-parser_2.12/1.3.2/shaded-jawn-parser_2.12-1.3.2.pom
2026.01.15 23:33:38 INFO  BSP server: Downloading https://central.sonatype.com/repository/maven-snapshots/com/eed3si9n/shaded-jawn-parser_2.12/1.3.2/shaded-jawn-parser_2.12-1.3.2.pom.sha1
2026.01.15 23:33:38 INFO  no build target found for C:\Users\rahul\My Repos\My_Python-codes\Tensorflow_Files\new.scala. Using presentation compiler with project's scala-library version: 3.3.6
2026.01.15 23:33:39 WARN  no build target for: C:\Users\rahul\My Repos\My_Python-codes\Tensorflow_Files\new.scala
2026.01.15 23:33:38 INFO  no build target found for C:\Users\rahul\My Repos\My_Python-codes\Tensorflow_Files\new.scala. Using presentation compiler with project's scala-library version: 3.3.6
2026.01.15 23:33:38 INFO  BSP server: Failed to download https://central.sonatype.com/repository/maven-snapshots/com/typesafe/ssl-config-core_2.12/0.6.1/ssl-config-core_2.12-0.6.1.pom.sha1
2026.01.15 23:33:38 INFO  BSP server: Failed to download https://central.sonatype.com/repository/maven-snapshots/com/eed3si9n/shaded-jawn-parser_2.12/1.3.2/shaded-jawn-parser_2.12-1.3.2.pom.sha1
2026.01.15 23:33:58 INFO  BSP server: Failed to download https://central.sonatype.com/repository/maven-snapshots/com/eed3si9n/shaded-scalajson_2.12/1.0.0-M4/shaded-scalajson_2.12-1.0.0-M4.pom
2026.01.15 23:33:58 INFO  BSP server: Downloading https://central.sonatype.com/repository/maven-snapshots/com/eed3si9n/shaded-scalajson_2.12/1.0.0-M4/shaded-scalajson_2.12-1.0.0-M4.pom.sha1
2026.01.15 23:33:58 INFO  BSP server: Failed to download https://central.sonatype.com/repository/maven-snapshots/com/eed3si9n/shaded-scalajson_2.12/1.0.0-M4/shaded-scalajson_2.12-1.0.0-M4.pom.sha1
2026.01.15 23:33:58 INFO  BSP server: Downloading https://repo.scala-lang.org/artifactory/maven-nightlies/io/monix/monix-tail_2.12/3.2.0/monix-tail_2.12-3.2.0.jar
2026.01.15 23:33:58 INFO  BSP server: Downloading https://repo.scala-lang.org/artifactory/maven-nightlies/org/scala-lang/scala-library/2.12.20/scala-library-2.12.20.jar
2026.01.15 23:33:58 INFO  BSP server: Downloading https://repo.scala-lang.org/artifactory/maven-nightlies/com/lihaoyi/sourcecode_2.12/0.4.4/sourcecode_2.12-0.4.4.jar
2026.01.15 23:33:58 INFO  BSP server: Downloading https://repo.scala-lang.org/artifactory/maven-nightlies/io/zipkin/reporter2/zipkin-reporter/2.17.2/zipkin-reporter-2.17.2.jar
2026.01.15 23:33:58 INFO  BSP server: Downloading https://repo.scala-lang.org/artifactory/maven-nightlies/org/scalaz/scalaz-core_2.12/7.3.8/scalaz-core_2.12-7.3.8.jar
2026.01.15 23:33:58 INFO  BSP server: Downloading https://repo.scala-lang.org/artifactory/maven-nightlies/com/github/alexarchambault/case-app-annotations_2.12/2.0.6/case-app-annotations_2.12-2.0.6.jar
2026.01.15 23:34:00 INFO  BSP server: Downloaded https://repo.scala-lang.org/artifactory/maven-nightlies/com/github/alexarchambault/case-app-annotations_2.12/2.0.6/case-app-annotations_2.12-2.0.6.jar
2026.01.15 23:34:00 INFO  BSP server: Downloading https://repo.scala-lang.org/artifactory/maven-nightlies/com/eed3si9n/shaded-apache-httpclient5/0.9.3/shaded-apache-httpclient5-0.9.3.jar
2026.01.15 23:34:00 INFO  BSP server: Downloaded https://repo.scala-lang.org/artifactory/maven-nightlies/com/lihaoyi/sourcecode_2.12/0.4.4/sourcecode_2.12-0.4.4.jar
2026.01.15 23:34:00 INFO  BSP server: Downloading https://repo.scala-lang.org/artifactory/maven-nightlies/org/scalameta/trees_2.12/4.13.8/trees_2.12-4.13.8.jar
2026.01.15 23:34:01 INFO  BSP server: Downloaded https://repo.scala-lang.org/artifactory/maven-nightlies/io/zipkin/reporter2/zipkin-reporter/2.17.2/zipkin-reporter-2.17.2.jar
2026.01.15 23:34:01 INFO  BSP server: Downloading https://repo.scala-lang.org/artifactory/maven-nightlies/com/github/plokhotnyuk/jsoniter-scala/jsoniter-scala-macros_2.12/2.13.3.2/jsoniter-scala-macros_2.12-2.13.3.2.jar
2026.01.15 23:34:01 INFO  BSP server: Downloaded https://repo.scala-lang.org/artifactory/maven-nightlies/io/monix/monix-tail_2.12/3.2.0/monix-tail_2.12-3.2.0.jar
2026.01.15 23:34:01 INFO  BSP server: Downloading https://repo.scala-lang.org/artifactory/maven-nightlies/org/typelevel/cats-macros_2.12/2.1.1/cats-macros_2.12-2.1.1.jar
2026.01.15 23:34:01 INFO  BSP server: Downloaded https://repo.scala-lang.org/artifactory/maven-nightlies/org/typelevel/cats-macros_2.12/2.1.1/cats-macros_2.12-2.1.1.jar
2026.01.15 23:34:01 INFO  BSP server: Downloading https://repo.scala-lang.org/artifactory/maven-nightlies/org/scala-sbt/ivy/ivy/2.3.0-sbt-77cc781d727b367d3761f097d89f5a4762771d41/ivy-2.3.0-sbt-77cc781d727b367d3761f097d89f5a4762771d41.jar
2026.01.15 23:34:03 INFO  BSP server: (watching) Downloaded https://repo.scala-lang.org/artifactory/maven-nightlies/org/scala-lang/scala-library/2.12.20/scala-library-2.12.20.jar
2026.01.15 23:34:03 INFO  BSP server: Downloading https://repo.scala-lang.org/artifactory/maven-nightlies/org/scala-lang/scala-compiler/2.12.20/scala-compiler-2.12.20.jar
2026.01.15 23:34:04 INFO  BSP server: Downloaded https://repo.scala-lang.org/artifactory/maven-nightlies/com/eed3si9n/shaded-apache-httpclient5/0.9.3/shaded-apache-httpclient5-0.9.3.jar
2026.01.15 23:34:04 INFO  BSP server: Downloading https://repo.scala-lang.org/artifactory/maven-nightlies/com/lihaoyi/pprint_2.12/0.9.4/pprint_2.12-0.9.4.jar
2026.01.15 23:34:04 INFO  BSP server: Downloaded https://repo.scala-lang.org/artifactory/maven-nightlies/com/lihaoyi/pprint_2.12/0.9.4/pprint_2.12-0.9.4.jar
2026.01.15 23:34:04 INFO  BSP server: Downloading https://repo.scala-lang.org/artifactory/maven-nightlies/net/java/dev/jna/jna/5.18.1/jna-5.18.1.jar
2026.01.15 23:34:05 INFO  BSP server: Downloaded https://repo.scala-lang.org/artifactory/maven-nightlies/com/github/plokhotnyuk/jsoniter-scala/jsoniter-scala-macros_2.12/2.13.3.2/jsoniter-scala-macros_2.12-2.13.3.2.jar
2026.01.15 23:34:05 INFO  BSP server: Downloading https://repo.scala-lang.org/artifactory/maven-nightlies/org/typelevel/cats-kernel_2.12/2.1.1/cats-kernel_2.12-2.1.1.jar
2026.01.15 23:34:10 INFO  BSP server: (watching) Downloaded https://repo.scala-lang.org/artifactory/maven-nightlies/org/typelevel/cats-kernel_2.12/2.1.1/cats-kernel_2.12-2.1.1.jar
2026.01.15 23:34:10 INFO  BSP server: Downloading https://repo.scala-lang.org/artifactory/maven-nightlies/com/eed3si9n/gigahorse-apache-http_2.12/0.9.3/gigahorse-apache-http_2.12-0.9.3.jar
2026.01.15 23:34:10 INFO  BSP server: Downloaded https://repo.scala-lang.org/artifactory/maven-nightlies/com/eed3si9n/gigahorse-apache-http_2.12/0.9.3/gigahorse-apache-http_2.12-0.9.3.jar
2026.01.15 23:34:10 INFO  BSP server: Downloading https://repo.scala-lang.org/artifactory/maven-nightlies/com/typesafe/ssl-config-core_2.12/0.6.1/ssl-config-core_2.12-0.6.1.jar
2026.01.15 23:34:10 INFO  BSP server: Downloaded https://repo.scala-lang.org/artifactory/maven-nightlies/com/typesafe/ssl-config-core_2.12/0.6.1/ssl-config-core_2.12-0.6.1.jar
2026.01.15 23:34:10 INFO  BSP server: Downloading https://repo.scala-lang.org/artifactory/maven-nightlies/org/typelevel/macro-compat_2.12/1.1.1/macro-compat_2.12-1.1.1.jar
2026.01.15 23:34:10 INFO  BSP server: Downloaded https://repo.scala-lang.org/artifactory/maven-nightlies/org/typelevel/macro-compat_2.12/1.1.1/macro-compat_2.12-1.1.1.jar
2026.01.15 23:34:10 INFO  BSP server: Downloading https://repo.scala-lang.org/artifactory/maven-nightlies/io/github/alexarchambault/bleep/jsonrpc4s_2.12/0.1.1/jsonrpc4s_2.12-0.1.1.jar
2026.01.15 23:34:10 INFO  BSP server: Downloaded https://repo.scala-lang.org/artifactory/maven-nightlies/io/github/alexarchambault/bleep/jsonrpc4s_2.12/0.1.1/jsonrpc4s_2.12-0.1.1.jar
2026.01.15 23:34:10 INFO  BSP server: Downloading https://repo.scala-lang.org/artifactory/maven-nightlies/org/apache/logging/log4j/log4j-api/2.23.0/log4j-api-2.23.0.jar
2026.01.15 23:34:10 INFO  BSP server: Downloaded https://repo.scala-lang.org/artifactory/maven-nightlies/org/scala-sbt/ivy/ivy/2.3.0-sbt-77cc781d727b367d3761f097d89f5a4762771d41/ivy-2.3.0-sbt-77cc781d727b367d3761f097d89f5a4762771d41.jar
2026.01.15 23:34:10 INFO  BSP server: Downloading https://repo.scala-lang.org/artifactory/maven-nightlies/org/scala-sbt/core-macros_2.12/1.11.6/core-macros_2.12-1.11.6.jar
2026.01.15 23:34:10 INFO  BSP server: Downloaded https://repo.scala-lang.org/artifactory/maven-nightlies/org/scala-sbt/core-macros_2.12/1.11.6/core-macros_2.12-1.11.6.jar
2026.01.15 23:34:10 INFO  BSP server: Downloading https://repo.scala-lang.org/artifactory/maven-nightlies/ch/epfl/scala/scala-debug-adapter_2.12/4.2.8/scala-debug-adapter_2.12-4.2.8.jar
2026.01.15 23:34:10 INFO  BSP server: Downloaded https://repo.scala-lang.org/artifactory/maven-nightlies/ch/epfl/scala/scala-debug-adapter_2.12/4.2.8/scala-debug-adapter_2.12-4.2.8.jar
2026.01.15 23:34:10 INFO  BSP server: Downloading https://repo.scala-lang.org/artifactory/maven-nightlies/org/scala-lang/modules/scala-collection-compat_2.12/2.13.0/scala-collection-compat_2.12-2.13.0.jar
2026.01.15 23:34:10 INFO  BSP server: Downloaded https://repo.scala-lang.org/artifactory/maven-nightlies/org/scala-lang/modules/scala-collection-compat_2.12/2.13.0/scala-collection-compat_2.12-2.13.0.jar
2026.01.15 23:34:10 INFO  BSP server: Downloading https://repo.scala-lang.org/artifactory/maven-nightlies/io/monix/monix-eval_2.12/3.2.0/monix-eval_2.12-3.2.0.jar
2026.01.15 23:34:12 INFO  BSP server: Downloaded https://repo.scala-lang.org/artifactory/maven-nightlies/io/monix/monix-eval_2.12/3.2.0/monix-eval_2.12-3.2.0.jar
2026.01.15 23:34:12 INFO  BSP server: Downloading https://repo.scala-lang.org/artifactory/maven-nightlies/org/scala-sbt/zinc-persist-core-assembly/1.11.0/zinc-persist-core-assembly-1.11.0.jar
2026.01.15 23:34:15 INFO  BSP server: Downloaded https://repo.scala-lang.org/artifactory/maven-nightlies/org/apache/logging/log4j/log4j-api/2.23.0/log4j-api-2.23.0.jar
2026.01.15 23:34:15 INFO  BSP server: Downloading https://repo.scala-lang.org/artifactory/maven-nightlies/org/scalameta/io_2.12/4.13.8/io_2.12-4.13.8.jar
2026.01.15 23:34:15 INFO  BSP server: Downloaded https://repo.scala-lang.org/artifactory/maven-nightlies/org/scalameta/io_2.12/4.13.8/io_2.12-4.13.8.jar
2026.01.15 23:34:15 INFO  BSP server: Downloading https://repo.scala-lang.org/artifactory/maven-nightlies/io/monix/monix-reactive_2.12/3.2.0/monix-reactive_2.12-3.2.0.jar
2026.01.15 23:34:15 INFO  BSP server: Downloaded https://repo.scala-lang.org/artifactory/maven-nightlies/io/monix/monix-reactive_2.12/3.2.0/monix-reactive_2.12-3.2.0.jar
2026.01.15 23:34:15 INFO  BSP server: Downloading https://repo.scala-lang.org/artifactory/maven-nightlies/com/eed3si9n/sjson-new-scalajson_2.12/0.10.1/sjson-new-scalajson_2.12-0.10.1.jar
2026.01.15 23:34:15 INFO  BSP server: Downloaded https://repo.scala-lang.org/artifactory/maven-nightlies/com/eed3si9n/sjson-new-scalajson_2.12/0.10.1/sjson-new-scalajson_2.12-0.10.1.jar
2026.01.15 23:34:15 INFO  BSP server: Downloading https://repo.scala-lang.org/artifactory/maven-nightlies/ch/qos/logback/logback-core/1.5.21/logback-core-1.5.21.jar
2026.01.15 23:34:20 INFO  BSP server: (watching) Downloaded https://repo.scala-lang.org/artifactory/maven-nightlies/org/scala-sbt/zinc-persist-core-assembly/1.11.0/zinc-persist-core-assembly-1.11.0.jar
2026.01.15 23:34:20 INFO  BSP server: Downloading https://repo.scala-lang.org/artifactory/maven-nightlies/org/scala-sbt/util-interface/1.11.6/util-interface-1.11.6.jar
2026.01.15 23:34:20 INFO  BSP server: Downloaded https://repo.scala-lang.org/artifactory/maven-nightlies/org/scala-sbt/util-interface/1.11.6/util-interface-1.11.6.jar
2026.01.15 23:34:20 INFO  BSP server: Downloading https://repo.scala-lang.org/artifactory/maven-nightlies/io/get-coursier/util/directories/0.1.2/directories-0.1.2.jar
2026.01.15 23:34:20 INFO  BSP server: Downloaded https://repo.scala-lang.org/artifactory/maven-nightlies/io/get-coursier/util/directories/0.1.2/directories-0.1.2.jar
2026.01.15 23:34:20 INFO  BSP server: Downloading https://repo.scala-lang.org/artifactory/maven-nightlies/io/get-coursier/util/directories-jni/0.1.2/directories-jni-0.1.2.jar
2026.01.15 23:34:20 INFO  BSP server: Downloaded https://repo.scala-lang.org/artifactory/maven-nightlies/io/get-coursier/util/directories-jni/0.1.2/directories-jni-0.1.2.jar
2026.01.15 23:34:20 INFO  BSP server: Downloading https://repo.scala-lang.org/artifactory/maven-nightlies/org/scala-lang/modules/scala-xml_2.12/2.3.0/scala-xml_2.12-2.3.0.jar
2026.01.15 23:34:20 INFO  BSP server: Downloaded https://repo.scala-lang.org/artifactory/maven-nightlies/org/scala-lang/modules/scala-xml_2.12/2.3.0/scala-xml_2.12-2.3.0.jar
2026.01.15 23:34:20 INFO  BSP server: Downloading https://repo.scala-lang.org/artifactory/maven-nightlies/com/eed3si9n/shaded-scalajson_2.12/1.0.0-M4/shaded-scalajson_2.12-1.0.0-M4.jar
2026.01.15 23:34:21 INFO  BSP server: Downloaded https://repo.scala-lang.org/artifactory/maven-nightlies/com/eed3si9n/shaded-scalajson_2.12/1.0.0-M4/shaded-scalajson_2.12-1.0.0-M4.jar
2026.01.15 23:34:21 INFO  BSP server: Downloading https://repo.scala-lang.org/artifactory/maven-nightlies/org/scala-sbt/zinc-persist_2.12/1.11.0/zinc-persist_2.12-1.11.0.jar
2026.01.15 23:34:21 INFO  BSP server: Downloaded https://repo.scala-lang.org/artifactory/maven-nightlies/org/scala-sbt/zinc-persist_2.12/1.11.0/zinc-persist_2.12-1.11.0.jar
2026.01.15 23:34:21 INFO  BSP server: Downloading https://repo.scala-lang.org/artifactory/maven-nightlies/com/chuusai/shapeless_2.12/2.3.3/shapeless_2.12-2.3.3.jar
2026.01.15 23:34:21 INFO  BSP server: Downloaded https://repo.scala-lang.org/artifactory/maven-nightlies/com/chuusai/shapeless_2.12/2.3.3/shapeless_2.12-2.3.3.jar
2026.01.15 23:34:21 INFO  BSP server: Downloading https://repo.scala-lang.org/artifactory/maven-nightlies/ch/epfl/scala/libdaemon_2.12/0.0.12/libdaemon_2.12-0.0.12.jar
2026.01.15 23:34:21 INFO  BSP server: Downloaded https://repo.scala-lang.org/artifactory/maven-nightlies/ch/epfl/scala/libdaemon_2.12/0.0.12/libdaemon_2.12-0.0.12.jar
2026.01.15 23:34:21 INFO  BSP server: Downloading https://repo.scala-lang.org/artifactory/maven-nightlies/io/monix/monix-catnap_2.12/3.2.0/monix-catnap_2.12-3.2.0.jar
2026.01.15 23:34:21 INFO  BSP server: Downloaded https://repo.scala-lang.org/artifactory/maven-nightlies/io/monix/monix-catnap_2.12/3.2.0/monix-catnap_2.12-3.2.0.jar
2026.01.15 23:34:21 INFO  BSP server: Downloading https://repo.scala-lang.org/artifactory/maven-nightlies/com/github/alexarchambault/case-app_2.12/2.0.6/case-app_2.12-2.0.6.jar
2026.01.15 23:34:21 INFO  BSP server: (watching) Downloaded https://repo.scala-lang.org/artifactory/maven-nightlies/org/scala-lang/scala-compiler/2.12.20/scala-compiler-2.12.20.jar
2026.01.15 23:34:21 INFO  BSP server: Downloading https://repo.scala-lang.org/artifactory/maven-nightlies/io/zipkin/reporter2/zipkin-reporter-brave/2.17.2/zipkin-reporter-brave-2.17.2.jar
2026.01.15 23:34:21 INFO  BSP server: Downloaded https://repo.scala-lang.org/artifactory/maven-nightlies/io/zipkin/reporter2/zipkin-reporter-brave/2.17.2/zipkin-reporter-brave-2.17.2.jar
2026.01.15 23:34:21 INFO  BSP server: Downloading https://repo.scala-lang.org/artifactory/maven-nightlies/com/github/alexarchambault/case-app-annotations_2.12/2.0.6/case-app-annotations_2.12-2.0.6.jar.sha1
2026.01.15 23:34:21 INFO  BSP server: Downloaded https://repo.scala-lang.org/artifactory/maven-nightlies/com/github/alexarchambault/case-app-annotations_2.12/2.0.6/case-app-annotations_2.12-2.0.6.jar.sha1
2026.01.15 23:34:21 INFO  BSP server: Downloading https://repo.scala-lang.org/artifactory/maven-nightlies/com/lihaoyi/sourcecode_2.12/0.4.4/sourcecode_2.12-0.4.4.jar.sha1
2026.01.15 23:34:21 INFO  BSP server: Downloaded https://repo.scala-lang.org/artifactory/maven-nightlies/com/lihaoyi/sourcecode_2.12/0.4.4/sourcecode_2.12-0.4.4.jar.sha1
2026.01.15 23:34:21 INFO  BSP server: Downloading https://repo.scala-lang.org/artifactory/maven-nightlies/io/zipkin/reporter2/zipkin-reporter/2.17.2/zipkin-reporter-2.17.2.jar.sha1
2026.01.15 23:34:22 INFO  BSP server: Downloaded https://repo.scala-lang.org/artifactory/maven-nightlies/io/zipkin/reporter2/zipkin-reporter/2.17.2/zipkin-reporter-2.17.2.jar.sha1
2026.01.15 23:34:22 INFO  BSP server: Downloading https://repo.scala-lang.org/artifactory/maven-nightlies/io/monix/monix-tail_2.12/3.2.0/monix-tail_2.12-3.2.0.jar.sha1
2026.01.15 23:34:22 INFO  BSP server: Downloaded https://repo.scala-lang.org/artifactory/maven-nightlies/io/monix/monix-tail_2.12/3.2.0/monix-tail_2.12-3.2.0.jar.sha1
2026.01.15 23:34:22 INFO  BSP server: Downloading https://repo.scala-lang.org/artifactory/maven-nightlies/org/typelevel/cats-macros_2.12/2.1.1/cats-macros_2.12-2.1.1.jar.sha1
2026.01.15 23:34:22 INFO  BSP server: Downloaded https://repo.scala-lang.org/artifactory/maven-nightlies/org/typelevel/cats-macros_2.12/2.1.1/cats-macros_2.12-2.1.1.jar.sha1
2026.01.15 23:34:22 INFO  BSP server: Downloading https://repo.scala-lang.org/artifactory/maven-nightlies/org/scala-lang/scala-library/2.12.20/scala-library-2.12.20.jar.sha1
2026.01.15 23:34:23 INFO  BSP server: Downloaded https://repo.scala-lang.org/artifactory/maven-nightlies/org/scala-lang/scala-library/2.12.20/scala-library-2.12.20.jar.sha1
2026.01.15 23:34:23 INFO  BSP server: Downloading https://repo.scala-lang.org/artifactory/maven-nightlies/com/eed3si9n/shaded-apache-httpclient5/0.9.3/shaded-apache-httpclient5-0.9.3.jar.sha1
2026.01.15 23:34:23 INFO  BSP server: Downloaded https://repo.scala-lang.org/artifactory/maven-nightlies/com/eed3si9n/shaded-apache-httpclient5/0.9.3/shaded-apache-httpclient5-0.9.3.jar.sha1
2026.01.15 23:34:23 INFO  BSP server: Downloading https://repo.scala-lang.org/artifactory/maven-nightlies/com/lihaoyi/pprint_2.12/0.9.4/pprint_2.12-0.9.4.jar.sha1
2026.01.15 23:34:23 INFO  BSP server: Downloaded https://repo.scala-lang.org/artifactory/maven-nightlies/com/lihaoyi/pprint_2.12/0.9.4/pprint_2.12-0.9.4.jar.sha1
2026.01.15 23:34:23 INFO  BSP server: Downloading https://repo.scala-lang.org/artifactory/maven-nightlies/com/github/plokhotnyuk/jsoniter-scala/jsoniter-scala-macros_2.12/2.13.3.2/jsoniter-scala-macros_2.12-2.13.3.2.jar.sha1
2026.01.15 23:34:24 INFO  BSP server: Downloaded https://repo.scala-lang.org/artifactory/maven-nightlies/com/github/plokhotnyuk/jsoniter-scala/jsoniter-scala-macros_2.12/2.13.3.2/jsoniter-scala-macros_2.12-2.13.3.2.jar.sha1
2026.01.15 23:34:24 INFO  BSP server: Downloading https://repo.scala-lang.org/artifactory/maven-nightlies/org/typelevel/cats-kernel_2.12/2.1.1/cats-kernel_2.12-2.1.1.jar.sha1
2026.01.15 23:34:27 INFO  BSP server: Downloaded https://repo.scala-lang.org/artifactory/maven-nightlies/org/typelevel/cats-kernel_2.12/2.1.1/cats-kernel_2.12-2.1.1.jar.sha1
2026.01.15 23:34:27 INFO  BSP server: Downloading https://repo.scala-lang.org/artifactory/maven-nightlies/com/eed3si9n/gigahorse-apache-http_2.12/0.9.3/gigahorse-apache-http_2.12-0.9.3.jar.sha1
2026.01.15 23:34:27 INFO  BSP server: Downloaded https://repo.scala-lang.org/artifactory/maven-nightlies/com/eed3si9n/gigahorse-apache-http_2.12/0.9.3/gigahorse-apache-http_2.12-0.9.3.jar.sha1
2026.01.15 23:34:27 INFO  BSP server: Downloading https://repo.scala-lang.org/artifactory/maven-nightlies/com/typesafe/ssl-config-core_2.12/0.6.1/ssl-config-core_2.12-0.6.1.jar.sha1
2026.01.15 23:34:27 INFO  BSP server: Downloaded https://repo.scala-lang.org/artifactory/maven-nightlies/com/typesafe/ssl-config-core_2.12/0.6.1/ssl-config-core_2.12-0.6.1.jar.sha1
2026.01.15 23:34:27 INFO  BSP server: Downloading https://repo.scala-lang.org/artifactory/maven-nightlies/org/typelevel/macro-compat_2.12/1.1.1/macro-compat_2.12-1.1.1.jar.sha1
2026.01.15 23:34:27 INFO  BSP server: Downloaded https://repo.scala-lang.org/artifactory/maven-nightlies/com/github/alexarchambault/case-app_2.12/2.0.6/case-app_2.12-2.0.6.jar
2026.01.15 23:34:27 INFO  BSP server: Downloading https://repo.scala-lang.org/artifactory/maven-nightlies/io/github/alexarchambault/bleep/jsonrpc4s_2.12/0.1.1/jsonrpc4s_2.12-0.1.1.jar.sha1
2026.01.15 23:34:28 INFO  BSP server: Downloaded https://repo.scala-lang.org/artifactory/maven-nightlies/org/typelevel/macro-compat_2.12/1.1.1/macro-compat_2.12-1.1.1.jar.sha1
2026.01.15 23:34:28 INFO  BSP server: Downloading https://repo.scala-lang.org/artifactory/maven-nightlies/org/scala-sbt/ivy/ivy/2.3.0-sbt-77cc781d727b367d3761f097d89f5a4762771d41/ivy-2.3.0-sbt-77cc781d727b367d3761f097d89f5a4762771d41.jar.sha1
2026.01.15 23:34:28 INFO  BSP server: Downloaded https://repo.scala-lang.org/artifactory/maven-nightlies/io/github/alexarchambault/bleep/jsonrpc4s_2.12/0.1.1/jsonrpc4s_2.12-0.1.1.jar.sha1
2026.01.15 23:34:28 INFO  BSP server: Downloading https://repo.scala-lang.org/artifactory/maven-nightlies/org/scala-sbt/core-macros_2.12/1.11.6/core-macros_2.12-1.11.6.jar.sha1
2026.01.15 23:34:28 INFO  BSP server: Downloaded https://repo.scala-lang.org/artifactory/maven-nightlies/org/scala-sbt/ivy/ivy/2.3.0-sbt-77cc781d727b367d3761f097d89f5a4762771d41/ivy-2.3.0-sbt-77cc781d727b367d3761f097d89f5a4762771d41.jar.sha1
2026.01.15 23:34:28 INFO  BSP server: Downloading https://repo.scala-lang.org/artifactory/maven-nightlies/ch/epfl/scala/scala-debug-adapter_2.12/4.2.8/scala-debug-adapter_2.12-4.2.8.jar.sha1
2026.01.15 23:34:28 INFO  BSP server: Downloaded https://repo.scala-lang.org/artifactory/maven-nightlies/org/scala-sbt/core-macros_2.12/1.11.6/core-macros_2.12-1.11.6.jar.sha1
2026.01.15 23:34:28 INFO  BSP server: Downloading https://repo.scala-lang.org/artifactory/maven-nightlies/org/scala-lang/modules/scala-collection-compat_2.12/2.13.0/scala-collection-compat_2.12-2.13.0.jar.sha1
2026.01.15 23:34:28 INFO  BSP server: Downloaded https://repo.scala-lang.org/artifactory/maven-nightlies/ch/epfl/scala/scala-debug-adapter_2.12/4.2.8/scala-debug-adapter_2.12-4.2.8.jar.sha1
2026.01.15 23:34:28 INFO  BSP server: Downloading https://repo.scala-lang.org/artifactory/maven-nightlies/io/monix/monix-eval_2.12/3.2.0/monix-eval_2.12-3.2.0.jar.sha1
2026.01.15 23:34:28 INFO  BSP server: Downloaded https://repo.scala-lang.org/artifactory/maven-nightlies/org/scala-lang/modules/scala-collection-compat_2.12/2.13.0/scala-collection-compat_2.12-2.13.0.jar.sha1
2026.01.15 23:34:28 INFO  BSP server: Downloading https://repo.scala-lang.org/artifactory/maven-nightlies/org/apache/logging/log4j/log4j-api/2.23.0/log4j-api-2.23.0.jar.sha1
2026.01.15 23:34:29 INFO  BSP server: Downloaded https://repo.scala-lang.org/artifactory/maven-nightlies/io/monix/monix-eval_2.12/3.2.0/monix-eval_2.12-3.2.0.jar.sha1
2026.01.15 23:34:29 INFO  BSP server: Downloading https://repo.scala-lang.org/artifactory/maven-nightlies/org/scalameta/io_2.12/4.13.8/io_2.12-4.13.8.jar.sha1
2026.01.15 23:34:29 INFO  BSP server: Downloaded https://repo.scala-lang.org/artifactory/maven-nightlies/org/apache/logging/log4j/log4j-api/2.23.0/log4j-api-2.23.0.jar.sha1
2026.01.15 23:34:29 INFO  BSP server: Downloading https://repo.scala-lang.org/artifactory/maven-nightlies/io/monix/monix-reactive_2.12/3.2.0/monix-reactive_2.12-3.2.0.jar.sha1
2026.01.15 23:34:29 INFO  BSP server: Downloaded https://repo.scala-lang.org/artifactory/maven-nightlies/org/scalameta/io_2.12/4.13.8/io_2.12-4.13.8.jar.sha1
2026.01.15 23:34:29 INFO  BSP server: Downloading https://repo.scala-lang.org/artifactory/maven-nightlies/com/eed3si9n/sjson-new-scalajson_2.12/0.10.1/sjson-new-scalajson_2.12-0.10.1.jar.sha1
2026.01.15 23:34:29 INFO  BSP server: Downloaded https://repo.scala-lang.org/artifactory/maven-nightlies/io/monix/monix-reactive_2.12/3.2.0/monix-reactive_2.12-3.2.0.jar.sha1
2026.01.15 23:34:29 INFO  BSP server: Downloading https://repo.scala-lang.org/artifactory/maven-nightlies/org/scala-sbt/zinc-persist-core-assembly/1.11.0/zinc-persist-core-assembly-1.11.0.jar.sha1
2026.01.15 23:34:29 INFO  BSP server: Downloaded https://repo.scala-lang.org/artifactory/maven-nightlies/com/eed3si9n/sjson-new-scalajson_2.12/0.10.1/sjson-new-scalajson_2.12-0.10.1.jar.sha1
2026.01.15 23:34:29 INFO  BSP server: Downloading https://repo.scala-lang.org/artifactory/maven-nightlies/org/scala-sbt/util-interface/1.11.6/util-interface-1.11.6.jar.sha1
2026.01.15 23:34:30 INFO  BSP server: Downloaded https://repo.scala-lang.org/artifactory/maven-nightlies/org/scala-sbt/zinc-persist-core-assembly/1.11.0/zinc-persist-core-assembly-1.11.0.jar.sha1
2026.01.15 23:34:30 INFO  BSP server: Downloading https://repo.scala-lang.org/artifactory/maven-nightlies/io/get-coursier/util/directories/0.1.2/directories-0.1.2.jar.sha1
2026.01.15 23:34:30 INFO  BSP server: Downloaded https://repo.scala-lang.org/artifactory/maven-nightlies/org/scala-sbt/util-interface/1.11.6/util-interface-1.11.6.jar.sha1
2026.01.15 23:34:30 INFO  BSP server: Downloading https://repo.scala-lang.org/artifactory/maven-nightlies/io/get-coursier/util/directories-jni/0.1.2/directories-jni-0.1.2.jar.sha1
2026.01.15 23:34:30 INFO  BSP server: Downloaded https://repo.scala-lang.org/artifactory/maven-nightlies/io/get-coursier/util/directories-jni/0.1.2/directories-jni-0.1.2.jar.sha1
2026.01.15 23:34:30 INFO  BSP server: Downloading https://repo.scala-lang.org/artifactory/maven-nightlies/org/scala-lang/modules/scala-xml_2.12/2.3.0/scala-xml_2.12-2.3.0.jar.sha1
2026.01.15 23:34:30 INFO  BSP server: Downloaded https://repo.scala-lang.org/artifactory/maven-nightlies/io/get-coursier/util/directories/0.1.2/directories-0.1.2.jar.sha1
2026.01.15 23:34:30 INFO  BSP server: Downloading https://repo.scala-lang.org/artifactory/maven-nightlies/com/eed3si9n/shaded-scalajson_2.12/1.0.0-M4/shaded-scalajson_2.12-1.0.0-M4.jar.sha1
2026.01.15 23:34:31 INFO  BSP server: Downloaded https://repo.scala-lang.org/artifactory/maven-nightlies/com/eed3si9n/shaded-scalajson_2.12/1.0.0-M4/shaded-scalajson_2.12-1.0.0-M4.jar.sha1
2026.01.15 23:34:31 INFO  BSP server: Downloading https://repo.scala-lang.org/artifactory/maven-nightlies/org/scala-sbt/zinc-persist_2.12/1.11.0/zinc-persist_2.12-1.11.0.jar.sha1
2026.01.15 23:34:31 INFO  BSP server: Downloaded https://repo.scala-lang.org/artifactory/maven-nightlies/org/scala-lang/modules/scala-xml_2.12/2.3.0/scala-xml_2.12-2.3.0.jar.sha1
2026.01.15 23:34:31 INFO  BSP server: Downloading https://repo.scala-lang.org/artifactory/maven-nightlies/com/chuusai/shapeless_2.12/2.3.3/shapeless_2.12-2.3.3.jar.sha1
2026.01.15 23:34:31 INFO  BSP server: Downloaded https://repo.scala-lang.org/artifactory/maven-nightlies/org/scala-sbt/zinc-persist_2.12/1.11.0/zinc-persist_2.12-1.11.0.jar.sha1
2026.01.15 23:34:31 INFO  BSP server: Downloading https://repo.scala-lang.org/artifactory/maven-nightlies/ch/epfl/scala/libdaemon_2.12/0.0.12/libdaemon_2.12-0.0.12.jar.sha1
2026.01.15 23:34:31 ERROR Timeout waiting for 'build/initialize' response
2026.01.15 23:34:31 WARN  Retrying connection to the build server scala-cli
2026.01.15 23:34:31 INFO  Running BSP server List(C:\Users\rahul\AppData\Local\Coursier\data\bin\.scala-cli.aux.exe, bsp, --json-options, C:\Users\rahul\My Repos\My_Python-codes\.scala-build\ide-options-v2.json, --json-launcher-options, C:\Users\rahul\My Repos\My_Python-codes\.scala-build\ide-launcher-options.json, --envs-file, C:\Users\rahul\My Repos\My_Python-codes\.scala-build\ide-envs.json, C:\Users\rahul\My Repos\My_Python-codes)
2026.01.15 23:34:31 INFO  tracing is disabled for protocol BSP, to enable tracing of incoming and outgoing JSON messages create an empty file at C:\Users\rahul\My Repos\My_Python-codes\.metals\bsp.trace.json or C:\Users\rahul\AppData\Local\scalameta\metals\cache\bsp.trace.json
2026.01.15 23:34:33 INFO  BSP server: Downloading https://repo.scala-lang.org/artifactory/maven-nightlies/org/scalaz/scalaz-core_2.12/7.3.8/scalaz-core_2.12-7.3.8.jar
2026.01.15 23:34:33 INFO  BSP server: Downloading https://repo.scala-lang.org/artifactory/maven-nightlies/org/scalameta/trees_2.12/4.13.8/trees_2.12-4.13.8.jar
2026.01.15 23:34:33 INFO  BSP server: Downloading https://repo.scala-lang.org/artifactory/maven-nightlies/net/java/dev/jna/jna/5.18.1/jna-5.18.1.jar
2026.01.15 23:34:39 INFO  BSP server: Still downloading:
2026.01.15 23:34:39 INFO  BSP server: https://repo.scala-lang.org/artifactory/maven-nightlies/org/scalaz/scalaz-core_2.12/7.3.8/scalaz-core_2.12-7.3.8.jar (0.00 %, 0 / 9831106)
2026.01.15 23:34:39 INFO  BSP server: https://repo.scala-lang.org/artifactory/maven-nightlies/org/scalameta/trees_2.12/4.13.8/trees_2.12-4.13.8.jar (0.00 %, 0 / 10571542)
2026.01.15 23:34:39 INFO  BSP server: https://repo.scala-lang.org/artifactory/maven-nightlies/net/java/dev/jna/jna/5.18.1/jna-5.18.1.jar (0.00 %, 0 / 2002994)
2026.01.15 23:34:39 INFO  BSP server: 
2026.01.15 23:34:42 INFO  BSP server: (watching) Downloaded https://repo.scala-lang.org/artifactory/maven-nightlies/net/java/dev/jna/jna/5.18.1/jna-5.18.1.jar
2026.01.15 23:34:42 INFO  BSP server: Downloading https://repo.scala-lang.org/artifactory/maven-nightlies/net/java/dev/jna/jna/5.18.1/jna-5.18.1.jar.sha1
2026.01.15 23:34:42 INFO  BSP server: (watching) Downloaded https://repo.scala-lang.org/artifactory/maven-nightlies/net/java/dev/jna/jna/5.18.1/jna-5.18.1.jar.sha1
2026.01.15 23:34:48 INFO  BSP server: Still downloading:
2026.01.15 23:34:48 INFO  BSP server: https://repo.scala-lang.org/artifactory/maven-nightlies/org/scalaz/scalaz-core_2.12/7.3.8/scalaz-core_2.12-7.3.8.jar (0.00 %, 0 / 9831106)
2026.01.15 23:34:48 INFO  BSP server: https://repo.scala-lang.org/artifactory/maven-nightlies/org/scalameta/trees_2.12/4.13.8/trees_2.12-4.13.8.jar (0.00 %, 0 / 10571542)
2026.01.15 23:34:48 INFO  BSP server: 
2026.01.15 23:34:53 INFO  BSP server: Still downloading:
2026.01.15 23:34:53 INFO  BSP server: https://repo.scala-lang.org/artifactory/maven-nightlies/org/scalaz/scalaz-core_2.12/7.3.8/scalaz-core_2.12-7.3.8.jar (0.00 %, 0 / 9831106)
2026.01.15 23:34:53 INFO  BSP server: https://repo.scala-lang.org/artifactory/maven-nightlies/org/scalameta/trees_2.12/4.13.8/trees_2.12-4.13.8.jar (0.00 %, 0 / 10571542)
2026.01.15 23:34:53 INFO  BSP server: 
2026.01.15 23:34:59 INFO  BSP server: Still downloading:
2026.01.15 23:34:59 INFO  BSP server: https://repo.scala-lang.org/artifactory/maven-nightlies/org/scalaz/scalaz-core_2.12/7.3.8/scalaz-core_2.12-7.3.8.jar (0.00 %, 0 / 9831106)
2026.01.15 23:34:59 INFO  BSP server: https://repo.scala-lang.org/artifactory/maven-nightlies/org/scalameta/trees_2.12/4.13.8/trees_2.12-4.13.8.jar (0.00 %, 0 / 10571542)
2026.01.15 23:34:59 INFO  BSP server: 
2026.01.15 23:35:05 INFO  BSP server: Still downloading:
2026.01.15 23:35:05 INFO  BSP server: https://repo.scala-lang.org/artifactory/maven-nightlies/org/scalaz/scalaz-core_2.12/7.3.8/scalaz-core_2.12-7.3.8.jar (0.00 %, 0 / 9831106)
2026.01.15 23:35:05 INFO  BSP server: https://repo.scala-lang.org/artifactory/maven-nightlies/org/scalameta/trees_2.12/4.13.8/trees_2.12-4.13.8.jar (0.00 %, 0 / 10571542)
2026.01.15 23:35:05 INFO  BSP server: 
2026.01.15 23:35:10 INFO  BSP server: Still downloading:
2026.01.15 23:35:10 INFO  BSP server: https://repo.scala-lang.org/artifactory/maven-nightlies/org/scalaz/scalaz-core_2.12/7.3.8/scalaz-core_2.12-7.3.8.jar (0.00 %, 0 / 9831106)
2026.01.15 23:35:10 INFO  BSP server: https://repo.scala-lang.org/artifactory/maven-nightlies/org/scalameta/trees_2.12/4.13.8/trees_2.12-4.13.8.jar (0.00 %, 0 / 10571542)
2026.01.15 23:35:10 INFO  BSP server: 
2026.01.15 23:35:16 INFO  BSP server: Still downloading:
2026.01.15 23:35:16 INFO  BSP server: https://repo.scala-lang.org/artifactory/maven-nightlies/org/scalaz/scalaz-core_2.12/7.3.8/scalaz-core_2.12-7.3.8.jar (0.00 %, 0 / 9831106)
2026.01.15 23:35:16 INFO  BSP server: https://repo.scala-lang.org/artifactory/maven-nightlies/org/scalameta/trees_2.12/4.13.8/trees_2.12-4.13.8.jar (0.00 %, 0 / 10571542)
2026.01.15 23:35:16 INFO  BSP server: 
2026.01.15 23:35:21 INFO  BSP server: Still downloading:
2026.01.15 23:35:21 INFO  BSP server: https://repo.scala-lang.org/artifactory/maven-nightlies/org/scalaz/scalaz-core_2.12/7.3.8/scalaz-core_2.12-7.3.8.jar (0.00 %, 0 / 9831106)
2026.01.15 23:35:21 INFO  BSP server: https://repo.scala-lang.org/artifactory/maven-nightlies/org/scalameta/trees_2.12/4.13.8/trees_2.12-4.13.8.jar (0.00 %, 0 / 10571542)
2026.01.15 23:35:21 INFO  BSP server: 
2026.01.15 23:35:27 INFO  BSP server: Still downloading:
2026.01.15 23:35:27 INFO  BSP server: https://repo.scala-lang.org/artifactory/maven-nightlies/org/scalaz/scalaz-core_2.12/7.3.8/scalaz-core_2.12-7.3.8.jar (0.00 %, 0 / 9831106)
2026.01.15 23:35:27 INFO  BSP server: https://repo.scala-lang.org/artifactory/maven-nightlies/org/scalameta/trees_2.12/4.13.8/trees_2.12-4.13.8.jar (0.00 %, 0 / 10571542)
2026.01.15 23:35:27 INFO  BSP server: 
2026.01.15 23:35:32 ERROR Timeout waiting for 'build/initialize' response
2026.01.15 23:35:32 WARN  Retrying connection to the build server scala-cli
2026.01.15 23:35:32 INFO  Running BSP server List(C:\Users\rahul\AppData\Local\Coursier\data\bin\.scala-cli.aux.exe, bsp, --json-options, C:\Users\rahul\My Repos\My_Python-codes\.scala-build\ide-options-v2.json, --json-launcher-options, C:\Users\rahul\My Repos\My_Python-codes\.scala-build\ide-launcher-options.json, --envs-file, C:\Users\rahul\My Repos\My_Python-codes\.scala-build\ide-envs.json, C:\Users\rahul\My Repos\My_Python-codes)
2026.01.15 23:35:32 INFO  tracing is disabled for protocol BSP, to enable tracing of incoming and outgoing JSON messages create an empty file at C:\Users\rahul\My Repos\My_Python-codes\.metals\bsp.trace.json or C:\Users\rahul\AppData\Local\scalameta\metals\cache\bsp.trace.json
2026.01.15 23:35:33 INFO  BSP server: Downloading https://repo.scala-lang.org/artifactory/maven-nightlies/org/scalaz/scalaz-core_2.12/7.3.8/scalaz-core_2.12-7.3.8.jar
2026.01.15 23:35:33 INFO  BSP server: Downloading https://repo.scala-lang.org/artifactory/maven-nightlies/org/scalameta/trees_2.12/4.13.8/trees_2.12-4.13.8.jar
2026.01.15 23:35:38 INFO  BSP server: Still downloading:
2026.01.15 23:35:38 INFO  BSP server: https://repo.scala-lang.org/artifactory/maven-nightlies/org/scalaz/scalaz-core_2.12/7.3.8/scalaz-core_2.12-7.3.8.jar (0.00 %, 0 / 9831106)
2026.01.15 23:35:38 INFO  BSP server: https://repo.scala-lang.org/artifactory/maven-nightlies/org/scalameta/trees_2.12/4.13.8/trees_2.12-4.13.8.jar (0.00 %, 0 / 10571542)
2026.01.15 23:35:38 INFO  BSP server: 
2026.01.15 23:35:43 INFO  BSP server: Still downloading:
2026.01.15 23:35:43 INFO  BSP server: https://repo.scala-lang.org/artifactory/maven-nightlies/org/scalaz/scalaz-core_2.12/7.3.8/scalaz-core_2.12-7.3.8.jar (0.00 %, 0 / 9831106)
2026.01.15 23:35:43 INFO  BSP server: https://repo.scala-lang.org/artifactory/maven-nightlies/org/scalameta/trees_2.12/4.13.8/trees_2.12-4.13.8.jar (0.00 %, 0 / 10571542)
2026.01.15 23:35:43 INFO  BSP server: 
2026.01.15 23:35:48 INFO  BSP server: Still downloading:
2026.01.15 23:35:48 INFO  BSP server: https://repo.scala-lang.org/artifactory/maven-nightlies/org/scalaz/scalaz-core_2.12/7.3.8/scalaz-core_2.12-7.3.8.jar (0.00 %, 0 / 9831106)
2026.01.15 23:35:48 INFO  BSP server: https://repo.scala-lang.org/artifactory/maven-nightlies/org/scalameta/trees_2.12/4.13.8/trees_2.12-4.13.8.jar (0.00 %, 0 / 10571542)
2026.01.15 23:35:48 INFO  BSP server: 
2026.01.15 23:35:54 INFO  BSP server: Still downloading:
2026.01.15 23:35:54 INFO  BSP server: https://repo.scala-lang.org/artifactory/maven-nightlies/org/scalaz/scalaz-core_2.12/7.3.8/scalaz-core_2.12-7.3.8.jar (0.00 %, 0 / 9831106)
2026.01.15 23:35:54 INFO  BSP server: https://repo.scala-lang.org/artifactory/maven-nightlies/org/scalameta/trees_2.12/4.13.8/trees_2.12-4.13.8.jar (0.00 %, 0 / 10571542)
2026.01.15 23:35:54 INFO  BSP server: 
2026.01.15 23:36:00 INFO  BSP server: Still downloading:
2026.01.15 23:36:00 INFO  BSP server: https://repo.scala-lang.org/artifactory/maven-nightlies/org/scalaz/scalaz-core_2.12/7.3.8/scalaz-core_2.12-7.3.8.jar (0.00 %, 0 / 9831106)
2026.01.15 23:36:00 INFO  BSP server: https://repo.scala-lang.org/artifactory/maven-nightlies/org/scalameta/trees_2.12/4.13.8/trees_2.12-4.13.8.jar (0.00 %, 0 / 10571542)
2026.01.15 23:36:00 INFO  BSP server: 
2026.01.15 23:36:05 INFO  BSP server: (watching) Downloaded https://repo.scala-lang.org/artifactory/maven-nightlies/org/scalaz/scalaz-core_2.12/7.3.8/scalaz-core_2.12-7.3.8.jar
2026.01.15 23:36:05 INFO  BSP server: Downloading https://repo.scala-lang.org/artifactory/maven-nightlies/org/scalaz/scalaz-core_2.12/7.3.8/scalaz-core_2.12-7.3.8.jar.sha1
2026.01.15 23:36:05 INFO  BSP server: (watching) Downloaded https://repo.scala-lang.org/artifactory/maven-nightlies/org/scalaz/scalaz-core_2.12/7.3.8/scalaz-core_2.12-7.3.8.jar.sha1
2026.01.15 23:36:10 INFO  BSP server: Still downloading:
2026.01.15 23:36:10 INFO  BSP server: https://repo.scala-lang.org/artifactory/maven-nightlies/org/scalameta/trees_2.12/4.13.8/trees_2.12-4.13.8.jar (0.00 %, 0 / 10571542)
2026.01.15 23:36:10 INFO  BSP server: 
2026.01.15 23:36:17 INFO  BSP server: Still downloading:
2026.01.15 23:36:17 INFO  BSP server: https://repo.scala-lang.org/artifactory/maven-nightlies/org/scalameta/trees_2.12/4.13.8/trees_2.12-4.13.8.jar (0.00 %, 0 / 10571542)
2026.01.15 23:36:17 INFO  BSP server: 
2026.01.15 23:36:22 INFO  BSP server: Still downloading:
2026.01.15 23:36:22 INFO  BSP server: https://repo.scala-lang.org/artifactory/maven-nightlies/org/scalameta/trees_2.12/4.13.8/trees_2.12-4.13.8.jar (0.00 %, 0 / 10571542)
2026.01.15 23:36:22 INFO  BSP server: 
2026.01.15 23:36:28 INFO  BSP server: Still downloading:
2026.01.15 23:36:28 INFO  BSP server: https://repo.scala-lang.org/artifactory/maven-nightlies/org/scalameta/trees_2.12/4.13.8/trees_2.12-4.13.8.jar (0.00 %, 0 / 10571542)
2026.01.15 23:36:28 INFO  BSP server: 
2026.01.15 23:36:32 ERROR Timeout waiting for 'build/initialize' response
2026.01.15 23:36:32 WARN  Retrying connection to the build server scala-cli
2026.01.15 23:36:32 INFO  Running BSP server List(C:\Users\rahul\AppData\Local\Coursier\data\bin\.scala-cli.aux.exe, bsp, --json-options, C:\Users\rahul\My Repos\My_Python-codes\.scala-build\ide-options-v2.json, --json-launcher-options, C:\Users\rahul\My Repos\My_Python-codes\.scala-build\ide-launcher-options.json, --envs-file, C:\Users\rahul\My Repos\My_Python-codes\.scala-build\ide-envs.json, C:\Users\rahul\My Repos\My_Python-codes)
2026.01.15 23:36:32 INFO  tracing is disabled for protocol BSP, to enable tracing of incoming and outgoing JSON messages create an empty file at C:\Users\rahul\My Repos\My_Python-codes\.metals\bsp.trace.json or C:\Users\rahul\AppData\Local\scalameta\metals\cache\bsp.trace.json
2026.01.15 23:36:33 INFO  BSP server: Downloading https://repo.scala-lang.org/artifactory/maven-nightlies/org/scalameta/trees_2.12/4.13.8/trees_2.12-4.13.8.jar
2026.01.15 23:36:39 INFO  BSP server: Still downloading:
2026.01.15 23:36:39 INFO  BSP server: https://repo.scala-lang.org/artifactory/maven-nightlies/org/scalameta/trees_2.12/4.13.8/trees_2.12-4.13.8.jar (0.00 %, 0 / 10571542)
2026.01.15 23:36:39 INFO  BSP server: 
2026.01.15 23:36:45 INFO  BSP server: Still downloading:
2026.01.15 23:36:45 INFO  BSP server: https://repo.scala-lang.org/artifactory/maven-nightlies/org/scalameta/trees_2.12/4.13.8/trees_2.12-4.13.8.jar (0.00 %, 0 / 10571542)
2026.01.15 23:36:45 INFO  BSP server: 
2026.01.15 23:36:52 INFO  BSP server: Still downloading:
2026.01.15 23:36:52 INFO  BSP server: https://repo.scala-lang.org/artifactory/maven-nightlies/org/scalameta/trees_2.12/4.13.8/trees_2.12-4.13.8.jar (0.00 %, 0 / 10571542)
2026.01.15 23:36:52 INFO  BSP server: 
2026.01.15 23:36:57 INFO  BSP server: Still downloading:
2026.01.15 23:36:57 INFO  BSP server: https://repo.scala-lang.org/artifactory/maven-nightlies/org/scalameta/trees_2.12/4.13.8/trees_2.12-4.13.8.jar (0.00 %, 0 / 10571542)
2026.01.15 23:36:57 INFO  BSP server: 
2026.01.15 23:37:03 INFO  BSP server: Still downloading:
2026.01.15 23:37:03 INFO  BSP server: https://repo.scala-lang.org/artifactory/maven-nightlies/org/scalameta/trees_2.12/4.13.8/trees_2.12-4.13.8.jar (0.00 %, 0 / 10571542)
2026.01.15 23:37:03 INFO  BSP server: 
2026.01.15 23:37:09 INFO  BSP server: Still downloading:
2026.01.15 23:37:09 INFO  BSP server: https://repo.scala-lang.org/artifactory/maven-nightlies/org/scalameta/trees_2.12/4.13.8/trees_2.12-4.13.8.jar (0.00 %, 0 / 10571542)
2026.01.15 23:37:09 INFO  BSP server: 
2026.01.15 23:37:15 INFO  BSP server: Still downloading:
2026.01.15 23:37:15 INFO  BSP server: https://repo.scala-lang.org/artifactory/maven-nightlies/org/scalameta/trees_2.12/4.13.8/trees_2.12-4.13.8.jar (0.00 %, 0 / 10571542)
2026.01.15 23:37:15 INFO  BSP server: 
2026.01.15 23:37:21 INFO  BSP server: Still downloading:
2026.01.15 23:37:21 INFO  BSP server: https://repo.scala-lang.org/artifactory/maven-nightlies/org/scalameta/trees_2.12/4.13.8/trees_2.12-4.13.8.jar (0.00 %, 0 / 10571542)
2026.01.15 23:37:21 INFO  BSP server: 
2026.01.15 23:37:26 INFO  BSP server: Still downloading:
2026.01.15 23:37:26 INFO  BSP server: https://repo.scala-lang.org/artifactory/maven-nightlies/org/scalameta/trees_2.12/4.13.8/trees_2.12-4.13.8.jar (0.00 %, 0 / 10571542)
2026.01.15 23:37:26 INFO  BSP server: 
2026.01.15 23:37:30 INFO  BSP server: (watching) Downloaded https://repo.scala-lang.org/artifactory/maven-nightlies/org/scalameta/trees_2.12/4.13.8/trees_2.12-4.13.8.jar
2026.01.15 23:37:30 INFO  BSP server: Downloading https://repo.scala-lang.org/artifactory/maven-nightlies/org/scalameta/trees_2.12/4.13.8/trees_2.12-4.13.8.jar.sha1
2026.01.15 23:37:30 INFO  BSP server: (watching) Downloaded https://repo.scala-lang.org/artifactory/maven-nightlies/org/scalameta/trees_2.12/4.13.8/trees_2.12-4.13.8.jar.sha1
2026.01.15 23:37:30 INFO  BSP server: Starting compilation server
2026.01.15 23:37:32 ERROR Timeout waiting for 'build/initialize' response
2026.01.15 23:37:32 WARN  Retrying connection to the build server scala-cli
2026.01.15 23:37:32 INFO  Running BSP server List(C:\Users\rahul\AppData\Local\Coursier\data\bin\.scala-cli.aux.exe, bsp, --json-options, C:\Users\rahul\My Repos\My_Python-codes\.scala-build\ide-options-v2.json, --json-launcher-options, C:\Users\rahul\My Repos\My_Python-codes\.scala-build\ide-launcher-options.json, --envs-file, C:\Users\rahul\My Repos\My_Python-codes\.scala-build\ide-envs.json, C:\Users\rahul\My Repos\My_Python-codes)
2026.01.15 23:37:32 INFO  tracing is disabled for protocol BSP, to enable tracing of incoming and outgoing JSON messages create an empty file at C:\Users\rahul\My Repos\My_Python-codes\.metals\bsp.trace.json or C:\Users\rahul\AppData\Local\scalameta\metals\cache\bsp.trace.json
2026.01.15 23:37:33 INFO  BSP server: Starting compilation server
2026.01.15 23:37:44 INFO  BSP server: Error: java.nio.file.AccessDeniedException: C:\Users\rahul\AppData\Local\ScalaCli\cache\.bsp-sockets.tmp-2884 -> C:\Users\rahul\AppData\Local\ScalaCli\cache\bsp-sockets
2026.01.15 23:37:44 INFO  BSP server: For more details, please see 'C:\Users\rahul\My Repos\My_Python-codes\.scala-build\stacktraces\1768500464-13810489370564174201.log'
2026.01.15 23:38:03 INFO  no build target found for C:\Users\rahul\My Repos\My_Python-codes\Tensorflow_Files\new.scala. Using presentation compiler with project's scala-library version: 3.3.6
2026.01.15 23:38:03 INFO  no build target found for C:\Users\rahul\My Repos\My_Python-codes\Tensorflow_Files\new.scala. Using presentation compiler with project's scala-library version: 3.3.6
2026.01.15 23:38:03 INFO  no build target found for C:\Users\rahul\My Repos\My_Python-codes\Tensorflow_Files\new.scala. Using presentation compiler with project's scala-library version: 3.3.6
2026.01.15 23:38:04 INFO  no build target found for C:\Users\rahul\My Repos\My_Python-codes\Tensorflow_Files\new.scala. Using presentation compiler with project's scala-library version: 3.3.6
2026.01.15 23:38:04 INFO  no build target found for C:\Users\rahul\My Repos\My_Python-codes\Tensorflow_Files\new.scala. Using presentation compiler with project's scala-library version: 3.3.6
2026.01.15 23:38:04 INFO  no build target found for C:\Users\rahul\My Repos\My_Python-codes\Tensorflow_Files\new.scala. Using presentation compiler with project's scala-library version: 3.3.6
2026.01.15 23:38:15 INFO  no build target found for C:\Users\rahul\My Repos\My_Python-codes\Tensorflow_Files\new.scala. Using presentation compiler with project's scala-library version: 3.3.6
2026.01.15 23:38:15 INFO  no build target found for C:\Users\rahul\My Repos\My_Python-codes\Tensorflow_Files\new.scala. Using presentation compiler with project's scala-library version: 3.3.6
2026.01.15 23:38:15 INFO  no build target found for C:\Users\rahul\My Repos\My_Python-codes\Tensorflow_Files\new.scala. Using presentation compiler with project's scala-library version: 3.3.6
2026.01.15 23:38:24 INFO  no build target found for C:\Users\rahul\My Repos\My_Python-codes\Tensorflow_Files\new.scala. Using presentation compiler with project's scala-library version: 3.3.6
2026.01.15 23:38:24 INFO  no build target found for C:\Users\rahul\My Repos\My_Python-codes\Tensorflow_Files\new.scala. Using presentation compiler with project's scala-library version: 3.3.6
2026.01.15 23:38:24 INFO  no build target found for C:\Users\rahul\My Repos\My_Python-codes\Tensorflow_Files\new.scala. Using presentation compiler with project's scala-library version: 3.3.6
2026.01.15 23:38:24 INFO  no build target found for C:\Users\rahul\My Repos\My_Python-codes\Tensorflow_Files\new.scala. Using presentation compiler with project's scala-library version: 3.3.6
2026.01.15 23:38:24 INFO  no build target found for C:\Users\rahul\My Repos\My_Python-codes\Tensorflow_Files\new.scala. Using presentation compiler with project's scala-library version: 3.3.6
2026.01.15 23:38:24 INFO  no build target found for C:\Users\rahul\My Repos\My_Python-codes\Tensorflow_Files\new.scala. Using presentation compiler with project's scala-library version: 3.3.6
2026.01.15 23:38:26 INFO  no build target found for C:\Users\rahul\My Repos\My_Python-codes\Tensorflow_Files\new.scala. Using presentation compiler with project's scala-library version: 3.3.6
2026.01.15 23:38:26 INFO  no build target found for C:\Users\rahul\My Repos\My_Python-codes\Tensorflow_Files\new.scala. Using presentation compiler with project's scala-library version: 3.3.6
2026.01.15 23:38:32 ERROR Timeout waiting for 'build/initialize' response
2026.01.15 23:38:32 WARN  Retrying connection to the build server scala-cli
2026.01.15 23:38:32 INFO  Running BSP server List(C:\Users\rahul\AppData\Local\Coursier\data\bin\.scala-cli.aux.exe, bsp, --json-options, C:\Users\rahul\My Repos\My_Python-codes\.scala-build\ide-options-v2.json, --json-launcher-options, C:\Users\rahul\My Repos\My_Python-codes\.scala-build\ide-launcher-options.json, --envs-file, C:\Users\rahul\My Repos\My_Python-codes\.scala-build\ide-envs.json, C:\Users\rahul\My Repos\My_Python-codes)
2026.01.15 23:38:32 INFO  tracing is disabled for protocol BSP, to enable tracing of incoming and outgoing JSON messages create an empty file at C:\Users\rahul\My Repos\My_Python-codes\.metals\bsp.trace.json or C:\Users\rahul\AppData\Local\scalameta\metals\cache\bsp.trace.json
2026.01.15 23:38:34 INFO  BSP server: Downloading https://repo.scala-lang.org/artifactory/maven-nightlies/org/scala-lang/scala3-sbt-bridge/3.7.4/scala3-sbt-bridge-3.7.4.pom
2026.01.15 23:38:35 INFO  no build target found for C:\Users\rahul\My Repos\My_Python-codes\Tensorflow_Files\new.scala. Using presentation compiler with project's scala-library version: 3.3.6
2026.01.15 23:38:35 INFO  no build target found for C:\Users\rahul\My Repos\My_Python-codes\Tensorflow_Files\new.scala. Using presentation compiler with project's scala-library version: 3.3.6
2026.01.15 23:38:36 INFO  no build target found for C:\Users\rahul\My Repos\My_Python-codes\Tensorflow_Files\new.scala. Using presentation compiler with project's scala-library version: 3.3.6
2026.01.15 23:38:36 INFO  BSP server: Downloaded https://repo.scala-lang.org/artifactory/maven-nightlies/org/scala-lang/scala3-sbt-bridge/3.7.4/scala3-sbt-bridge-3.7.4.pom
2026.01.15 23:38:36 INFO  BSP server: Downloading https://repo.scala-lang.org/artifactory/maven-nightlies/org/scala-lang/scala3-sbt-bridge/3.7.4/scala3-sbt-bridge-3.7.4.jar
2026.01.15 23:38:37 INFO  BSP server: Downloaded https://repo.scala-lang.org/artifactory/maven-nightlies/org/scala-lang/scala3-sbt-bridge/3.7.4/scala3-sbt-bridge-3.7.4.jar
2026.01.15 23:38:37 INFO  BSP server: Downloading https://repo.scala-lang.org/artifactory/maven-nightlies/org/scala-lang/scala3-sbt-bridge/3.7.4/scala3-sbt-bridge-3.7.4.jar.sha1
2026.01.15 23:38:37 INFO  BSP server: Downloaded https://repo.scala-lang.org/artifactory/maven-nightlies/org/scala-lang/scala3-sbt-bridge/3.7.4/scala3-sbt-bridge-3.7.4.jar.sha1
2026.01.15 23:38:37 INFO  BSP server: Downloading https://repo1.maven.org/maven2/com/sourcegraph/semanticdb-javac/0.10.0/semanticdb-javac-0.10.0.pom
2026.01.15 23:38:37 INFO  BSP server: Downloaded https://repo1.maven.org/maven2/com/sourcegraph/semanticdb-javac/0.10.0/semanticdb-javac-0.10.0.pom
2026.01.15 23:38:37 INFO  BSP server: Downloading https://repo1.maven.org/maven2/com/sourcegraph/semanticdb-javac/0.10.0/semanticdb-javac-0.10.0.jar
2026.01.15 23:38:39 INFO  BSP server: Downloaded https://repo1.maven.org/maven2/com/sourcegraph/semanticdb-javac/0.10.0/semanticdb-javac-0.10.0.jar
2026.01.15 23:38:40 INFO  time: Connected to build server in 5m8s
2026.01.15 23:38:40 INFO  Connected to Build server: scala-cli v1.11.0
2026.01.15 23:38:40 INFO  time: Imported build in 0.14s
2026.01.15 23:38:41 INFO  compiling my_python-codes_d5c0a6989e (1 scala source)
2026.01.15 23:38:45 INFO  time: compiled My_Python-codes_d5c0a6989e in 4.01s
2026.01.15 23:38:45 INFO  compiling my_python-codes_d5c0a6989e (1 scala source)
2026.01.15 23:38:45 INFO  time: compiled My_Python-codes_d5c0a6989e in 0.85s
2026.01.15 23:38:47 WARN  Using H2 2.4.240 which is newer than the version Flyway has been verified with. The latest verified version of H2 is 2.3.232.
2026.01.15 23:39:12 INFO  time: indexed workspace in 32s
2026.01.15 23:39:12 INFO  compiling my_python-codes_d5c0a6989e (1 scala source)
2026.01.15 23:39:12 INFO  time: compiled My_Python-codes_d5c0a6989e in 0.23s
Jan 15, 2026 11:41:57 PM org.eclipse.lsp4j.jsonrpc.RemoteEndpoint handleCancellation
WARNING: Unmatched cancel notification for request id 101
2026.01.15 23:41:57 INFO  file:///C:/Users/rahul/My%20Repos/My_Python-codes/Tensorflow_Files/new.scala:1:1: stale bloop error: Illegal start of toplevel definition
println("Hello, TensorFlow with Scala!")
^^^^^^^
2026.01.15 23:41:57 INFO  file:///C:/Users/rahul/My%20Repos/My_Python-codes/Tensorflow_Files/new.scala:1:1: stale bloop error: Illegal start of toplevel definition
println("Hello, TensorFlow with Scala!")
^^^^^^^
2026.01.15 23:42:16 INFO  file:///C:/Users/rahul/My%20Repos/My_Python-codes/Tensorflow_Files/new.scala:1:1: stale bloop error: Illegal start of toplevel definition
println("Hello, TensorFlow with Scala!")
^^^^^^^
2026.01.15 23:42:16 INFO  file:///C:/Users/rahul/My%20Repos/My_Python-codes/Tensorflow_Files/new.scala:1:1: stale bloop error: Illegal start of toplevel definition
println("Hello, TensorFlow with Scala!")
^^^^^^^
Jan 15, 2026 11:42:32 PM org.eclipse.lsp4j.jsonrpc.RemoteEndpoint handleCancellation
WARNING: Unmatched cancel notification for request id 123
Jan 15, 2026 11:42:32 PM org.eclipse.lsp4j.jsonrpc.RemoteEndpoint handleCancellation
WARNING: Unmatched cancel notification for request id 126
Jan 15, 2026 11:42:32 PM org.eclipse.lsp4j.jsonrpc.RemoteEndpoint handleCancellation
WARNING: Unmatched cancel notification for request id 125
Jan 15, 2026 11:42:32 PM org.eclipse.lsp4j.jsonrpc.RemoteEndpoint handleCancellation
WARNING: Unmatched cancel notification for request id 127
Jan 15, 2026 11:42:33 PM org.eclipse.lsp4j.jsonrpc.RemoteEndpoint handleCancellation
WARNING: Unmatched cancel notification for request id 124
2026.01.15 23:42:33 INFO  file:///C:/Users/rahul/My%20Repos/My_Python-codes/Tensorflow_Files/new.scala:1:1: stale bloop error: Illegal start of toplevel definition
println("Hello, TensorFlow with Scala!")
^^^^^^^
2026.01.15 23:42:33 INFO  file:///C:/Users/rahul/My%20Repos/My_Python-codes/Tensorflow_Files/new.scala:1:1: stale bloop error: Illegal start of toplevel definition
println("Hello, TensorFlow with Scala!")
^^^^^^^
Jan 15, 2026 11:42:33 PM org.eclipse.lsp4j.jsonrpc.RemoteEndpoint handleCancellation
WARNING: Unmatched cancel notification for request id 128
Jan 15, 2026 11:42:33 PM org.eclipse.lsp4j.jsonrpc.RemoteEndpoint handleCancellation
WARNING: Unmatched cancel notification for request id 130
Jan 15, 2026 11:42:33 PM org.eclipse.lsp4j.jsonrpc.RemoteEndpoint handleCancellation
WARNING: Unmatched cancel notification for request id 131
Jan 15, 2026 11:42:33 PM org.eclipse.lsp4j.jsonrpc.RemoteEndpoint handleCancellation
WARNING: Unmatched cancel notification for request id 132
Jan 15, 2026 11:42:33 PM org.eclipse.lsp4j.jsonrpc.RemoteEndpoint handleCancellation
WARNING: Unmatched cancel notification for request id 134
Jan 15, 2026 11:42:33 PM org.eclipse.lsp4j.jsonrpc.RemoteEndpoint handleCancellation
WARNING: Unmatched cancel notification for request id 135
Jan 15, 2026 11:42:33 PM org.eclipse.lsp4j.jsonrpc.RemoteEndpoint handleCancellation
WARNING: Unmatched cancel notification for request id 137
Jan 15, 2026 11:42:33 PM org.eclipse.lsp4j.jsonrpc.RemoteEndpoint handleCancellation
WARNING: Unmatched cancel notification for request id 138
Jan 15, 2026 11:42:33 PM org.eclipse.lsp4j.jsonrpc.RemoteEndpoint handleCancellation
WARNING: Unmatched cancel notification for request id 140
Jan 15, 2026 11:42:33 PM org.eclipse.lsp4j.jsonrpc.RemoteEndpoint handleCancellation
WARNING: Unmatched cancel notification for request id 141
Jan 15, 2026 11:42:33 PM org.eclipse.lsp4j.jsonrpc.RemoteEndpoint handleCancellation
WARNING: Unmatched cancel notification for request id 142
Jan 15, 2026 11:42:34 PM org.eclipse.lsp4j.jsonrpc.RemoteEndpoint handleCancellation
WARNING: Unmatched cancel notification for request id 143
Jan 15, 2026 11:42:34 PM org.eclipse.lsp4j.jsonrpc.RemoteEndpoint handleCancellation
WARNING: Unmatched cancel notification for request id 144
Jan 15, 2026 11:42:34 PM org.eclipse.lsp4j.jsonrpc.RemoteEndpoint handleCancellation
WARNING: Unmatched cancel notification for request id 145
Jan 15, 2026 11:42:34 PM org.eclipse.lsp4j.jsonrpc.RemoteEndpoint handleCancellation
WARNING: Unmatched cancel notification for request id 146
Jan 15, 2026 11:42:34 PM org.eclipse.lsp4j.jsonrpc.RemoteEndpoint handleCancellation
WARNING: Unmatched cancel notification for request id 147
Jan 15, 2026 11:42:34 PM org.eclipse.lsp4j.jsonrpc.RemoteEndpoint handleCancellation
WARNING: Unmatched cancel notification for request id 148
Jan 15, 2026 11:42:34 PM org.eclipse.lsp4j.jsonrpc.RemoteEndpoint handleCancellation
WARNING: Unmatched cancel notification for request id 149
Jan 15, 2026 11:42:34 PM org.eclipse.lsp4j.jsonrpc.RemoteEndpoint handleCancellation
WARNING: Unmatched cancel notification for request id 150
Jan 15, 2026 11:42:34 PM org.eclipse.lsp4j.jsonrpc.RemoteEndpoint handleCancellation
WARNING: Unmatched cancel notification for request id 151
Jan 15, 2026 11:42:34 PM org.eclipse.lsp4j.jsonrpc.RemoteEndpoint handleCancellation
WARNING: Unmatched cancel notification for request id 152
Jan 15, 2026 11:42:34 PM org.eclipse.lsp4j.jsonrpc.RemoteEndpoint handleCancellation
WARNING: Unmatched cancel notification for request id 153
Jan 15, 2026 11:42:34 PM org.eclipse.lsp4j.jsonrpc.RemoteEndpoint handleCancellation
WARNING: Unmatched cancel notification for request id 154
Jan 15, 2026 11:42:34 PM org.eclipse.lsp4j.jsonrpc.RemoteEndpoint handleCancellation
WARNING: Unmatched cancel notification for request id 156
Jan 15, 2026 11:42:34 PM org.eclipse.lsp4j.jsonrpc.RemoteEndpoint handleCancellation
WARNING: Unmatched cancel notification for request id 157
Jan 15, 2026 11:42:34 PM org.eclipse.lsp4j.jsonrpc.RemoteEndpoint handleCancellation
WARNING: Unmatched cancel notification for request id 158
2026.01.15 23:42:35 INFO  compiling my_python-codes_d5c0a6989e (1 scala source)
Jan 15, 2026 11:42:36 PM org.eclipse.lsp4j.jsonrpc.RemoteEndpoint handleCancellation
WARNING: Unmatched cancel notification for request id 164
2026.01.15 23:42:37 INFO  time: compiled My_Python-codes_d5c0a6989e in 2.36s
Jan 15, 2026 11:42:44 PM org.eclipse.lsp4j.jsonrpc.RemoteEndpoint handleCancellation
WARNING: Unmatched cancel notification for request id 180
Jan 15, 2026 11:42:44 PM org.eclipse.lsp4j.jsonrpc.RemoteEndpoint handleCancellation
WARNING: Unmatched cancel notification for request id 182
2026.01.15 23:42:47 INFO  compiling my_python-codes_d5c0a6989e (1 scala source)
2026.01.15 23:42:47 INFO  time: compiled My_Python-codes_d5c0a6989e in 0.53s
2026.01.15 23:43:00 INFO  compiling my_python-codes_d5c0a6989e (1 scala source)
2026.01.15 23:43:04 INFO  time: compiled My_Python-codes_d5c0a6989e in 3.4s
Jan 15, 2026 11:43:39 PM org.eclipse.lsp4j.jsonrpc.RemoteEndpoint handleCancellation
WARNING: Unmatched cancel notification for request id 236
Jan 15, 2026 11:43:41 PM org.eclipse.lsp4j.jsonrpc.RemoteEndpoint handleCancellation
WARNING: Unmatched cancel notification for request id 243
2026.01.15 23:43:42 INFO  compiling my_python-codes_d5c0a6989e (1 scala source)
2026.01.15 23:43:43 INFO  time: compiled My_Python-codes_d5c0a6989e in 1.11s
2026.01.15 23:44:04 INFO  compiling my_python-codes_d5c0a6989e (1 scala source)
2026.01.15 23:44:04 INFO  time: compiled My_Python-codes_d5c0a6989e in 0.73s
2026.01.15 23:44:05 WARN  Could not load snapshot text for C:\Users\rahul\My Repos\My_Python-codes\Tensorflow_Files\new.scala
2026.01.15 23:44:05 INFO  file:///C:/Users/rahul/My%20Repos/My_Python-codes/Tensorflow_Files/new.scala:2:7: stale bloop error: an identifier expected, but 'new' found
class new(radius: Double) {
      ^^^
2026.01.15 23:44:05 INFO  file:///C:/Users/rahul/My%20Repos/My_Python-codes/Tensorflow_Files/new.scala:11:22: stale bloop error: Not found: type Circle
  def createUnknown: Circle = new Circle(1.0) // Factory method
                     ^^^^^^
2026.01.15 23:44:05 INFO  file:///C:/Users/rahul/My%20Repos/My_Python-codes/Tensorflow_Files/new.scala:11:35: stale bloop error: Not found: type Circle
  def createUnknown: Circle = new Circle(1.0) // Factory method
                                  ^^^^^^
2026.01.15 23:44:06 WARN  Could not load snapshot text for C:\Users\rahul\My Repos\My_Python-codes\Tensorflow_Files\new.scala
2026.01.15 23:44:21 WARN  Using H2 2.4.240 which is newer than the version Flyway has been verified with. The latest verified version of H2 is 2.3.232.
2026.01.15 23:44:22 INFO  no build target found for C:\Users\rahul\AppData\Local\Temp\new.scala. Using presentation compiler with project's scala-library version: 3.3.6
2026.01.15 23:44:21 INFO  no build target found for C:\Users\rahul\AppData\Local\Temp\new.scala. Using presentation compiler with project's scala-library version: 3.3.6
Jan 15, 2026 11:44:22 PM org.eclipse.lsp4j.jsonrpc.services.GenericEndpoint notify
INFO: Unsupported notification method: $/setTrace
2026.01.15 23:44:22 INFO  no build target found for C:\Users\rahul\AppData\Local\Temp\new.scala. Using presentation compiler with project's scala-library version: 3.3.6
2026.01.15 23:44:22 WARN  Could not load snapshot text for C:\Users\rahul\My Repos\My_Python-codes\Tensorflow_Files\new.scala
2026.01.15 23:44:24 INFO  no build target found for C:\Users\rahul\AppData\Local\Temp\new.scala. Using presentation compiler with project's scala-library version: 3.3.6
2026.01.15 23:44:26 WARN  Could not load snapshot text for C:\Users\rahul\My Repos\My_Python-codes\Tensorflow_Files\new.scala
2026.01.15 23:44:27 INFO  no build target found for C:\Users\rahul\AppData\Local\Temp\new.scala. Using presentation compiler with project's scala-library version: 3.3.6
2026.01.15 23:44:27 WARN  Could not load snapshot text for C:\Users\rahul\My Repos\My_Python-codes\Tensorflow_Files\new.scala
2026.01.15 23:44:27 INFO  no build target found for C:\Users\rahul\AppData\Local\Temp\new.scala. Using presentation compiler with project's scala-library version: 3.3.6
2026.01.15 23:44:32 WARN  Could not load snapshot text for C:\Users\rahul\My Repos\My_Python-codes\Tensorflow_Files\new.scala
2026.01.15 23:44:32 INFO  Running List(C:\Users\rahul\AppData\Local\Coursier\data\bin\scala-cli.BAT, bsp, --workspace, C:\Users\rahul\AppData\Local\Temp\metals-scala-cli8044202064046739096, --semantic-db-source-root, C:\Users\rahul\AppData\Local\Temp, C:\Users\rahul\AppData\Local\Temp\new.scala)
2026.01.15 23:44:32 INFO  tracing is disabled for protocol BSP, to enable tracing of incoming and outgoing JSON messages create an empty file at C:\Users\rahul\AppData\Local\Temp\.metals\bsp.trace.json or C:\Users\rahul\AppData\Local\scalameta\metals\cache\bsp.trace.json
2026.01.15 23:44:34 INFO  compiling my_python-codes_d5c0a6989e (1 scala source)
2026.01.15 23:44:35 INFO  time: compiled My_Python-codes_d5c0a6989e in 1.35s
2026.01.15 23:44:36 INFO  Connected to Scala CLI server v1.11.0
2026.01.15 23:44:36 INFO  compiling metals-scala-cli8044202064046739096_93fd6326b9-3b3f0d8d4e (1 scala source)
2026.01.15 23:44:38 INFO  time: compiled metals-scala-cli8044202064046739096_93fd6326b9-3b3f0d8d4e in 1.45s
2026.01.15 23:44:41 WARN  Using H2 2.4.240 which is newer than the version Flyway has been verified with. The latest verified version of H2 is 2.3.232.
2026.01.15 23:44:43 INFO  time: indexed workspace in 6.92s
2026.01.15 23:44:44 INFO  Scala CLI started for C:\Users\rahul\AppData\Local\Temp\new.scala
2026.01.15 23:47:21 INFO  Shut down connection with build server.
2026.01.15 23:47:21 INFO  Scala CLI: Jan 15, 2026 11:47:21 PM org.eclipse.lsp4j.jsonrpc.RemoteEndpoint handleNotification
2026.01.15 23:48:44 INFO  compiling my_python-codes_d5c0a6989e (1 scala source)
2026.01.15 23:48:45 INFO  time: compiled My_Python-codes_d5c0a6989e in 1.26s
2026.01.15 23:58:08 INFO  no build target found for C:\Users\rahul\My Repos\My_Python-codes\Scala codes\new.scala. Using presentation compiler with project's scala-library version: 3.7.4
2026.01.15 23:58:08 INFO  no build target found for C:\Users\rahul\My Repos\My_Python-codes\Scala codes\new.scala. Using presentation compiler with project's scala-library version: 3.7.4
2026.01.15 23:58:08 WARN  no build target for: C:\Users\rahul\My Repos\My_Python-codes\Scala codes\new.scala
2026.01.15 23:58:09 INFO  Cancelling compilation on scala-cli server
2026.01.15 23:58:10 INFO  compiling my_python-codes_d5c0a6989e (1 scala source)
2026.01.15 23:58:10 INFO  Deduplicating compilation of My_Python-codes_d5c0a6989e from bsp client 'scala-cli 1.11.0' (since 19m 36.613s)
2026.01.15 23:58:09 INFO  time: Imported build in 0.48s
2026.01.15 23:58:10 INFO  compiling my_python-codes_d5c0a6989e (1 scala source)
2026.01.15 23:58:11 INFO  time: compiled My_Python-codes_d5c0a6989e in 1.68s
2026.01.15 23:58:15 INFO  time: indexed workspace in 4.97s
2026.01.15 23:58:28 INFO  no build target found for C:\Users\rahul\My Repos\My_Python-codes\Scala codes\Variables.scala. Using presentation compiler with project's scala-library version: 3.7.4
2026.01.15 23:58:28 WARN  no build target for: C:\Users\rahul\My Repos\My_Python-codes\Scala codes\Variables.scala
2026.01.15 23:58:29 INFO  time: Imported build in 0.14s
2026.01.15 23:58:29 INFO  compiling my_python-codes_d5c0a6989e (1 scala source)
Jan 15, 2026 11:58:30 PM org.eclipse.lsp4j.jsonrpc.RemoteEndpoint handleCancellation
WARNING: Unmatched cancel notification for request id 466
2026.01.15 23:58:29 INFO  time: compiled My_Python-codes_d5c0a6989e in 0.74s
2026.01.15 23:58:34 INFO  time: indexed workspace in 4.37s
2026.01.15 23:58:37 INFO  compiling my_python-codes_d5c0a6989e (1 scala source)
2026.01.15 23:58:39 INFO  time: compiled My_Python-codes_d5c0a6989e in 1.68s
Jan 15, 2026 11:58:54 PM org.eclipse.lsp4j.jsonrpc.RemoteEndpoint handleCancellation
WARNING: Unmatched cancel notification for request id 535
2026.01.15 23:59:01 INFO  compiling my_python-codes_d5c0a6989e (1 scala source)
2026.01.15 23:59:01 INFO  time: compiled My_Python-codes_d5c0a6989e in 0.85s
2026.01.15 23:59:44 INFO  no build target found for C:\Users\rahul\My Repos\My_Python-codes\Scala codes\Control.scala. Using presentation compiler with project's scala-library version: 3.7.4
2026.01.15 23:59:44 WARN  no build target for: C:\Users\rahul\My Repos\My_Python-codes\Scala codes\Control.scala
2026.01.15 23:59:45 INFO  compiling my_python-codes_d5c0a6989e (1 scala source)
2026.01.15 23:59:45 INFO  time: compiled My_Python-codes_d5c0a6989e in 0.18s
2026.01.15 23:59:49 INFO  time: indexed workspace in 4.62s
2026.01.16 00:00:04 INFO  compiling my_python-codes_d5c0a6989e (1 scala source)
2026.01.16 00:00:04 INFO  time: compiled My_Python-codes_d5c0a6989e in 0.92s
Jan 16, 2026 12:00:37 AM org.eclipse.lsp4j.jsonrpc.RemoteEndpoint handleCancellation
WARNING: Unmatched cancel notification for request id 640
Jan 16, 2026 12:00:37 AM org.eclipse.lsp4j.jsonrpc.RemoteEndpoint handleCancellation
WARNING: Unmatched cancel notification for request id 642
2026.01.16 00:00:39 INFO  compiling my_python-codes_d5c0a6989e (1 scala source)
2026.01.16 00:00:39 INFO  time: compiled My_Python-codes_d5c0a6989e in 0.94s
Jan 16, 2026 12:01:02 AM org.eclipse.lsp4j.jsonrpc.RemoteEndpoint handleCancellation
WARNING: Unmatched cancel notification for request id 709
2026.01.16 00:01:05 INFO  compiling my_python-codes_d5c0a6989e (1 scala source)
2026.01.16 00:01:05 INFO  time: compiled My_Python-codes_d5c0a6989e in 0.55s
2026.01.16 00:01:26 INFO  compiling my_python-codes_d5c0a6989e (1 scala source)
2026.01.16 00:01:26 INFO  time: compiled My_Python-codes_d5c0a6989e in 0.73s
2026.01.16 00:02:00 INFO  no build target found for C:\Users\rahul\My Repos\My_Python-codes\Scala codes\Functions.scala. Using presentation compiler with project's scala-library version: 3.7.4
2026.01.16 00:02:00 WARN  no build target for: C:\Users\rahul\My Repos\My_Python-codes\Scala codes\Functions.scala
2026.01.16 00:02:00 INFO  time: Imported build in 0.11s
2026.01.16 00:02:01 INFO  compiling my_python-codes_d5c0a6989e (1 scala source)
2026.01.16 00:02:01 INFO  time: compiled My_Python-codes_d5c0a6989e in 0.21s
2026.01.16 00:02:05 INFO  time: indexed workspace in 3.92s
2026.01.16 00:02:06 INFO  compiling my_python-codes_d5c0a6989e (1 scala source)
2026.01.16 00:02:06 INFO  time: compiled My_Python-codes_d5c0a6989e in 0.6s
2026.01.16 11:42:32 INFO  no build target found for C:\Users\rahul\My Repos\My_Python-codes\Scala codes\Update.scala. Using presentation compiler with project's scala-library version: 3.7.4
2026.01.16 11:42:32 WARN  no build target for: C:\Users\rahul\My Repos\My_Python-codes\Scala codes\Update.scala
2026.01.16 11:42:33 INFO  compiling my_python-codes_d5c0a6989e (1 scala source)
2026.01.16 11:42:33 INFO  time: compiled My_Python-codes_d5c0a6989e in 0.27s
2026.01.16 11:42:36 INFO  time: indexed workspace in 2.83s
Jan 16, 2026 11:46:43 AM org.eclipse.lsp4j.jsonrpc.RemoteEndpoint handleCancellation
WARNING: Unmatched cancel notification for request id 1162
2026.01.16 11:47:14 INFO  compiling my_python-codes_d5c0a6989e (1 scala source)
2026.01.16 11:47:14 INFO  time: compiled My_Python-codes_d5c0a6989e in 0.41s
Jan 16, 2026 11:47:40 AM org.eclipse.lsp4j.jsonrpc.RemoteEndpoint handleCancellation
WARNING: Unmatched cancel notification for request id 1352
2026.01.16 11:47:42 INFO  compiling my_python-codes_d5c0a6989e (1 scala source)
2026.01.16 11:47:42 INFO  time: compiled My_Python-codes_d5c0a6989e in 0.21s
2026.01.16 11:47:43 INFO  compiling my_python-codes_d5c0a6989e (1 scala source)
2026.01.16 11:47:43 INFO  time: compiled My_Python-codes_d5c0a6989e in 0.13s
2026.01.16 11:47:44 ERROR scala.meta.internal.metals.debug.DiscoveryFailures$WorkspaceErrorsException$: Cannot run class, since the workspace has errors.
	at scala.meta.internal.metals.debug.DiscoveryFailures$WorkspaceErrorsException$.<clinit>(DiscoveryFailures.scala:57)
	at scala.meta.internal.metals.debug.DebugDiscovery.validate(DebugDiscovery.scala:86)
	at scala.meta.internal.metals.debug.DebugDiscovery.debugDiscovery(DebugDiscovery.scala:164)
	at scala.meta.internal.metals.debug.DebugDiscovery.runCommandDiscovery(DebugDiscovery.scala:66)
	at scala.meta.internal.metals.MetalsLspService.$anonfun$discoverMainClasses$1(MetalsLspService.scala:1583)
	at scala.meta.internal.metals.MetalsLspService.$anonfun$afterCompilationFinished$6(MetalsLspService.scala:1536)
	at scala.concurrent.impl.Promise$Transformation.run(Promise.scala:503)
	at java.util.concurrent.ThreadPoolExecutor.runWorker(ThreadPoolExecutor.java:1090)
	at java.util.concurrent.ThreadPoolExecutor$Worker.run(ThreadPoolExecutor.java:614)
	at java.lang.Thread.run(Thread.java:1474)

2026.01.16 11:47:43 INFO  compiling my_python-codes_d5c0a6989e (1 scala source)
2026.01.16 11:47:43 INFO  time: compiled My_Python-codes_d5c0a6989e in 0.23s
2026.01.16 11:47:44 ERROR scala.meta.internal.metals.debug.DiscoveryFailures$WorkspaceErrorsException$: Cannot run class, since the workspace has errors.
	at scala.meta.internal.metals.debug.DiscoveryFailures$WorkspaceErrorsException$.<clinit>(DiscoveryFailures.scala:57)
	at scala.meta.internal.metals.debug.DebugDiscovery.validate(DebugDiscovery.scala:86)
	at scala.meta.internal.metals.debug.DebugDiscovery.debugDiscovery(DebugDiscovery.scala:164)
	at scala.meta.internal.metals.debug.DebugDiscovery.runCommandDiscovery(DebugDiscovery.scala:66)
	at scala.meta.internal.metals.MetalsLspService.$anonfun$discoverMainClasses$1(MetalsLspService.scala:1583)
	at scala.meta.internal.metals.MetalsLspService.$anonfun$afterCompilationFinished$6(MetalsLspService.scala:1536)
	at scala.concurrent.impl.Promise$Transformation.run(Promise.scala:503)
	at java.util.concurrent.ThreadPoolExecutor.runWorker(ThreadPoolExecutor.java:1090)
	at java.util.concurrent.ThreadPoolExecutor$Worker.run(ThreadPoolExecutor.java:614)
	at java.lang.Thread.run(Thread.java:1474)

2026.01.16 11:48:00 INFO  compiling my_python-codes_d5c0a6989e (1 scala source)
2026.01.16 11:48:00 INFO  time: compiled My_Python-codes_d5c0a6989e in 0.29s
2026.01.16 11:48:26 INFO  compiling my_python-codes_d5c0a6989e (1 scala source)
2026.01.16 11:48:26 INFO  time: compiled My_Python-codes_d5c0a6989e in 0.4s
Jan 16, 2026 1:10:13 PM org.eclipse.lsp4j.jsonrpc.RemoteEndpoint handleCancellation
WARNING: Unmatched cancel notification for request id 1609
Jan 16, 2026 1:10:13 PM org.eclipse.lsp4j.jsonrpc.RemoteEndpoint handleCancellation
WARNING: Unmatched cancel notification for request id 1610
Jan 16, 2026 4:44:33 PM org.eclipse.lsp4j.jsonrpc.services.GenericEndpoint notify
INFO: Unsupported notification method: $/setTrace
Jan 16, 2026 4:44:33 PM org.eclipse.lsp4j.jsonrpc.RemoteEndpoint handleCancellation
WARNING: Unmatched cancel notification for request id 1616
Jan 16, 2026 4:44:33 PM org.eclipse.lsp4j.jsonrpc.RemoteEndpoint handleCancellation
WARNING: Unmatched cancel notification for request id 1617
Jan 16, 2026 4:44:51 PM org.eclipse.lsp4j.jsonrpc.RemoteEndpoint handleCancellation
WARNING: Unmatched cancel notification for request id 1624
Jan 29, 2026 11:04:23 PM org.eclipse.lsp4j.jsonrpc.RemoteEndpoint handleCancellation
WARNING: Unmatched cancel notification for request id 1710
2026.01.30 10:12:27 INFO  no build target found for C:\Users\rahul\My Repos\My_Python-codes\Scala codes\Operators.scala. Using presentation compiler with project's scala-library version: 3.7.4
2026.01.30 10:12:30 INFO  time: code lens generation in 1.76s
2026.01.30 10:12:32 WARN  no build target for: C:\Users\rahul\My Repos\My_Python-codes\Scala codes\Operators.scala
2026.01.30 10:12:33 INFO  time: Imported build in 0.81s
2026.01.30 10:12:34 INFO  compiling my_python-codes_d5c0a6989e (1 scala source)
2026.01.30 10:12:37 INFO  Deduplicating compilation of My_Python-codes_d5c0a6989e from bsp client 'scala-cli 1.11.0' (since 346h 34m 4.393s)
2026.01.30 10:12:37 INFO  compiling my_python-codes_d5c0a6989e (1 scala source)
Jan 30, 2026 10:12:47 AM org.eclipse.lsp4j.jsonrpc.RemoteEndpoint handleCancellation
WARNING: Unmatched cancel notification for request id 1740
Jan 30, 2026 10:12:47 AM org.eclipse.lsp4j.jsonrpc.RemoteEndpoint handleCancellation
WARNING: Unmatched cancel notification for request id 1741
Jan 30, 2026 10:12:47 AM org.eclipse.lsp4j.jsonrpc.RemoteEndpoint handleCancellation
WARNING: Unmatched cancel notification for request id 1743
2026.01.30 10:12:47 INFO  time: indexed workspace in 14s
Jan 30, 2026 10:12:47 AM org.eclipse.lsp4j.jsonrpc.RemoteEndpoint handleCancellation
WARNING: Unmatched cancel notification for request id 1744
Jan 30, 2026 10:12:48 AM org.eclipse.lsp4j.jsonrpc.RemoteEndpoint handleCancellation
WARNING: Unmatched cancel notification for request id 1746
Jan 30, 2026 10:12:48 AM org.eclipse.lsp4j.jsonrpc.RemoteEndpoint handleCancellation
WARNING: Unmatched cancel notification for request id 1747
Jan 30, 2026 10:12:48 AM org.eclipse.lsp4j.jsonrpc.RemoteEndpoint handleCancellation
WARNING: Unmatched cancel notification for request id 1749
Jan 30, 2026 10:12:48 AM org.eclipse.lsp4j.jsonrpc.RemoteEndpoint handleCancellation
WARNING: Unmatched cancel notification for request id 1751
Jan 30, 2026 10:12:48 AM org.eclipse.lsp4j.jsonrpc.RemoteEndpoint handleCancellation
WARNING: Unmatched cancel notification for request id 1750
Jan 30, 2026 10:12:48 AM org.eclipse.lsp4j.jsonrpc.RemoteEndpoint handleCancellation
WARNING: Unmatched cancel notification for request id 1752
Jan 30, 2026 10:12:48 AM org.eclipse.lsp4j.jsonrpc.RemoteEndpoint handleCancellation
WARNING: Unmatched cancel notification for request id 1754
Jan 30, 2026 10:12:49 AM org.eclipse.lsp4j.jsonrpc.RemoteEndpoint handleCancellation
WARNING: Unmatched cancel notification for request id 1755
Jan 30, 2026 10:12:49 AM org.eclipse.lsp4j.jsonrpc.RemoteEndpoint handleCancellation
WARNING: Unmatched cancel notification for request id 1756
Jan 30, 2026 10:12:49 AM org.eclipse.lsp4j.jsonrpc.RemoteEndpoint handleCancellation
WARNING: Unmatched cancel notification for request id 1758
Jan 30, 2026 10:12:49 AM org.eclipse.lsp4j.jsonrpc.RemoteEndpoint handleCancellation
WARNING: Unmatched cancel notification for request id 1759
2026.01.30 10:12:51 INFO  time: compiled My_Python-codes_d5c0a6989e in 12s
Jan 30, 2026 10:13:03 AM org.eclipse.lsp4j.jsonrpc.RemoteEndpoint handleCancellation
WARNING: Unmatched cancel notification for request id 1795
Jan 30, 2026 10:13:03 AM org.eclipse.lsp4j.jsonrpc.RemoteEndpoint handleCancellation
WARNING: Unmatched cancel notification for request id 1796
Jan 30, 2026 10:13:07 AM org.eclipse.lsp4j.jsonrpc.RemoteEndpoint handleCancellation
WARNING: Unmatched cancel notification for request id 1835
2026.01.30 10:13:18 INFO  compiling my_python-codes_d5c0a6989e (1 scala source)
2026.01.30 10:13:25 INFO  time: compiled My_Python-codes_d5c0a6989e in 6.79s
2026.01.30 10:13:50 INFO  no build target found for C:\Users\rahul\My Repos\My_Python-codes\Scala codes\Loops.scala. Using presentation compiler with project's scala-library version: 3.7.4
2026.01.30 10:13:50 WARN  no build target for: C:\Users\rahul\My Repos\My_Python-codes\Scala codes\Loops.scala
2026.01.30 10:13:52 INFO  time: Imported build in 0.29s
2026.01.30 10:13:52 INFO  compiling my_python-codes_d5c0a6989e (1 scala source)
2026.01.30 10:13:53 INFO  time: compiled My_Python-codes_d5c0a6989e in 1.05s
Jan 30, 2026 10:13:55 AM org.eclipse.lsp4j.jsonrpc.RemoteEndpoint handleCancellation
WARNING: Unmatched cancel notification for request id 1903
Jan 30, 2026 10:13:55 AM org.eclipse.lsp4j.jsonrpc.RemoteEndpoint handleCancellation
WARNING: Unmatched cancel notification for request id 1904
Jan 30, 2026 10:13:55 AM org.eclipse.lsp4j.jsonrpc.RemoteEndpoint handleCancellation
WARNING: Unmatched cancel notification for request id 1905
2026.01.30 10:13:58 INFO  time: indexed workspace in 6.63s
2026.01.30 10:14:02 INFO  compiling my_python-codes_d5c0a6989e (1 scala source)
2026.01.30 10:14:05 INFO  time: compiled My_Python-codes_d5c0a6989e in 3.62s
2026.01.30 10:16:15 INFO  no build target found for C:\Users\rahul\My Repos\My_Python-codes\Scala codes\Function_2.scala. Using presentation compiler with project's scala-library version: 3.7.4
2026.01.30 10:16:15 WARN  no build target for: C:\Users\rahul\My Repos\My_Python-codes\Scala codes\Function_2.scala
2026.01.30 10:16:16 INFO  time: Imported build in 0.14s
2026.01.30 10:16:17 INFO  compiling my_python-codes_d5c0a6989e (1 scala source)
2026.01.30 10:16:17 INFO  time: compiled My_Python-codes_d5c0a6989e in 0.7s
Jan 30, 2026 10:16:18 AM org.eclipse.lsp4j.jsonrpc.RemoteEndpoint handleCancellation
WARNING: Unmatched cancel notification for request id 1966
Jan 30, 2026 10:16:19 AM org.eclipse.lsp4j.jsonrpc.RemoteEndpoint handleCancellation
WARNING: Unmatched cancel notification for request id 1967
Jan 30, 2026 10:16:22 AM org.eclipse.lsp4j.jsonrpc.RemoteEndpoint handleCancellation
WARNING: Unmatched cancel notification for request id 1999
2026.01.30 10:16:23 INFO  time: indexed workspace in 6.74s
Jan 30, 2026 10:16:56 AM org.eclipse.lsp4j.jsonrpc.RemoteEndpoint handleCancellation
WARNING: Unmatched cancel notification for request id 2089
Jan 30, 2026 10:16:56 AM org.eclipse.lsp4j.jsonrpc.RemoteEndpoint handleCancellation
WARNING: Unmatched cancel notification for request id 2090
Jan 30, 2026 10:16:56 AM org.eclipse.lsp4j.jsonrpc.RemoteEndpoint handleCancellation
WARNING: Unmatched cancel notification for request id 2091
Jan 30, 2026 10:16:56 AM org.eclipse.lsp4j.jsonrpc.RemoteEndpoint handleCancellation
WARNING: Unmatched cancel notification for request id 2094
Jan 30, 2026 10:16:58 AM org.eclipse.lsp4j.jsonrpc.RemoteEndpoint handleCancellation
WARNING: Unmatched cancel notification for request id 2110
Jan 30, 2026 10:16:59 AM org.eclipse.lsp4j.jsonrpc.RemoteEndpoint handleCancellation
WARNING: Unmatched cancel notification for request id 2123
Jan 30, 2026 10:17:00 AM org.eclipse.lsp4j.jsonrpc.RemoteEndpoint handleCancellation
WARNING: Unmatched cancel notification for request id 2130
Jan 30, 2026 10:17:32 AM org.eclipse.lsp4j.jsonrpc.RemoteEndpoint handleCancellation
WARNING: Unmatched cancel notification for request id 2261
2026.01.30 10:17:50 INFO  compiling my_python-codes_d5c0a6989e (1 scala source)
2026.01.30 10:17:53 INFO  time: compiled My_Python-codes_d5c0a6989e in 2.71s
2026.01.30 10:18:46 INFO  no build target found for C:\Users\rahul\My Repos\My_Python-codes\Scala codes\Class_Objects.scala. Using presentation compiler with project's scala-library version: 3.7.4
2026.01.30 10:18:46 WARN  no build target for: C:\Users\rahul\My Repos\My_Python-codes\Scala codes\Class_Objects.scala
2026.01.30 10:18:47 INFO  time: Imported build in 0.16s
2026.01.30 10:18:48 INFO  compiling my_python-codes_d5c0a6989e (1 scala source)
2026.01.30 10:18:48 INFO  time: compiled My_Python-codes_d5c0a6989e in 0.97s
Jan 30, 2026 10:18:51 AM org.eclipse.lsp4j.jsonrpc.RemoteEndpoint handleCancellation
WARNING: Unmatched cancel notification for request id 2416
2026.01.30 10:18:54 INFO  time: indexed workspace in 6.31s
2026.01.30 10:19:04 INFO  compiling my_python-codes_d5c0a6989e (1 scala source)
2026.01.30 10:19:05 INFO  time: compiled My_Python-codes_d5c0a6989e in 1.47s
Jan 30, 2026 10:19:14 AM org.eclipse.lsp4j.jsonrpc.services.GenericEndpoint notify
INFO: Unsupported notification method: $/setTrace
Jan 30, 2026 10:19:37 AM org.eclipse.lsp4j.jsonrpc.RemoteEndpoint handleCancellation
WARNING: Unmatched cancel notification for request id 2482
Jan 30, 2026 10:19:47 AM org.eclipse.lsp4j.jsonrpc.RemoteEndpoint handleCancellation
WARNING: Unmatched cancel notification for request id 2547
Jan 30, 2026 10:20:14 AM org.eclipse.lsp4j.jsonrpc.RemoteEndpoint handleCancellation
WARNING: Unmatched cancel notification for request id 2620
2026.01.30 10:20:16 INFO  compiling my_python-codes_d5c0a6989e (1 scala source)
2026.01.30 10:20:18 INFO  time: compiled My_Python-codes_d5c0a6989e in 1.46s
Jan 30, 2026 11:06:04 AM org.eclipse.lsp4j.jsonrpc.RemoteEndpoint handleCancellation
WARNING: Unmatched cancel notification for request id 2654
Jan 30, 2026 11:46:41 AM org.eclipse.lsp4j.jsonrpc.RemoteEndpoint handleCancellation
WARNING: Unmatched cancel notification for request id 2689
Jan 30, 2026 11:48:13 AM org.eclipse.lsp4j.jsonrpc.RemoteEndpoint handleCancellation
WARNING: Unmatched cancel notification for request id 2700
2026.01.30 12:27:52 INFO  compiling my_python-codes_d5c0a6989e (1 scala source)
2026.01.30 12:27:53 WARN  Could not load snapshot text for C:\Users\rahul\My Repos\My_Python-codes\Scala codes\Function_2.scala
2026.01.30 12:27:53 INFO  time: compiled My_Python-codes_d5c0a6989e in 1.45s
2026.01.30 12:58:46 INFO  Started: Metals version 1.6.5 in folders 'C:\Users\rahul\OneDrive\Documents\GitHub\My_Python-codes' for client Antigravity 1.104.0.
2026.01.30 12:58:46 INFO  Memory monitor started
2026.01.30 12:58:48 WARN  Using H2 2.4.240 which is newer than the version Flyway has been verified with. The latest verified version of H2 is 2.3.232.
2026.01.30 12:58:49 INFO  Attempting to connect to the build server...
2026.01.30 12:58:49 INFO  Running BSP server List(C:\Users\rahul\AppData\Local\Coursier\data\bin\.scala-cli.aux.exe, bsp, --json-options, C:\Users\rahul\My Repos\My_Python-codes\.scala-build\ide-options-v2.json, --json-launcher-options, C:\Users\rahul\My Repos\My_Python-codes\.scala-build\ide-launcher-options.json, --envs-file, C:\Users\rahul\My Repos\My_Python-codes\.scala-build\ide-envs.json, C:\Users\rahul\My Repos\My_Python-codes)
2026.01.30 12:58:50 INFO  tracing is disabled for protocol BSP, to enable tracing of incoming and outgoing JSON messages create an empty file at C:\Users\rahul\OneDrive\Documents\GitHub\My_Python-codes\.metals\bsp.trace.json or C:\Users\rahul\AppData\Local\scalameta\metals\cache\bsp.trace.json
2026.01.30 12:58:52 INFO  time: Connected to build server in 3.65s
2026.01.30 12:58:52 INFO  Connected to Build server: scala-cli v1.11.0
2026.01.30 12:58:52 INFO  time: Imported build in 0.28s
2026.01.30 12:58:53 INFO  compiling my_python-codes_d5c0a6989e (1 scala source and 1 java source)
2026.01.30 12:58:59 WARN  javac exited with exit code 1
2026.01.30 12:58:59 INFO  time: compiled My_Python-codes_d5c0a6989e in 5.76s
2026.01.30 12:58:59 INFO  compiling my_python-codes_d5c0a6989e (1 scala source and 1 java source)
2026.01.30 12:59:03 WARN  javac exited with exit code 1
2026.01.30 12:59:03 INFO  time: compiled My_Python-codes_d5c0a6989e in 3.2s
2026.01.30 12:59:05 WARN  Using H2 2.4.240 which is newer than the version Flyway has been verified with. The latest verified version of H2 is 2.3.232.
2026.01.30 12:59:06 INFO  time: indexed workspace in 13s
2026.01.30 12:59:06 WARN  no build target for: C:\Users\rahul\OneDrive\Documents\GitHub\My_Python-codes\Scala codes\Control.scala
2026.01.30 12:59:06 INFO  no build target found for C:\Users\rahul\OneDrive\Documents\GitHub\My_Python-codes\Scala codes\Control.scala. Using presentation compiler with project's scala-library version: 3.7.4
2026.01.30 13:03:33 INFO  Wrote configuration file for ide in: C:\Users\rahul\OneDrive\Documents\GitHub\My_Python-codes\.bsp\scala-cli.json
2026.01.30 13:03:33 INFO  time: ran 'scala-cli bspConfig' in 1.36s
2026.01.30 13:03:33 INFO  Disconnecting from scala-cli session...
2026.01.30 13:03:33 INFO  Shut down connection with build server.
2026.01.30 13:03:33 INFO  BSP server: Jan 30, 2026 1:03:33 PM org.eclipse.lsp4j.jsonrpc.RemoteEndpoint handleNotification
2026.01.30 13:03:33 INFO  BSP server: WARNING: Notification threw an exception: {
2026.01.30 13:03:33 INFO  BSP server:   "jsonrpc": "2.0",
2026.01.30 13:03:33 INFO  BSP server:   "method": "build/exit",
2026.01.30 13:03:33 INFO  BSP server:   "params": null
2026.01.30 13:03:33 INFO  BSP server: }
2026.01.30 13:03:33 INFO  BSP server: java.lang.RuntimeException: java.lang.reflect.InvocationTargetException
2026.01.30 13:03:33 INFO  BSP server: 	at org.eclipse.lsp4j.jsonrpc.services.GenericEndpoint.lambda$null$0(GenericEndpoint.java:67)
2026.01.30 13:03:33 INFO  BSP server: 	at org.eclipse.lsp4j.jsonrpc.services.GenericEndpoint.notify(GenericEndpoint.java:152)
2026.01.30 13:03:33 INFO  BSP server: 	at org.eclipse.lsp4j.jsonrpc.RemoteEndpoint.handleNotification(RemoteEndpoint.java:220)
2026.01.30 13:03:33 INFO  BSP server: 	at org.eclipse.lsp4j.jsonrpc.RemoteEndpoint.consume(RemoteEndpoint.java:187)
2026.01.30 13:03:33 INFO  BSP server: 	at org.eclipse.lsp4j.jsonrpc.json.StreamMessageProducer.handleMessage(StreamMessageProducer.java:194)
2026.01.30 13:03:33 INFO  BSP server: 	at org.eclipse.lsp4j.jsonrpc.json.StreamMessageProducer.listen(StreamMessageProducer.java:94)
2026.01.30 13:03:33 INFO  BSP server: 	at org.eclipse.lsp4j.jsonrpc.json.ConcurrentMessageProcessor.run(ConcurrentMessageProcessor.java:113)
2026.01.30 13:03:33 INFO  BSP server: 	at java.base@17.0.6/java.util.concurrent.Executors$RunnableAdapter.call(Executors.java:539)
2026.01.30 13:03:33 INFO  BSP server: 	at java.base@17.0.6/java.util.concurrent.FutureTask.run(FutureTask.java:264)
2026.01.30 13:03:33 INFO  BSP server: 	at java.base@17.0.6/java.util.concurrent.ThreadPoolExecutor.runWorker(ThreadPoolExecutor.java:1136)
2026.01.30 13:03:33 INFO  BSP server: 	at java.base@17.0.6/java.util.concurrent.ThreadPoolExecutor$Worker.run(ThreadPoolExecutor.java:635)
2026.01.30 13:03:33 INFO  BSP server: 	at java.base@17.0.6/java.lang.Thread.run(Thread.java:833)
2026.01.30 13:03:33 INFO  BSP server: 	at com.oracle.svm.core.thread.PlatformThreads.threadStartRoutine(PlatformThreads.java:775)
2026.01.30 13:03:33 INFO  BSP server: 	at com.oracle.svm.core.windows.WindowsPlatformThreads.osThreadStartRoutine(WindowsPlatformThreads.java:178)
2026.01.30 13:03:33 INFO  BSP server: Caused by: java.lang.reflect.InvocationTargetException
2026.01.30 13:03:33 INFO  BSP server: 	at java.base@17.0.6/java.lang.reflect.Method.invoke(Method.java:568)
2026.01.30 13:03:33 INFO  BSP server: 	at org.eclipse.lsp4j.jsonrpc.services.GenericEndpoint.lambda$null$0(GenericEndpoint.java:65)
2026.01.30 13:03:33 INFO  BSP server: 	... 13 more
2026.01.30 13:03:33 INFO  BSP server: Caused by: java.lang.RuntimeException: BSP server not initialized yet
2026.01.30 13:03:33 INFO  BSP server: 	at scala.sys.package$.error(package.scala:27)
2026.01.30 13:03:33 INFO  BSP server: 	at scala.build.bsp.BloopSession$Reference.get(BloopSession.scala:70)
2026.01.30 13:03:33 INFO  BSP server: 	at scala.build.bsp.BspImpl.$anonfun$11(BspImpl.scala:471)
2026.01.30 13:03:33 INFO  BSP server: 	at scala.build.bsp.BuildServerProxy.onBuildExit(BuildServerProxy.scala:29)
2026.01.30 13:03:33 INFO  BSP server: 	... 15 more
2026.01.30 13:03:33 INFO  BSP server: 
2026.01.30 13:03:34 INFO  Attempting to connect to the build server...
2026.01.30 13:03:34 INFO  Running BSP server List(C:\Users\rahul\AppData\Local\Coursier\data\bin\.scala-cli.aux.exe, bsp, --json-options, C:\Users\rahul\OneDrive\Documents\GitHub\My_Python-codes\.scala-build\ide-options-v2.json, --json-launcher-options, C:\Users\rahul\OneDrive\Documents\GitHub\My_Python-codes\.scala-build\ide-launcher-options.json, --envs-file, C:\Users\rahul\OneDrive\Documents\GitHub\My_Python-codes\.scala-build\ide-envs.json, C:\Users\rahul\OneDrive\Documents\GitHub\My_Python-codes)
2026.01.30 13:03:35 INFO  tracing is disabled for protocol BSP, to enable tracing of incoming and outgoing JSON messages create an empty file at C:\Users\rahul\OneDrive\Documents\GitHub\My_Python-codes\.metals\bsp.trace.json or C:\Users\rahul\AppData\Local\scalameta\metals\cache\bsp.trace.json
2026.01.30 13:03:36 INFO  time: Connected to build server in 2.68s
2026.01.30 13:03:36 INFO  Connected to Build server: scala-cli v1.11.0
2026.01.30 13:03:36 INFO  time: Imported build in 0.11s
2026.01.30 13:03:37 INFO  compiling my_python-codes_19c1cefaf8 (9 scala sources and 1 java source)
2026.01.30 13:03:37 INFO  time: compiled My_Python-codes_19c1cefaf8 in 0.77s
2026.01.30 13:03:37 INFO  compiling my_python-codes_19c1cefaf8 (9 scala sources and 1 java source)
2026.01.30 13:03:39 INFO  time: compiled My_Python-codes_19c1cefaf8 in 0.96s
2026.01.30 13:03:40 INFO  time: indexed workspace in 4.03s
2026.01.30 13:03:41 INFO  compiling my_python-codes_19c1cefaf8 (9 scala sources and 1 java source)
2026.01.30 13:03:42 INFO  time: compiled My_Python-codes_19c1cefaf8 in 1.06s
Jan 30, 2026 1:03:56 PM org.eclipse.lsp4j.jsonrpc.RemoteEndpoint handleCancellation
WARNING: Unmatched cancel notification for request id 8
2026.01.30 13:07:00 INFO  Started: Metals version 1.6.5 in folders 'C:\Users\rahul\OneDrive\Documents\GitHub\My_Python-codes' for client Antigravity 1.104.0.
2026.01.30 13:07:00 INFO  time: initialize in 0.11s
2026.01.30 13:07:00 INFO  Memory monitor started
2026.01.30 13:07:08 WARN  Using H2 2.4.240 which is newer than the version Flyway has been verified with. The latest verified version of H2 is 2.3.232.
2026.01.30 13:07:11 INFO  Attempting to connect to the build server...
2026.01.30 13:07:11 INFO  Running BSP server List(C:\Users\rahul\AppData\Local\Coursier\data\bin\.scala-cli.aux.exe, bsp, --json-options, C:\Users\rahul\OneDrive\Documents\GitHub\My_Python-codes\.scala-build\ide-options-v2.json, --json-launcher-options, C:\Users\rahul\OneDrive\Documents\GitHub\My_Python-codes\.scala-build\ide-launcher-options.json, --envs-file, C:\Users\rahul\OneDrive\Documents\GitHub\My_Python-codes\.scala-build\ide-envs.json, C:\Users\rahul\OneDrive\Documents\GitHub\My_Python-codes)
2026.01.30 13:07:12 INFO  tracing is disabled for protocol BSP, to enable tracing of incoming and outgoing JSON messages create an empty file at C:\Users\rahul\OneDrive\Documents\GitHub\My_Python-codes\.metals\bsp.trace.json or C:\Users\rahul\AppData\Local\scalameta\metals\cache\bsp.trace.json
2026.01.30 13:07:31 INFO  time: Connected to build server in 19s
2026.01.30 13:07:31 INFO  Connected to Build server: scala-cli v1.11.0
2026.01.30 13:07:31 INFO  time: Imported build in 0.67s
2026.01.30 13:07:38 INFO  compiling my_python-codes_19c1cefaf8 (9 scala sources and 2 java sources)
2026.01.30 13:07:55 INFO  time: compiled My_Python-codes_19c1cefaf8 in 17s
2026.01.30 13:07:58 INFO  compiling my_python-codes_19c1cefaf8 (9 scala sources and 2 java sources)
2026.01.30 13:07:58 INFO  Created report: Optional[file:///C:/Users/rahul/OneDrive/Documents/GitHub/My_Python-codes/Tensorflow_Files/hello.java]
2026.01.30 13:07:58 INFO  QDox parse error in file:///C:/Users/rahul/OneDrive/Documents/GitHub/My_Python-codes/Tensorflow_Files/hello.java (full report at: "C:\Users\rahul\OneDrive\Documents\GitHub\My_Python-codes\.metals\.reports\metals-full\2026-01-30\r_qdox-error_(My_5fPython-codes_5f19c1cefaf8)_13-07-58-024.md")
2026.01.30 13:08:01 WARN  Using H2 2.4.240 which is newer than the version Flyway has been verified with. The latest verified version of H2 is 2.3.232.
2026.01.30 13:08:03 INFO  time: compiled My_Python-codes_19c1cefaf8 in 5.87s
2026.01.30 13:08:04 INFO  time: indexed workspace in 31s
2026.01.30 13:08:05 INFO  compiling my_python-codes_19c1cefaf8 (9 scala sources and 2 java sources)
2026.01.30 13:08:05 INFO  time: compiled My_Python-codes_19c1cefaf8 in 0.81s
Jan 30, 2026 1:08:36 PM org.eclipse.lsp4j.jsonrpc.services.GenericEndpoint notify
INFO: Unsupported notification method: $/setTrace
Jan 30, 2026 1:08:37 PM org.eclipse.lsp4j.jsonrpc.services.GenericEndpoint notify
INFO: Unsupported notification method: $/setTrace
Jan 30, 2026 1:09:11 PM org.eclipse.lsp4j.jsonrpc.services.GenericEndpoint notify
INFO: Unsupported notification method: $/setTrace
Jan 30, 2026 1:09:57 PM org.eclipse.lsp4j.jsonrpc.RemoteEndpoint handleCancellation
WARNING: Unmatched cancel notification for request id 57
2026.01.30 13:10:15 INFO  time: Imported build in 0.51s
2026.01.30 13:10:16 INFO  compiling my_python-codes_19c1cefaf8 (9 scala sources and 1 java source)
2026.01.30 13:10:17 INFO  Deduplicating compilation of My_Python-codes_19c1cefaf8 from bsp client 'scala-cli 1.11.0' (since 2m 55.692s)
2026.01.30 13:10:17 INFO  compiling my_python-codes_19c1cefaf8 (9 scala sources and 1 java source)
Jan 30, 2026 1:10:22 PM org.eclipse.lsp4j.jsonrpc.RemoteEndpoint handleCancellation
WARNING: Unmatched cancel notification for request id 78
Jan 30, 2026 1:10:25 PM org.eclipse.lsp4j.jsonrpc.RemoteEndpoint handleCancellation
WARNING: Unmatched cancel notification for request id 82
Jan 30, 2026 1:10:25 PM org.eclipse.lsp4j.jsonrpc.RemoteEndpoint handleCancellation
WARNING: Unmatched cancel notification for request id 81
Jan 30, 2026 1:10:25 PM org.eclipse.lsp4j.jsonrpc.RemoteEndpoint handleCancellation
WARNING: Unmatched cancel notification for request id 83
Jan 30, 2026 1:10:25 PM org.eclipse.lsp4j.jsonrpc.RemoteEndpoint handleCancellation
WARNING: Unmatched cancel notification for request id 85
Jan 30, 2026 1:10:25 PM org.eclipse.lsp4j.jsonrpc.RemoteEndpoint handleCancellation
WARNING: Unmatched cancel notification for request id 90
Jan 30, 2026 1:10:25 PM org.eclipse.lsp4j.jsonrpc.RemoteEndpoint handleCancellation
WARNING: Unmatched cancel notification for request id 91
Jan 30, 2026 1:10:25 PM org.eclipse.lsp4j.jsonrpc.RemoteEndpoint handleCancellation
WARNING: Unmatched cancel notification for request id 96
Jan 30, 2026 1:10:25 PM org.eclipse.lsp4j.jsonrpc.RemoteEndpoint handleCancellation
WARNING: Unmatched cancel notification for request id 97
Jan 30, 2026 1:10:25 PM org.eclipse.lsp4j.jsonrpc.RemoteEndpoint handleCancellation
WARNING: Unmatched cancel notification for request id 92
2026.01.30 13:10:27 INFO  QDox parse error in file:///C:/Users/rahul/OneDrive/Documents/GitHub/My_Python-codes/Tensorflow_Files/hello.java (full report at: "C:\Users\rahul\OneDrive\Documents\GitHub\My_Python-codes\.metals\.reports\metals-full\2026-01-30\r_qdox-error_(My_5fPython-codes_5f19c1cefaf8)_13-07-58-024.md")
2026.01.30 13:10:30 INFO  time: indexed workspace in 14s
2026.01.30 13:10:31 INFO  Created report: Optional[file:///C:/Users/rahul/OneDrive/Documents/GitHub/My_Python-codes/Tensorflow_Files/hello.java]
2026.01.30 13:10:31 INFO  empty definition using pc, found symbol in pc:  (full report at: "C:\Users\rahul\OneDrive\Documents\GitHub\My_Python-codes\.metals\.reports\metals-full\2026-01-30\r_empty-definition_(My_5fPython-codes_5f19c1cefaf8)_13-10-31-107.md")
2026.01.30 13:10:31 WARN  Invalid text document uri received from build server: file:///C:/Users/rahul/OneDrive/Documents/GitHub/My_Python-codes/Tensorflow_Files/HelloWorld.java
2026.01.30 13:10:31 WARN  Invalid text document uri received from build server: file:///C:/Users/rahul/OneDrive/Documents/GitHub/My_Python-codes/Tensorflow_Files/HelloWorld.java
2026.01.30 13:10:31 INFO  time: compiled My_Python-codes_19c1cefaf8 in 14s
Jan 30, 2026 1:10:35 PM org.eclipse.lsp4j.jsonrpc.RemoteEndpoint handleCancellation
WARNING: Unmatched cancel notification for request id 152
Jan 30, 2026 1:10:35 PM org.eclipse.lsp4j.jsonrpc.RemoteEndpoint handleCancellation
WARNING: Unmatched cancel notification for request id 151
Jan 30, 2026 1:10:35 PM org.eclipse.lsp4j.jsonrpc.RemoteEndpoint handleCancellation
WARNING: Unmatched cancel notification for request id 150
Jan 30, 2026 1:10:35 PM org.eclipse.lsp4j.jsonrpc.RemoteEndpoint handleCancellation
WARNING: Unmatched cancel notification for request id 157
Jan 30, 2026 1:10:35 PM org.eclipse.lsp4j.jsonrpc.RemoteEndpoint handleCancellation
WARNING: Unmatched cancel notification for request id 154
Jan 30, 2026 1:10:35 PM org.eclipse.lsp4j.jsonrpc.RemoteEndpoint handleCancellation
WARNING: Unmatched cancel notification for request id 156
Jan 30, 2026 1:10:37 PM org.eclipse.lsp4j.jsonrpc.RemoteEndpoint handleCancellation
WARNING: Unmatched cancel notification for request id 185
Jan 30, 2026 1:10:37 PM org.eclipse.lsp4j.jsonrpc.RemoteEndpoint handleCancellation
WARNING: Unmatched cancel notification for request id 190
Jan 30, 2026 1:10:37 PM org.eclipse.lsp4j.jsonrpc.RemoteEndpoint handleCancellation
WARNING: Unmatched cancel notification for request id 191
Jan 30, 2026 1:10:37 PM org.eclipse.lsp4j.jsonrpc.RemoteEndpoint handleCancellation
WARNING: Unmatched cancel notification for request id 189
Jan 30, 2026 1:10:37 PM org.eclipse.lsp4j.jsonrpc.RemoteEndpoint handleCancellation
WARNING: Unmatched cancel notification for request id 188
Jan 30, 2026 1:10:38 PM org.eclipse.lsp4j.jsonrpc.RemoteEndpoint handleCancellation
WARNING: Unmatched cancel notification for request id 194
Jan 30, 2026 1:10:38 PM org.eclipse.lsp4j.jsonrpc.RemoteEndpoint handleCancellation
WARNING: Unmatched cancel notification for request id 195
Jan 30, 2026 1:10:38 PM org.eclipse.lsp4j.jsonrpc.RemoteEndpoint handleCancellation
WARNING: Unmatched cancel notification for request id 193
Jan 30, 2026 1:10:40 PM org.eclipse.lsp4j.jsonrpc.RemoteEndpoint handleCancellation
WARNING: Unmatched cancel notification for request id 221
Jan 30, 2026 1:10:40 PM org.eclipse.lsp4j.jsonrpc.RemoteEndpoint handleCancellation
WARNING: Unmatched cancel notification for request id 222
Jan 30, 2026 1:10:40 PM org.eclipse.lsp4j.jsonrpc.RemoteEndpoint handleCancellation
WARNING: Unmatched cancel notification for request id 223
2026.01.30 13:11:59 INFO  QDox parse error in file:///C:/Users/rahul/OneDrive/Documents/GitHub/My_Python-codes/Tensorflow_Files/hello.java (full report at: "C:\Users\rahul\OneDrive\Documents\GitHub\My_Python-codes\.metals\.reports\metals-full\2026-01-30\r_qdox-error_(My_5fPython-codes_5f19c1cefaf8)_13-07-58-024.md")
2026.01.30 13:12:00 INFO  compiling my_python-codes_19c1cefaf8 (1 java source)
2026.01.30 13:12:02 WARN  Unexpected javac output: WARNING: A terminally deprecated method in sun.misc.Unsafe has been called
WARNING: sun.misc.Unsafe::arrayBaseOffset has been called by com.sourcegraph.shaded.com.google.protobuf.UnsafeUtil$MemoryAccessor (file:/C:/Users/rahul/AppData/Local/Coursier/cache/v1/https/repo1.maven.org/maven2/com/sourcegraph/semanticdb-javac/0.10.0/semanticdb-javac-0.10.0.jar)
WARNING: Please consider reporting this to the maintainers of class com.sourcegraph.shaded.com.google.protobuf.UnsafeUtil$MemoryAccessor
WARNING: sun.misc.Unsafe::arrayBaseOffset will be removed in a future release.
2026.01.30 13:12:02 INFO  time: compiled My_Python-codes_19c1cefaf8 in 2.26s
2026.01.31 01:59:46 INFO  time: code lens generation in 1.48s
2026.01.31 02:39:46 INFO  Shutting down server
2026.01.31 02:39:46 INFO  Memory monitor stopped
2026.01.31 02:39:46 INFO  shutting down Metals
2026.01.31 22:53:47 INFO  Started: Metals version 1.6.5 in folders 'C:\Users\rahul\OneDrive\Documents\GitHub\My_Python-codes' for client Antigravity 1.104.0.
2026.01.31 22:53:47 INFO  time: initialize in 0.22s
2026.01.31 22:53:47 INFO  Memory monitor started
2026.01.31 22:54:14 WARN  Using H2 2.4.240 which is newer than the version Flyway has been verified with. The latest verified version of H2 is 2.3.232.
2026.01.31 22:54:14 INFO  no build target found for C:\Users\rahul\OneDrive\Documents\GitHub\My_Python-codes\Tensorflow_Files\hello.java. Using fallback presentation compiler.
2026.01.31 22:54:16 INFO  no build target found for C:\Users\rahul\OneDrive\Documents\GitHub\My_Python-codes\Tensorflow_Files\hello.java. Using fallback presentation compiler.
2026.01.31 22:54:18 INFO  Attempting to connect to the build server...
2026.01.31 22:54:18 INFO  Running BSP server List(C:\Users\rahul\AppData\Local\Coursier\data\bin\.scala-cli.aux.exe, bsp, --json-options, C:\Users\rahul\OneDrive\Documents\GitHub\My_Python-codes\.scala-build\ide-options-v2.json, --json-launcher-options, C:\Users\rahul\OneDrive\Documents\GitHub\My_Python-codes\.scala-build\ide-launcher-options.json, --envs-file, C:\Users\rahul\OneDrive\Documents\GitHub\My_Python-codes\.scala-build\ide-envs.json, C:\Users\rahul\OneDrive\Documents\GitHub\My_Python-codes)
2026.01.31 22:54:20 INFO  tracing is disabled for protocol BSP, to enable tracing of incoming and outgoing JSON messages create an empty file at C:\Users\rahul\OneDrive\Documents\GitHub\My_Python-codes\.metals\bsp.trace.json or C:\Users\rahul\AppData\Local\scalameta\metals\cache\bsp.trace.json
2026.01.31 22:54:29 INFO  BSP server: Starting compilation server
2026.01.31 22:54:54 INFO  Shutting down server
2026.01.31 22:54:54 INFO  Memory monitor stopped
2026.01.31 22:54:54 INFO  shutting down Metals
2026.01.31 22:54:54 INFO  Exiting server
2026.01.31 22:57:24 INFO  Started: Metals version 1.6.5 in folders 'C:\Users\rahul\OneDrive\Documents\GitHub\My_Python-codes' for client Antigravity 1.104.0.
2026.01.31 22:57:24 INFO  time: initialize in 0.16s
2026.01.31 22:57:26 INFO  Memory monitor started
2026.01.31 22:57:35 WARN  Using H2 2.4.240 which is newer than the version Flyway has been verified with. The latest verified version of H2 is 2.3.232.
2026.01.31 22:57:42 INFO  Attempting to connect to the build server...
2026.01.31 22:57:42 INFO  Running BSP server List(C:\Users\rahul\AppData\Local\Coursier\data\bin\.scala-cli.aux.exe, bsp, --json-options, C:\Users\rahul\OneDrive\Documents\GitHub\My_Python-codes\.scala-build\ide-options-v2.json, --json-launcher-options, C:\Users\rahul\OneDrive\Documents\GitHub\My_Python-codes\.scala-build\ide-launcher-options.json, --envs-file, C:\Users\rahul\OneDrive\Documents\GitHub\My_Python-codes\.scala-build\ide-envs.json, C:\Users\rahul\OneDrive\Documents\GitHub\My_Python-codes)
2026.01.31 22:57:42 INFO  tracing is disabled for protocol BSP, to enable tracing of incoming and outgoing JSON messages create an empty file at C:\Users\rahul\OneDrive\Documents\GitHub\My_Python-codes\.metals\bsp.trace.json or C:\Users\rahul\AppData\Local\scalameta\metals\cache\bsp.trace.json
2026.01.31 22:57:57 INFO  no build target found for C:\Users\rahul\OneDrive\Documents\GitHub\My_Python-codes\Scala codes\Control.scala. Using presentation compiler with project's scala-library version: 3.3.7
2026.01.31 22:57:58 INFO  time: Connected to build server in 16s
2026.01.31 22:57:58 INFO  Connected to Build server: scala-cli v1.11.0
2026.01.31 22:58:01 INFO  time: Imported build in 2.78s
Jan 31, 2026 10:58:34 PM org.eclipse.lsp4j.jsonrpc.services.GenericEndpoint notify
INFO: Unsupported notification method: $/setTrace
2026.01.31 22:58:35 WARN  Using H2 2.4.240 which is newer than the version Flyway has been verified with. The latest verified version of H2 is 2.3.232.
2026.01.31 22:58:40 INFO  time: indexed workspace in 22s
2026.02.06 11:09:56 INFO  Started: Metals version 1.6.5 in folders 'C:\Users\rahul\OneDrive\Documents\GitHub\My_Python-codes' for client Antigravity 1.104.0.
2026.02.06 11:09:56 INFO  Memory monitor started
2026.02.06 11:10:01 WARN  Using H2 2.4.240 which is newer than the version Flyway has been verified with. The latest verified version of H2 is 2.3.232.
2026.02.06 11:10:02 INFO  Attempting to connect to the build server...
2026.02.06 11:10:02 INFO  Running BSP server List(C:\Users\rahul\AppData\Local\Coursier\data\bin\.scala-cli.aux.exe, bsp, --json-options, C:\Users\rahul\OneDrive\Documents\GitHub\My_Python-codes\.scala-build\ide-options-v2.json, --json-launcher-options, C:\Users\rahul\OneDrive\Documents\GitHub\My_Python-codes\.scala-build\ide-launcher-options.json, --envs-file, C:\Users\rahul\OneDrive\Documents\GitHub\My_Python-codes\.scala-build\ide-envs.json, C:\Users\rahul\OneDrive\Documents\GitHub\My_Python-codes)
2026.02.06 11:10:04 INFO  tracing is disabled for protocol BSP, to enable tracing of incoming and outgoing JSON messages create an empty file at C:\Users\rahul\OneDrive\Documents\GitHub\My_Python-codes\.metals\bsp.trace.json or C:\Users\rahul\AppData\Local\scalameta\metals\cache\bsp.trace.json
2026.02.06 11:10:08 INFO  time: Connected to build server in 5.48s
2026.02.06 11:10:08 INFO  Connected to Build server: scala-cli v1.11.0
2026.02.06 11:10:08 INFO  time: Imported build in 0.19s
2026.02.06 11:10:09 INFO  compiling my_python-codes_19c1cefaf8 (1 scala source)
2026.02.06 11:10:15 INFO  time: compiled My_Python-codes_19c1cefaf8 in 5.42s
2026.02.06 11:10:23 WARN  Using H2 2.4.240 which is newer than the version Flyway has been verified with. The latest verified version of H2 is 2.3.232.
2026.02.06 11:10:25 INFO  time: indexed workspace in 17s
2026.02.06 11:11:29 INFO  no build target found for C:\Users\rahul\OneDrive\Documents\GitHub\My_Python-codes\Scala codes\Constructor.scala. Using presentation compiler with project's scala-library version: 3.7.4
2026.02.06 11:11:29 WARN  no build target for: C:\Users\rahul\OneDrive\Documents\GitHub\My_Python-codes\Scala codes\Constructor.scala
2026.02.06 11:11:30 INFO  no build target found for C:\Users\rahul\OneDrive\Documents\GitHub\My_Python-codes\Scala codes\Constructor.scala. Using presentation compiler with project's scala-library version: 3.7.4
2026.02.06 11:11:31 INFO  no build target found for C:\Users\rahul\OneDrive\Documents\GitHub\My_Python-codes\Scala codes\Constructor.scala. Using presentation compiler with project's scala-library version: 3.7.4
2026.02.06 11:11:31 INFO  time: Imported build in 0.58s
2026.02.06 11:11:31 INFO  compiling my_python-codes_19c1cefaf8 (1 scala source)
2026.02.06 11:11:33 INFO  time: code lens generation in 2.15s
2026.02.06 11:11:41 INFO  time: indexed workspace in 10s
2026.02.06 11:11:46 INFO  no build target found for C:\Users\rahul\OneDrive\Documents\GitHub\My_Python-codes\Scala codes\Overridding.scala. Using presentation compiler with project's scala-library version: 3.7.4
2026.02.06 11:11:46 WARN  no build target for: C:\Users\rahul\OneDrive\Documents\GitHub\My_Python-codes\Scala codes\Overridding.scala
2026.02.06 11:11:48 INFO  time: Imported build in 0.58s
2026.02.06 11:11:48 INFO  compiling my_python-codes_19c1cefaf8 (1 scala source)
2026.02.06 11:11:50 INFO  time: compiled My_Python-codes_19c1cefaf8 in 1.47s
2026.02.06 11:11:57 INFO  time: indexed workspace in 8.45s
2026.02.06 11:12:13 INFO  no build target found for C:\Users\rahul\OneDrive\Documents\GitHub\My_Python-codes\Scala codes\Encapsulation.scala. Using presentation compiler with project's scala-library version: 3.7.4
2026.02.06 11:12:13 WARN  no build target for: C:\Users\rahul\OneDrive\Documents\GitHub\My_Python-codes\Scala codes\Encapsulation.scala
2026.02.06 11:12:15 INFO  time: Imported build in 0.13s
2026.02.06 11:12:15 INFO  compiling my_python-codes_19c1cefaf8 (1 scala source)
2026.02.06 11:12:15 INFO  time: compiled My_Python-codes_19c1cefaf8 in 0.94s
2026.02.06 11:12:20 INFO  time: indexed workspace in 5.22s
2026.02.06 11:12:45 INFO  compiling my_python-codes_19c1cefaf8 (1 scala source)
2026.02.06 11:12:45 INFO  time: compiled My_Python-codes_19c1cefaf8 in 0.95s
2026.02.06 11:13:16 INFO  no build target found for C:\Users\rahul\OneDrive\Documents\GitHub\My_Python-codes\Scala codes\Inheritance.scala. Using presentation compiler with project's scala-library version: 3.7.4
2026.02.06 11:13:16 WARN  no build target for: C:\Users\rahul\OneDrive\Documents\GitHub\My_Python-codes\Scala codes\Inheritance.scala
2026.02.06 11:13:17 INFO  no build target found for C:\Users\rahul\OneDrive\Documents\GitHub\My_Python-codes\Scala codes\Inheritance.scala. Using presentation compiler with project's scala-library version: 3.7.4
2026.02.06 11:13:17 INFO  no build target found for C:\Users\rahul\OneDrive\Documents\GitHub\My_Python-codes\Scala codes\Inheritance.scala. Using presentation compiler with project's scala-library version: 3.7.4
2026.02.06 11:13:18 INFO  time: Imported build in 0.25s
2026.02.06 11:13:18 INFO  compiling my_python-codes_19c1cefaf8 (3 scala sources)
2026.02.06 11:13:19 INFO  time: compiled My_Python-codes_19c1cefaf8 in 1.19s
2026.02.06 11:13:19 INFO  compiling my_python-codes_19c1cefaf8 (3 scala sources)
2026.02.06 11:13:21 INFO  time: compiled My_Python-codes_19c1cefaf8 in 1.45s
2026.02.06 11:13:23 INFO  time: indexed workspace in 4.87s
2026.02.06 11:13:24 INFO  compiling my_python-codes_19c1cefaf8 (3 scala sources)
2026.02.06 11:13:24 INFO  time: compiled My_Python-codes_19c1cefaf8 in 0.56s
2026.02.07 01:48:23 INFO  Started: Metals version 1.6.5 in folders 'C:\Users\rahul\OneDrive\Documents\GitHub\My_Python-codes' for client Antigravity 1.107.0.
2026.02.07 01:48:25 INFO  Memory monitor started
2026.02.07 01:48:32 WARN  Using H2 2.4.240 which is newer than the version Flyway has been verified with. The latest verified version of H2 is 2.3.232.
2026.02.07 01:48:34 INFO  Attempting to connect to the build server...
2026.02.07 01:48:34 INFO  Running BSP server List(C:\Users\rahul\AppData\Local\Coursier\data\bin\.scala-cli.aux.exe, bsp, --json-options, C:\Users\rahul\OneDrive\Documents\GitHub\My_Python-codes\.scala-build\ide-options-v2.json, --json-launcher-options, C:\Users\rahul\OneDrive\Documents\GitHub\My_Python-codes\.scala-build\ide-launcher-options.json, --envs-file, C:\Users\rahul\OneDrive\Documents\GitHub\My_Python-codes\.scala-build\ide-envs.json, C:\Users\rahul\OneDrive\Documents\GitHub\My_Python-codes)
2026.02.07 01:48:35 INFO  tracing is disabled for protocol BSP, to enable tracing of incoming and outgoing JSON messages create an empty file at C:\Users\rahul\OneDrive\Documents\GitHub\My_Python-codes\.metals\bsp.trace.json or C:\Users\rahul\AppData\Local\scalameta\metals\cache\bsp.trace.json
2026.02.07 01:48:46 INFO  time: Connected to build server in 12s
2026.02.07 01:48:46 INFO  Connected to Build server: scala-cli v1.11.0
2026.02.07 01:48:46 INFO  time: Imported build in 0.44s
2026.02.07 01:48:51 INFO  compiling my_python-codes_19c1cefaf8 (3 scala sources)
2026.02.07 01:48:57 INFO  time: compiled My_Python-codes_19c1cefaf8 in 6.11s
2026.02.07 01:48:58 INFO  compiling my_python-codes_19c1cefaf8 (3 scala sources)
2026.02.07 01:49:01 INFO  time: compiled My_Python-codes_19c1cefaf8 in 2.5s
2026.02.07 01:49:05 WARN  Using H2 2.4.240 which is newer than the version Flyway has been verified with. The latest verified version of H2 is 2.3.232.
2026.02.07 01:49:08 INFO  time: indexed workspace in 21s
2026.02.07 01:49:14 INFO  compiling my_python-codes_19c1cefaf8 (3 scala sources)
2026.02.07 01:49:18 INFO  time: compiled My_Python-codes_19c1cefaf8 in 3.96s
Feb 07, 2026 1:49:33 AM org.eclipse.lsp4j.jsonrpc.services.GenericEndpoint notify
INFO: Unsupported notification method: $/setTrace
Feb 07, 2026 1:49:44 AM org.eclipse.lsp4j.jsonrpc.services.GenericEndpoint notify
INFO: Unsupported notification method: $/setTrace
Feb 07, 2026 1:50:32 AM org.eclipse.lsp4j.jsonrpc.RemoteEndpoint handleCancellation
WARNING: Unmatched cancel notification for request id 3
Feb 07, 2026 2:08:11 AM org.eclipse.lsp4j.jsonrpc.services.GenericEndpoint notify
INFO: Unsupported notification method: $/setTrace
2026.07.01 16:20:26 INFO  Started: Metals version 1.6.7 in folders 'C:\Users\rahul\Github\My_Python-codes' for client Visual Studio Code 1.125.1.
2026.07.01 16:20:26 INFO  time: initialize in 0.13s
2026.07.01 16:20:26 INFO  Memory monitor started
2026.07.01 16:20:36 WARN  Using H2 2.4.240 which is newer than the version Flyway has been verified with. The latest verified version of H2 is 2.3.232.
2026.07.01 16:20:37 INFO  no build target found for C:\Users\rahul\Github\My_Python-codes\Scala codes\Class and objects_2.scala. Using presentation compiler with project's scala-library version: 3.3.7
2026.07.01 16:20:49 INFO  Attempting to connect to the build server...
2026.07.01 16:20:49 INFO  Running BSP server List(C:\Users\rahul\AppData\Local\Coursier\data\bin\.scala-cli.aux.exe, bsp, --json-options, C:\Users\rahul\OneDrive\Documents\GitHub\My_Python-codes\.scala-build\ide-options-v2.json, --json-launcher-options, C:\Users\rahul\OneDrive\Documents\GitHub\My_Python-codes\.scala-build\ide-launcher-options.json, --envs-file, C:\Users\rahul\OneDrive\Documents\GitHub\My_Python-codes\.scala-build\ide-envs.json, C:\Users\rahul\OneDrive\Documents\GitHub\My_Python-codes)
2026.07.01 16:21:13 INFO  tracing is disabled for protocol BSP, to enable tracing of incoming and outgoing JSON messages create an empty file at C:\Users\rahul\Github\My_Python-codes\.metals\bsp.trace.json or C:\Users\rahul\AppData\Local\scalameta\metals\cache\bsp.trace.json
2026.07.01 16:21:14 INFO  BSP server: Exception in thread "subprocess-shutdown-hook-monitor" java.io.IOException: Cannot run program "C:\Program Files\Java\jdk-25\bin\java.exe" (in directory "C:\Users\rahul\OneDrive\Documents\GitHub\My_Python-codes"): CreateProcess error=2, The system cannot find the file specified
2026.07.01 16:21:14 INFO  BSP server: 	at java.base@17.0.9/java.lang.ProcessBuilder.start(ProcessBuilder.java:1143)
2026.07.01 16:21:14 INFO  BSP server: 	at java.base@17.0.9/java.lang.ProcessBuilder.start(ProcessBuilder.java:1073)
2026.07.01 16:21:14 INFO  BSP server: 	at os.proc.proc$lzyINIT1$1(ProcessOps.scala:345)
2026.07.01 16:21:14 INFO  BSP server: 	at os.proc.os$proc$$_$proc$1(ProcessOps.scala:351)
2026.07.01 16:21:14 INFO  BSP server: 	at os.proc$$anon$2.run(ProcessOps.scala:335)
2026.07.01 16:21:14 INFO  BSP server: 	at com.oracle.svm.core.thread.PlatformThreads.threadStartRoutine(PlatformThreads.java:807)
2026.07.01 16:21:14 INFO  BSP server: 	at com.oracle.svm.core.windows.WindowsPlatformThreads.osThreadStartRoutine(WindowsPlatformThreads.java:179)
2026.07.01 16:21:14 INFO  BSP server: Caused by: java.io.IOException: CreateProcess error=2, The system cannot find the file specified
2026.07.01 16:21:14 INFO  BSP server: 	at com.oracle.svm.core.jni.functions.JNIFunctions$NewObjectWithObjectArrayArgFunctionPointer.invoke(JNIFunctions.java)
2026.07.01 16:21:14 INFO  BSP server: 	at com.oracle.svm.core.jni.functions.JNIFunctions.ThrowNew(JNIFunctions.java:889)
2026.07.01 16:21:14 INFO  BSP server: 	at java.base@17.0.9/java.lang.ProcessImpl.create(Native Method)
2026.07.01 16:21:14 INFO  BSP server: 	at java.base@17.0.9/java.lang.ProcessImpl.<init>(ProcessImpl.java:499)
2026.07.01 16:21:14 INFO  BSP server: 	at java.base@17.0.9/java.lang.ProcessImpl.start(ProcessImpl.java:158)
2026.07.01 16:21:14 INFO  BSP server: 	at java.base@17.0.9/java.lang.ProcessBuilder.start(ProcessBuilder.java:1110)
2026.07.01 16:21:14 INFO  BSP server: 	... 6 more
2026.07.01 16:21:14 INFO  BSP server: Error: java.io.IOException: Cannot run program "C:\Program Files\Java\jdk-25\bin\java.exe" (in directory "C:\Users\rahul\OneDrive\Documents\GitHub\My_Python-codes"): CreateProcess error=2, The system cannot find the file specified
2026.07.01 16:21:14 INFO  BSP server: For more details, please see 'C:\Users\rahul\OneDrive\Documents\GitHub\My_Python-codes\.scala-build\stacktraces\1782903074-16488499549997361249.log'
2026.07.01 16:21:14 INFO  BSP server: Exception in thread "subprocess-shutdown-hook" java.io.IOException: Cannot run program "C:\Program Files\Java\jdk-25\bin\java.exe" (in directory "C:\Users\rahul\OneDrive\Documents\GitHub\My_Python-codes"): CreateProcess error=2, The system cannot find the file specified
2026.07.01 16:21:14 INFO  BSP server: 	at java.base@17.0.9/java.lang.ProcessBuilder.start(ProcessBuilder.java:1143)
2026.07.01 16:21:14 INFO  BSP server: 	at java.base@17.0.9/java.lang.ProcessBuilder.start(ProcessBuilder.java:1073)
2026.07.01 16:21:14 INFO  BSP server: 	at os.proc.proc$lzyINIT1$1(ProcessOps.scala:345)
2026.07.01 16:21:14 INFO  BSP server: 	at os.proc.os$proc$$_$proc$1(ProcessOps.scala:351)
2026.07.01 16:21:14 INFO  BSP server: 	at os.proc$$anon$1.run(ProcessOps.scala:329)
2026.07.01 16:21:14 INFO  BSP server: 	at com.oracle.svm.core.thread.PlatformThreads.threadStartRoutine(PlatformThreads.java:807)
2026.07.01 16:21:14 INFO  BSP server: 	at com.oracle.svm.core.windows.WindowsPlatformThreads.osThreadStartRoutine(WindowsPlatformThreads.java:179)
2026.07.01 16:21:14 INFO  BSP server: Caused by: java.io.IOException: CreateProcess error=2, The system cannot find the file specified
2026.07.01 16:21:14 INFO  BSP server: 	at com.oracle.svm.core.jni.functions.JNIFunctions$NewObjectWithObjectArrayArgFunctionPointer.invoke(JNIFunctions.java)
2026.07.01 16:21:14 INFO  BSP server: 	at com.oracle.svm.core.jni.functions.JNIFunctions.ThrowNew(JNIFunctions.java:889)
2026.07.01 16:21:14 INFO  BSP server: 	at java.base@17.0.9/java.lang.ProcessImpl.create(Native Method)
2026.07.01 16:21:14 INFO  BSP server: 	at java.base@17.0.9/java.lang.ProcessImpl.<init>(ProcessImpl.java:499)
2026.07.01 16:21:14 INFO  BSP server: 	at java.base@17.0.9/java.lang.ProcessImpl.start(ProcessImpl.java:158)
2026.07.01 16:21:14 INFO  BSP server: 	at java.base@17.0.9/java.lang.ProcessBuilder.start(ProcessBuilder.java:1110)
2026.07.01 16:21:14 INFO  BSP server: 	... 6 more
2026.07.01 16:22:13 ERROR Timeout waiting for 'build/initialize' response
2026.07.01 16:22:13 WARN  Retrying connection to the build server scala-cli
2026.07.01 16:22:13 INFO  Running BSP server List(C:\Users\rahul\AppData\Local\Coursier\data\bin\.scala-cli.aux.exe, bsp, --json-options, C:\Users\rahul\OneDrive\Documents\GitHub\My_Python-codes\.scala-build\ide-options-v2.json, --json-launcher-options, C:\Users\rahul\OneDrive\Documents\GitHub\My_Python-codes\.scala-build\ide-launcher-options.json, --envs-file, C:\Users\rahul\OneDrive\Documents\GitHub\My_Python-codes\.scala-build\ide-envs.json, C:\Users\rahul\OneDrive\Documents\GitHub\My_Python-codes)
2026.07.01 16:22:13 INFO  tracing is disabled for protocol BSP, to enable tracing of incoming and outgoing JSON messages create an empty file at C:\Users\rahul\Github\My_Python-codes\.metals\bsp.trace.json or C:\Users\rahul\AppData\Local\scalameta\metals\cache\bsp.trace.json
2026.07.01 16:22:14 INFO  BSP server: Exception in thread "subprocess-shutdown-hook-monitor" java.io.IOException: Cannot run program "C:\Program Files\Java\jdk-25\bin\java.exe" (in directory "C:\Users\rahul\OneDrive\Documents\GitHub\My_Python-codes"): CreateProcess error=2, The system cannot find the file specified
2026.07.01 16:22:14 INFO  BSP server: 	at java.base@17.0.9/java.lang.ProcessBuilder.start(ProcessBuilder.java:1143)
2026.07.01 16:22:14 INFO  BSP server: 	at java.base@17.0.9/java.lang.ProcessBuilder.start(ProcessBuilder.java:1073)
2026.07.01 16:22:14 INFO  BSP server: 	at os.proc.proc$lzyINIT1$1(ProcessOps.scala:345)
2026.07.01 16:22:14 INFO  BSP server: 	at os.proc.os$proc$$_$proc$1(ProcessOps.scala:351)
2026.07.01 16:22:14 INFO  BSP server: 	at os.proc$$anon$2.run(ProcessOps.scala:335)
2026.07.01 16:22:14 INFO  BSP server: 	at com.oracle.svm.core.thread.PlatformThreads.threadStartRoutine(PlatformThreads.java:807)
2026.07.01 16:22:14 INFO  BSP server: 	at com.oracle.svm.core.windows.WindowsPlatformThreads.osThreadStartRoutine(WindowsPlatformThreads.java:179)
2026.07.01 16:22:14 INFO  BSP server: Caused by: java.io.IOException: CreateProcess error=2, The system cannot find the file specified
2026.07.01 16:22:14 INFO  BSP server: 	at com.oracle.svm.core.jni.functions.JNIFunctions$NewObjectWithObjectArrayArgFunctionPointer.invoke(JNIFunctions.java)
2026.07.01 16:22:14 INFO  BSP server: 	at com.oracle.svm.core.jni.functions.JNIFunctions.ThrowNew(JNIFunctions.java:889)
2026.07.01 16:22:14 INFO  BSP server: 	at java.base@17.0.9/java.lang.ProcessImpl.create(Native Method)
2026.07.01 16:22:14 INFO  BSP server: 	at java.base@17.0.9/java.lang.ProcessImpl.<init>(ProcessImpl.java:499)
2026.07.01 16:22:14 INFO  BSP server: 	at java.base@17.0.9/java.lang.ProcessImpl.start(ProcessImpl.java:158)
2026.07.01 16:22:14 INFO  BSP server: 	at java.base@17.0.9/java.lang.ProcessBuilder.start(ProcessBuilder.java:1110)
2026.07.01 16:22:14 INFO  BSP server: 	... 6 more
2026.07.01 16:22:14 INFO  BSP server: Error: java.io.IOException: Cannot run program "C:\Program Files\Java\jdk-25\bin\java.exe" (in directory "C:\Users\rahul\OneDrive\Documents\GitHub\My_Python-codes"): CreateProcess error=2, The system cannot find the file specified
2026.07.01 16:22:14 INFO  BSP server: For more details, please see 'C:\Users\rahul\OneDrive\Documents\GitHub\My_Python-codes\.scala-build\stacktraces\1782903134-3330848347274697544.log'
2026.07.01 16:22:14 INFO  BSP server: Exception in thread "subprocess-shutdown-hook" java.io.IOException: Cannot run program "C:\Program Files\Java\jdk-25\bin\java.exe" (in directory "C:\Users\rahul\OneDrive\Documents\GitHub\My_Python-codes"): CreateProcess error=2, The system cannot find the file specified
2026.07.01 16:22:14 INFO  BSP server: 	at java.base@17.0.9/java.lang.ProcessBuilder.start(ProcessBuilder.java:1143)
2026.07.01 16:22:14 INFO  BSP server: 	at java.base@17.0.9/java.lang.ProcessBuilder.start(ProcessBuilder.java:1073)
2026.07.01 16:22:14 INFO  BSP server: 	at os.proc.proc$lzyINIT1$1(ProcessOps.scala:345)
2026.07.01 16:22:14 INFO  BSP server: 	at os.proc.os$proc$$_$proc$1(ProcessOps.scala:351)
2026.07.01 16:22:14 INFO  BSP server: 	at os.proc$$anon$1.run(ProcessOps.scala:329)
2026.07.01 16:22:14 INFO  BSP server: 	at com.oracle.svm.core.thread.PlatformThreads.threadStartRoutine(PlatformThreads.java:807)
2026.07.01 16:22:14 INFO  BSP server: 	at com.oracle.svm.core.windows.WindowsPlatformThreads.osThreadStartRoutine(WindowsPlatformThreads.java:179)
2026.07.01 16:22:14 INFO  BSP server: Caused by: java.io.IOException: CreateProcess error=2, The system cannot find the file specified
2026.07.01 16:22:14 INFO  BSP server: 	at com.oracle.svm.core.jni.functions.JNIFunctions$NewObjectWithObjectArrayArgFunctionPointer.invoke(JNIFunctions.java)
2026.07.01 16:22:14 INFO  BSP server: 	at com.oracle.svm.core.jni.functions.JNIFunctions.ThrowNew(JNIFunctions.java:889)
2026.07.01 16:22:14 INFO  BSP server: 	at java.base@17.0.9/java.lang.ProcessImpl.create(Native Method)
2026.07.01 16:22:14 INFO  BSP server: 	at java.base@17.0.9/java.lang.ProcessImpl.<init>(ProcessImpl.java:499)
2026.07.01 16:22:14 INFO  BSP server: 	at java.base@17.0.9/java.lang.ProcessImpl.start(ProcessImpl.java:158)
2026.07.01 16:22:14 INFO  BSP server: 	at java.base@17.0.9/java.lang.ProcessBuilder.start(ProcessBuilder.java:1110)
2026.07.01 16:22:14 INFO  BSP server: 	... 6 more
2026.07.01 16:23:13 ERROR Timeout waiting for 'build/initialize' response
2026.07.01 16:23:13 WARN  Retrying connection to the build server scala-cli
2026.07.01 16:23:13 INFO  Running BSP server List(C:\Users\rahul\AppData\Local\Coursier\data\bin\.scala-cli.aux.exe, bsp, --json-options, C:\Users\rahul\OneDrive\Documents\GitHub\My_Python-codes\.scala-build\ide-options-v2.json, --json-launcher-options, C:\Users\rahul\OneDrive\Documents\GitHub\My_Python-codes\.scala-build\ide-launcher-options.json, --envs-file, C:\Users\rahul\OneDrive\Documents\GitHub\My_Python-codes\.scala-build\ide-envs.json, C:\Users\rahul\OneDrive\Documents\GitHub\My_Python-codes)
2026.07.01 16:23:13 INFO  tracing is disabled for protocol BSP, to enable tracing of incoming and outgoing JSON messages create an empty file at C:\Users\rahul\Github\My_Python-codes\.metals\bsp.trace.json or C:\Users\rahul\AppData\Local\scalameta\metals\cache\bsp.trace.json
2026.07.01 16:23:14 INFO  BSP server: Exception in thread "subprocess-shutdown-hook-monitor" java.io.IOException: Cannot run program "C:\Program Files\Java\jdk-25\bin\java.exe" (in directory "C:\Users\rahul\OneDrive\Documents\GitHub\My_Python-codes"): CreateProcess error=2, The system cannot find the file specified
2026.07.01 16:23:14 INFO  BSP server: 	at java.base@17.0.9/java.lang.ProcessBuilder.start(ProcessBuilder.java:1143)
2026.07.01 16:23:14 INFO  BSP server: 	at java.base@17.0.9/java.lang.ProcessBuilder.start(ProcessBuilder.java:1073)
2026.07.01 16:23:14 INFO  BSP server: 	at os.proc.proc$lzyINIT1$1(ProcessOps.scala:345)
2026.07.01 16:23:14 INFO  BSP server: 	at os.proc.os$proc$$_$proc$1(ProcessOps.scala:351)
2026.07.01 16:23:14 INFO  BSP server: 	at os.proc$$anon$2.run(ProcessOps.scala:335)
2026.07.01 16:23:14 INFO  BSP server: 	at com.oracle.svm.core.thread.PlatformThreads.threadStartRoutine(PlatformThreads.java:807)
2026.07.01 16:23:14 INFO  BSP server: 	at com.oracle.svm.core.windows.WindowsPlatformThreads.osThreadStartRoutine(WindowsPlatformThreads.java:179)
2026.07.01 16:23:14 INFO  BSP server: Caused by: java.io.IOException: CreateProcess error=2, The system cannot find the file specified
2026.07.01 16:23:14 INFO  BSP server: 	at com.oracle.svm.core.jni.functions.JNIFunctions$NewObjectWithObjectArrayArgFunctionPointer.invoke(JNIFunctions.java)
2026.07.01 16:23:14 INFO  BSP server: 	at com.oracle.svm.core.jni.functions.JNIFunctions.ThrowNew(JNIFunctions.java:889)
2026.07.01 16:23:14 INFO  BSP server: 	at java.base@17.0.9/java.lang.ProcessImpl.create(Native Method)
2026.07.01 16:23:14 INFO  BSP server: 	at java.base@17.0.9/java.lang.ProcessImpl.<init>(ProcessImpl.java:499)
2026.07.01 16:23:14 INFO  BSP server: 	at java.base@17.0.9/java.lang.ProcessImpl.start(ProcessImpl.java:158)
2026.07.01 16:23:14 INFO  BSP server: 	at java.base@17.0.9/java.lang.ProcessBuilder.start(ProcessBuilder.java:1110)
2026.07.01 16:23:14 INFO  BSP server: 	... 6 more
2026.07.01 16:23:14 INFO  BSP server: Error: java.io.IOException: Cannot run program "C:\Program Files\Java\jdk-25\bin\java.exe" (in directory "C:\Users\rahul\OneDrive\Documents\GitHub\My_Python-codes"): CreateProcess error=2, The system cannot find the file specified
2026.07.01 16:23:14 INFO  BSP server: For more details, please see 'C:\Users\rahul\OneDrive\Documents\GitHub\My_Python-codes\.scala-build\stacktraces\1782903194-14330727737367045574.log'
2026.07.01 16:23:14 INFO  BSP server: Exception in thread "subprocess-shutdown-hook" java.io.IOException: Cannot run program "C:\Program Files\Java\jdk-25\bin\java.exe" (in directory "C:\Users\rahul\OneDrive\Documents\GitHub\My_Python-codes"): CreateProcess error=2, The system cannot find the file specified
2026.07.01 16:23:14 INFO  BSP server: 	at java.base@17.0.9/java.lang.ProcessBuilder.start(ProcessBuilder.java:1143)
2026.07.01 16:23:14 INFO  BSP server: 	at java.base@17.0.9/java.lang.ProcessBuilder.start(ProcessBuilder.java:1073)
2026.07.01 16:23:14 INFO  BSP server: 	at os.proc.proc$lzyINIT1$1(ProcessOps.scala:345)
2026.07.01 16:23:14 INFO  BSP server: 	at os.proc.os$proc$$_$proc$1(ProcessOps.scala:351)
2026.07.01 16:23:14 INFO  BSP server: 	at os.proc$$anon$1.run(ProcessOps.scala:329)
2026.07.01 16:23:14 INFO  BSP server: 	at com.oracle.svm.core.thread.PlatformThreads.threadStartRoutine(PlatformThreads.java:807)
2026.07.01 16:23:14 INFO  BSP server: 	at com.oracle.svm.core.windows.WindowsPlatformThreads.osThreadStartRoutine(WindowsPlatformThreads.java:179)
2026.07.01 16:23:14 INFO  BSP server: Caused by: java.io.IOException: CreateProcess error=2, The system cannot find the file specified
2026.07.01 16:23:14 INFO  BSP server: 	at com.oracle.svm.core.jni.functions.JNIFunctions$NewObjectWithObjectArrayArgFunctionPointer.invoke(JNIFunctions.java)
2026.07.01 16:23:14 INFO  BSP server: 	at com.oracle.svm.core.jni.functions.JNIFunctions.ThrowNew(JNIFunctions.java:889)
2026.07.01 16:23:14 INFO  BSP server: 	at java.base@17.0.9/java.lang.ProcessImpl.create(Native Method)
2026.07.01 16:23:14 INFO  BSP server: 	at java.base@17.0.9/java.lang.ProcessImpl.<init>(ProcessImpl.java:499)
2026.07.01 16:23:14 INFO  BSP server: 	at java.base@17.0.9/java.lang.ProcessImpl.start(ProcessImpl.java:158)
2026.07.01 16:23:14 INFO  BSP server: 	at java.base@17.0.9/java.lang.ProcessBuilder.start(ProcessBuilder.java:1110)
2026.07.01 16:23:14 INFO  BSP server: 	... 6 more
2026.07.01 16:24:13 ERROR Timeout waiting for 'build/initialize' response
2026.07.01 16:24:13 WARN  Retrying connection to the build server scala-cli
2026.07.01 16:24:13 INFO  Running BSP server List(C:\Users\rahul\AppData\Local\Coursier\data\bin\.scala-cli.aux.exe, bsp, --json-options, C:\Users\rahul\OneDrive\Documents\GitHub\My_Python-codes\.scala-build\ide-options-v2.json, --json-launcher-options, C:\Users\rahul\OneDrive\Documents\GitHub\My_Python-codes\.scala-build\ide-launcher-options.json, --envs-file, C:\Users\rahul\OneDrive\Documents\GitHub\My_Python-codes\.scala-build\ide-envs.json, C:\Users\rahul\OneDrive\Documents\GitHub\My_Python-codes)
2026.07.01 16:24:14 INFO  tracing is disabled for protocol BSP, to enable tracing of incoming and outgoing JSON messages create an empty file at C:\Users\rahul\Github\My_Python-codes\.metals\bsp.trace.json or C:\Users\rahul\AppData\Local\scalameta\metals\cache\bsp.trace.json
2026.07.01 16:24:14 INFO  BSP server: Exception in thread "subprocess-shutdown-hook-monitor" java.io.IOException: Cannot run program "C:\Program Files\Java\jdk-25\bin\java.exe" (in directory "C:\Users\rahul\OneDrive\Documents\GitHub\My_Python-codes"): CreateProcess error=2, The system cannot find the file specified
2026.07.01 16:24:14 INFO  BSP server: 	at java.base@17.0.9/java.lang.ProcessBuilder.start(ProcessBuilder.java:1143)
2026.07.01 16:24:14 INFO  BSP server: 	at java.base@17.0.9/java.lang.ProcessBuilder.start(ProcessBuilder.java:1073)
2026.07.01 16:24:14 INFO  BSP server: 	at os.proc.proc$lzyINIT1$1(ProcessOps.scala:345)
2026.07.01 16:24:14 INFO  BSP server: 	at os.proc.os$proc$$_$proc$1(ProcessOps.scala:351)
2026.07.01 16:24:14 INFO  BSP server: 	at os.proc$$anon$2.run(ProcessOps.scala:335)
2026.07.01 16:24:14 INFO  BSP server: 	at com.oracle.svm.core.thread.PlatformThreads.threadStartRoutine(PlatformThreads.java:807)
2026.07.01 16:24:14 INFO  BSP server: 	at com.oracle.svm.core.windows.WindowsPlatformThreads.osThreadStartRoutine(WindowsPlatformThreads.java:179)
2026.07.01 16:24:14 INFO  BSP server: Caused by: java.io.IOException: CreateProcess error=2, The system cannot find the file specified
2026.07.01 16:24:14 INFO  BSP server: 	at com.oracle.svm.core.jni.functions.JNIFunctions$NewObjectWithObjectArrayArgFunctionPointer.invoke(JNIFunctions.java)
2026.07.01 16:24:14 INFO  BSP server: 	at com.oracle.svm.core.jni.functions.JNIFunctions.ThrowNew(JNIFunctions.java:889)
2026.07.01 16:24:14 INFO  BSP server: 	at java.base@17.0.9/java.lang.ProcessImpl.create(Native Method)
2026.07.01 16:24:14 INFO  BSP server: 	at java.base@17.0.9/java.lang.ProcessImpl.<init>(ProcessImpl.java:499)
2026.07.01 16:24:14 INFO  BSP server: 	at java.base@17.0.9/java.lang.ProcessImpl.start(ProcessImpl.java:158)
2026.07.01 16:24:14 INFO  BSP server: 	at java.base@17.0.9/java.lang.ProcessBuilder.start(ProcessBuilder.java:1110)
2026.07.01 16:24:14 INFO  BSP server: 	... 6 more
2026.07.01 16:24:14 INFO  BSP server: Error: java.io.IOException: Cannot run program "C:\Program Files\Java\jdk-25\bin\java.exe" (in directory "C:\Users\rahul\OneDrive\Documents\GitHub\My_Python-codes"): CreateProcess error=2, The system cannot find the file specified
2026.07.01 16:24:14 INFO  BSP server: For more details, please see 'C:\Users\rahul\OneDrive\Documents\GitHub\My_Python-codes\.scala-build\stacktraces\1782903254-3229294414862797723.log'
2026.07.01 16:24:14 INFO  BSP server: Exception in thread "subprocess-shutdown-hook" java.io.IOException: Cannot run program "C:\Program Files\Java\jdk-25\bin\java.exe" (in directory "C:\Users\rahul\OneDrive\Documents\GitHub\My_Python-codes"): CreateProcess error=2, The system cannot find the file specified
2026.07.01 16:24:14 INFO  BSP server: 	at java.base@17.0.9/java.lang.ProcessBuilder.start(ProcessBuilder.java:1143)
2026.07.01 16:24:14 INFO  BSP server: 	at java.base@17.0.9/java.lang.ProcessBuilder.start(ProcessBuilder.java:1073)
2026.07.01 16:24:14 INFO  BSP server: 	at os.proc.proc$lzyINIT1$1(ProcessOps.scala:345)
2026.07.01 16:24:14 INFO  BSP server: 	at os.proc.os$proc$$_$proc$1(ProcessOps.scala:351)
2026.07.01 16:24:14 INFO  BSP server: 	at os.proc$$anon$1.run(ProcessOps.scala:329)
2026.07.01 16:24:14 INFO  BSP server: 	at com.oracle.svm.core.thread.PlatformThreads.threadStartRoutine(PlatformThreads.java:807)
2026.07.01 16:24:14 INFO  BSP server: 	at com.oracle.svm.core.windows.WindowsPlatformThreads.osThreadStartRoutine(WindowsPlatformThreads.java:179)
2026.07.01 16:24:14 INFO  BSP server: Caused by: java.io.IOException: CreateProcess error=2, The system cannot find the file specified
2026.07.01 16:24:14 INFO  BSP server: 	at com.oracle.svm.core.jni.functions.JNIFunctions$NewObjectWithObjectArrayArgFunctionPointer.invoke(JNIFunctions.java)
2026.07.01 16:24:14 INFO  BSP server: 	at com.oracle.svm.core.jni.functions.JNIFunctions.ThrowNew(JNIFunctions.java:889)
2026.07.01 16:24:14 INFO  BSP server: 	at java.base@17.0.9/java.lang.ProcessImpl.create(Native Method)
2026.07.01 16:24:14 INFO  BSP server: 	at java.base@17.0.9/java.lang.ProcessImpl.<init>(ProcessImpl.java:499)
2026.07.01 16:24:14 INFO  BSP server: 	at java.base@17.0.9/java.lang.ProcessImpl.start(ProcessImpl.java:158)
2026.07.01 16:24:14 INFO  BSP server: 	at java.base@17.0.9/java.lang.ProcessBuilder.start(ProcessBuilder.java:1110)
2026.07.01 16:24:14 INFO  BSP server: 	... 6 more
2026.07.01 16:25:14 ERROR Timeout waiting for 'build/initialize' response
2026.07.01 16:25:14 WARN  Retrying connection to the build server scala-cli
2026.07.01 16:25:14 INFO  Running BSP server List(C:\Users\rahul\AppData\Local\Coursier\data\bin\.scala-cli.aux.exe, bsp, --json-options, C:\Users\rahul\OneDrive\Documents\GitHub\My_Python-codes\.scala-build\ide-options-v2.json, --json-launcher-options, C:\Users\rahul\OneDrive\Documents\GitHub\My_Python-codes\.scala-build\ide-launcher-options.json, --envs-file, C:\Users\rahul\OneDrive\Documents\GitHub\My_Python-codes\.scala-build\ide-envs.json, C:\Users\rahul\OneDrive\Documents\GitHub\My_Python-codes)
2026.07.01 16:25:14 INFO  tracing is disabled for protocol BSP, to enable tracing of incoming and outgoing JSON messages create an empty file at C:\Users\rahul\Github\My_Python-codes\.metals\bsp.trace.json or C:\Users\rahul\AppData\Local\scalameta\metals\cache\bsp.trace.json
2026.07.01 16:25:14 INFO  BSP server: Exception in thread "subprocess-shutdown-hook-monitor" java.io.IOException: Cannot run program "C:\Program Files\Java\jdk-25\bin\java.exe" (in directory "C:\Users\rahul\OneDrive\Documents\GitHub\My_Python-codes"): CreateProcess error=2, The system cannot find the file specified
2026.07.01 16:25:14 INFO  BSP server: 	at java.base@17.0.9/java.lang.ProcessBuilder.start(ProcessBuilder.java:1143)
2026.07.01 16:25:14 INFO  BSP server: 	at java.base@17.0.9/java.lang.ProcessBuilder.start(ProcessBuilder.java:1073)
2026.07.01 16:25:14 INFO  BSP server: 	at os.proc.proc$lzyINIT1$1(ProcessOps.scala:345)
2026.07.01 16:25:14 INFO  BSP server: 	at os.proc.os$proc$$_$proc$1(ProcessOps.scala:351)
2026.07.01 16:25:14 INFO  BSP server: 	at os.proc$$anon$2.run(ProcessOps.scala:335)
2026.07.01 16:25:14 INFO  BSP server: 	at com.oracle.svm.core.thread.PlatformThreads.threadStartRoutine(PlatformThreads.java:807)
2026.07.01 16:25:14 INFO  BSP server: 	at com.oracle.svm.core.windows.WindowsPlatformThreads.osThreadStartRoutine(WindowsPlatformThreads.java:179)
2026.07.01 16:25:14 INFO  BSP server: Caused by: java.io.IOException: CreateProcess error=2, The system cannot find the file specified
2026.07.01 16:25:14 INFO  BSP server: 	at com.oracle.svm.core.jni.functions.JNIFunctions$NewObjectWithObjectArrayArgFunctionPointer.invoke(JNIFunctions.java)
2026.07.01 16:25:14 INFO  BSP server: 	at com.oracle.svm.core.jni.functions.JNIFunctions.ThrowNew(JNIFunctions.java:889)
2026.07.01 16:25:14 INFO  BSP server: 	at java.base@17.0.9/java.lang.ProcessImpl.create(Native Method)
2026.07.01 16:25:14 INFO  BSP server: 	at java.base@17.0.9/java.lang.ProcessImpl.<init>(ProcessImpl.java:499)
2026.07.01 16:25:14 INFO  BSP server: 	at java.base@17.0.9/java.lang.ProcessImpl.start(ProcessImpl.java:158)
2026.07.01 16:25:14 INFO  BSP server: 	at java.base@17.0.9/java.lang.ProcessBuilder.start(ProcessBuilder.java:1110)
2026.07.01 16:25:14 INFO  BSP server: 	... 6 more
2026.07.01 16:25:14 INFO  BSP server: Error: java.io.IOException: Cannot run program "C:\Program Files\Java\jdk-25\bin\java.exe" (in directory "C:\Users\rahul\OneDrive\Documents\GitHub\My_Python-codes"): CreateProcess error=2, The system cannot find the file specified
2026.07.01 16:25:14 INFO  BSP server: For more details, please see 'C:\Users\rahul\OneDrive\Documents\GitHub\My_Python-codes\.scala-build\stacktraces\1782903314-15541569252189917797.log'
2026.07.01 16:25:14 INFO  BSP server: Exception in thread "subprocess-shutdown-hook" java.io.IOException: Cannot run program "C:\Program Files\Java\jdk-25\bin\java.exe" (in directory "C:\Users\rahul\OneDrive\Documents\GitHub\My_Python-codes"): CreateProcess error=2, The system cannot find the file specified
2026.07.01 16:25:14 INFO  BSP server: 	at java.base@17.0.9/java.lang.ProcessBuilder.start(ProcessBuilder.java:1143)
2026.07.01 16:25:14 INFO  BSP server: 	at java.base@17.0.9/java.lang.ProcessBuilder.start(ProcessBuilder.java:1073)
2026.07.01 16:25:14 INFO  BSP server: 	at os.proc.proc$lzyINIT1$1(ProcessOps.scala:345)
2026.07.01 16:25:14 INFO  BSP server: 	at os.proc.os$proc$$_$proc$1(ProcessOps.scala:351)
2026.07.01 16:25:14 INFO  BSP server: 	at os.proc$$anon$1.run(ProcessOps.scala:329)
2026.07.01 16:25:14 INFO  BSP server: 	at com.oracle.svm.core.thread.PlatformThreads.threadStartRoutine(PlatformThreads.java:807)
2026.07.01 16:25:14 INFO  BSP server: 	at com.oracle.svm.core.windows.WindowsPlatformThreads.osThreadStartRoutine(WindowsPlatformThreads.java:179)
2026.07.01 16:25:14 INFO  BSP server: Caused by: java.io.IOException: CreateProcess error=2, The system cannot find the file specified
2026.07.01 16:25:14 INFO  BSP server: 	at com.oracle.svm.core.jni.functions.JNIFunctions$NewObjectWithObjectArrayArgFunctionPointer.invoke(JNIFunctions.java)
2026.07.01 16:25:14 INFO  BSP server: 	at com.oracle.svm.core.jni.functions.JNIFunctions.ThrowNew(JNIFunctions.java:889)
2026.07.01 16:25:14 INFO  BSP server: 	at java.base@17.0.9/java.lang.ProcessImpl.create(Native Method)
2026.07.01 16:25:14 INFO  BSP server: 	at java.base@17.0.9/java.lang.ProcessImpl.<init>(ProcessImpl.java:499)
2026.07.01 16:25:14 INFO  BSP server: 	at java.base@17.0.9/java.lang.ProcessImpl.start(ProcessImpl.java:158)
2026.07.01 16:25:14 INFO  BSP server: 	at java.base@17.0.9/java.lang.ProcessBuilder.start(ProcessBuilder.java:1110)
2026.07.01 16:25:14 INFO  BSP server: 	... 6 more
2026.07.01 16:26:14 ERROR Timeout waiting for 'build/initialize' response
2026.07.01 16:26:14 WARN  Retrying connection to the build server scala-cli
2026.07.01 16:26:14 INFO  Running BSP server List(C:\Users\rahul\AppData\Local\Coursier\data\bin\.scala-cli.aux.exe, bsp, --json-options, C:\Users\rahul\OneDrive\Documents\GitHub\My_Python-codes\.scala-build\ide-options-v2.json, --json-launcher-options, C:\Users\rahul\OneDrive\Documents\GitHub\My_Python-codes\.scala-build\ide-launcher-options.json, --envs-file, C:\Users\rahul\OneDrive\Documents\GitHub\My_Python-codes\.scala-build\ide-envs.json, C:\Users\rahul\OneDrive\Documents\GitHub\My_Python-codes)
2026.07.01 16:26:14 INFO  tracing is disabled for protocol BSP, to enable tracing of incoming and outgoing JSON messages create an empty file at C:\Users\rahul\Github\My_Python-codes\.metals\bsp.trace.json or C:\Users\rahul\AppData\Local\scalameta\metals\cache\bsp.trace.json
2026.07.01 16:26:14 INFO  BSP server: Exception in thread "subprocess-shutdown-hook-monitor" java.io.IOException: Cannot run program "C:\Program Files\Java\jdk-25\bin\java.exe" (in directory "C:\Users\rahul\OneDrive\Documents\GitHub\My_Python-codes"): CreateProcess error=2, The system cannot find the file specified
2026.07.01 16:26:14 INFO  BSP server: 	at java.base@17.0.9/java.lang.ProcessBuilder.start(ProcessBuilder.java:1143)
2026.07.01 16:26:14 INFO  BSP server: 	at java.base@17.0.9/java.lang.ProcessBuilder.start(ProcessBuilder.java:1073)
2026.07.01 16:26:14 INFO  BSP server: 	at os.proc.proc$lzyINIT1$1(ProcessOps.scala:345)
2026.07.01 16:26:14 INFO  BSP server: 	at os.proc.os$proc$$_$proc$1(ProcessOps.scala:351)
2026.07.01 16:26:14 INFO  BSP server: 	at os.proc$$anon$2.run(ProcessOps.scala:335)
2026.07.01 16:26:14 INFO  BSP server: 	at com.oracle.svm.core.thread.PlatformThreads.threadStartRoutine(PlatformThreads.java:807)
2026.07.01 16:26:14 INFO  BSP server: 	at com.oracle.svm.core.windows.WindowsPlatformThreads.osThreadStartRoutine(WindowsPlatformThreads.java:179)
2026.07.01 16:26:14 INFO  BSP server: Caused by: java.io.IOException: CreateProcess error=2, The system cannot find the file specified
2026.07.01 16:26:14 INFO  BSP server: 	at com.oracle.svm.core.jni.functions.JNIFunctions$NewObjectWithObjectArrayArgFunctionPointer.invoke(JNIFunctions.java)
2026.07.01 16:26:14 INFO  BSP server: 	at com.oracle.svm.core.jni.functions.JNIFunctions.ThrowNew(JNIFunctions.java:889)
2026.07.01 16:26:14 INFO  BSP server: 	at java.base@17.0.9/java.lang.ProcessImpl.create(Native Method)
2026.07.01 16:26:14 INFO  BSP server: 	at java.base@17.0.9/java.lang.ProcessImpl.<init>(ProcessImpl.java:499)
2026.07.01 16:26:14 INFO  BSP server: 	at java.base@17.0.9/java.lang.ProcessImpl.start(ProcessImpl.java:158)
2026.07.01 16:26:14 INFO  BSP server: 	at java.base@17.0.9/java.lang.ProcessBuilder.start(ProcessBuilder.java:1110)
2026.07.01 16:26:14 INFO  BSP server: 	... 6 more
2026.07.01 16:26:14 INFO  BSP server: Error: java.io.IOException: Cannot run program "C:\Program Files\Java\jdk-25\bin\java.exe" (in directory "C:\Users\rahul\OneDrive\Documents\GitHub\My_Python-codes"): CreateProcess error=2, The system cannot find the file specified
2026.07.01 16:26:14 INFO  BSP server: For more details, please see 'C:\Users\rahul\OneDrive\Documents\GitHub\My_Python-codes\.scala-build\stacktraces\1782903374-17893012882856384697.log'
2026.07.01 16:26:14 INFO  BSP server: Exception in thread "subprocess-shutdown-hook" java.io.IOException: Cannot run program "C:\Program Files\Java\jdk-25\bin\java.exe" (in directory "C:\Users\rahul\OneDrive\Documents\GitHub\My_Python-codes"): CreateProcess error=2, The system cannot find the file specified
2026.07.01 16:26:14 INFO  BSP server: 	at java.base@17.0.9/java.lang.ProcessBuilder.start(ProcessBuilder.java:1143)
2026.07.01 16:26:14 INFO  BSP server: 	at java.base@17.0.9/java.lang.ProcessBuilder.start(ProcessBuilder.java:1073)
2026.07.01 16:26:14 INFO  BSP server: 	at os.proc.proc$lzyINIT1$1(ProcessOps.scala:345)
2026.07.01 16:26:14 INFO  BSP server: 	at os.proc.os$proc$$_$proc$1(ProcessOps.scala:351)
2026.07.01 16:26:14 INFO  BSP server: 	at os.proc$$anon$1.run(ProcessOps.scala:329)
2026.07.01 16:26:14 INFO  BSP server: 	at com.oracle.svm.core.thread.PlatformThreads.threadStartRoutine(PlatformThreads.java:807)
2026.07.01 16:26:14 INFO  BSP server: 	at com.oracle.svm.core.windows.WindowsPlatformThreads.osThreadStartRoutine(WindowsPlatformThreads.java:179)
2026.07.01 16:26:14 INFO  BSP server: Caused by: java.io.IOException: CreateProcess error=2, The system cannot find the file specified
2026.07.01 16:26:14 INFO  BSP server: 	at com.oracle.svm.core.jni.functions.JNIFunctions$NewObjectWithObjectArrayArgFunctionPointer.invoke(JNIFunctions.java)
2026.07.01 16:26:14 INFO  BSP server: 	at com.oracle.svm.core.jni.functions.JNIFunctions.ThrowNew(JNIFunctions.java:889)
2026.07.01 16:26:14 INFO  BSP server: 	at java.base@17.0.9/java.lang.ProcessImpl.create(Native Method)
2026.07.01 16:26:14 INFO  BSP server: 	at java.base@17.0.9/java.lang.ProcessImpl.<init>(ProcessImpl.java:499)
2026.07.01 16:26:14 INFO  BSP server: 	at java.base@17.0.9/java.lang.ProcessImpl.start(ProcessImpl.java:158)
2026.07.01 16:26:14 INFO  BSP server: 	at java.base@17.0.9/java.lang.ProcessBuilder.start(ProcessBuilder.java:1110)
2026.07.01 16:26:14 INFO  BSP server: 	... 6 more
2026.07.01 16:27:14 ERROR Timeout waiting for 'build/initialize' response
2026.07.01 16:27:14 ERROR Failed to connect with build server, no functionality will work.
java.util.concurrent.TimeoutException
	at java.util.concurrent.CompletableFuture.timedGet(CompletableFuture.java:1960)
	at java.util.concurrent.CompletableFuture.get(CompletableFuture.java:2095)
	at scala.meta.internal.metals.BuildServerConnection$.initialize(BuildServerConnection.scala:806)
	at scala.meta.internal.metals.BuildServerConnection$.$anonfun$fromSockets$1(BuildServerConnection.scala:658)
	at scala.concurrent.impl.Promise$Transformation.run(Promise.scala:500)
	at java.util.concurrent.ThreadPoolExecutor.runWorker(ThreadPoolExecutor.java:1136)
	at java.util.concurrent.ThreadPoolExecutor$Worker.run(ThreadPoolExecutor.java:635)
	at java.lang.Thread.run(Thread.java:842)

2026.07.01 16:27:14 INFO  no build target found for C:\Users\rahul\Github\My_Python-codes\Scala codes\Class and objects_2.scala. Using presentation compiler with project's scala-library version: 3.3.7
2026.07.01 16:27:14 WARN  no build target for: C:\Users\rahul\Github\My_Python-codes\Scala codes\Class and objects_2.scala
2026.07.01 16:27:25 INFO  time: code lens generation in 11s
2026.07.01 16:36:14 INFO  Shutting down server
2026.07.01 16:36:14 INFO  Memory monitor stopped
2026.07.01 16:36:14 INFO  shutting down Metals
2026.07.01 16:36:14 INFO  Exiting server
2026.07.01 21:30:13 INFO  Started: Metals version 1.6.7 in folders 'C:\Users\rahul\Github\My_Python-codes' for client Visual Studio Code 1.125.1.
2026.07.01 21:30:13 INFO  Memory monitor started
2026.07.01 21:30:18 WARN  Using H2 2.4.240 which is newer than the version Flyway has been verified with. The latest verified version of H2 is 2.3.232.
2026.07.01 21:30:20 INFO  Attempting to connect to the build server...
2026.07.01 21:30:20 INFO  Running BSP server List(C:\Users\rahul\AppData\Local\Coursier\data\bin\.scala-cli.aux.exe, bsp, --json-options, C:\Users\rahul\OneDrive\Documents\GitHub\My_Python-codes\.scala-build\ide-options-v2.json, --json-launcher-options, C:\Users\rahul\OneDrive\Documents\GitHub\My_Python-codes\.scala-build\ide-launcher-options.json, --envs-file, C:\Users\rahul\OneDrive\Documents\GitHub\My_Python-codes\.scala-build\ide-envs.json, C:\Users\rahul\OneDrive\Documents\GitHub\My_Python-codes)
2026.07.01 21:30:20 INFO  tracing is disabled for protocol BSP, to enable tracing of incoming and outgoing JSON messages create an empty file at C:\Users\rahul\Github\My_Python-codes\.metals\bsp.trace.json or C:\Users\rahul\AppData\Local\scalameta\metals\cache\bsp.trace.json
2026.07.01 21:30:21 INFO  BSP server: Exception in thread "subprocess-shutdown-hook-monitor" java.io.IOException: Cannot run program "C:\Program Files\Java\jdk-25\bin\java.exe" (in directory "C:\Users\rahul\OneDrive\Documents\GitHub\My_Python-codes"): CreateProcess error=2, The system cannot find the file specified
2026.07.01 21:30:21 INFO  BSP server: 	at java.base@17.0.9/java.lang.ProcessBuilder.start(ProcessBuilder.java:1143)
2026.07.01 21:30:21 INFO  BSP server: 	at java.base@17.0.9/java.lang.ProcessBuilder.start(ProcessBuilder.java:1073)
2026.07.01 21:30:21 INFO  BSP server: 	at os.proc.proc$lzyINIT1$1(ProcessOps.scala:345)
2026.07.01 21:30:21 INFO  BSP server: 	at os.proc.os$proc$$_$proc$1(ProcessOps.scala:351)
2026.07.01 21:30:21 INFO  BSP server: 	at os.proc$$anon$2.run(ProcessOps.scala:335)
2026.07.01 21:30:21 INFO  BSP server: 	at com.oracle.svm.core.thread.PlatformThreads.threadStartRoutine(PlatformThreads.java:807)
2026.07.01 21:30:21 INFO  BSP server: 	at com.oracle.svm.core.windows.WindowsPlatformThreads.osThreadStartRoutine(WindowsPlatformThreads.java:179)
2026.07.01 21:30:21 INFO  BSP server: Caused by: java.io.IOException: CreateProcess error=2, The system cannot find the file specified
2026.07.01 21:30:21 INFO  BSP server: 	at com.oracle.svm.core.jni.functions.JNIFunctions$NewObjectWithObjectArrayArgFunctionPointer.invoke(JNIFunctions.java)
2026.07.01 21:30:21 INFO  BSP server: 	at com.oracle.svm.core.jni.functions.JNIFunctions.ThrowNew(JNIFunctions.java:889)
2026.07.01 21:30:21 INFO  BSP server: 	at java.base@17.0.9/java.lang.ProcessImpl.create(Native Method)
2026.07.01 21:30:21 INFO  BSP server: 	at java.base@17.0.9/java.lang.ProcessImpl.<init>(ProcessImpl.java:499)
2026.07.01 21:30:21 INFO  BSP server: 	at java.base@17.0.9/java.lang.ProcessImpl.start(ProcessImpl.java:158)
2026.07.01 21:30:21 INFO  BSP server: 	at java.base@17.0.9/java.lang.ProcessBuilder.start(ProcessBuilder.java:1110)
2026.07.01 21:30:21 INFO  BSP server: 	... 6 more
2026.07.01 21:30:21 INFO  BSP server: Error: java.io.IOException: Cannot run program "C:\Program Files\Java\jdk-25\bin\java.exe" (in directory "C:\Users\rahul\OneDrive\Documents\GitHub\My_Python-codes"): CreateProcess error=2, The system cannot find the file specified
2026.07.01 21:30:21 INFO  BSP server: For more details, please see 'C:\Users\rahul\OneDrive\Documents\GitHub\My_Python-codes\.scala-build\stacktraces\1782921621-11725746967741711345.log'
2026.07.01 21:30:21 INFO  BSP server: Exception in thread "subprocess-shutdown-hook" java.io.IOException: Cannot run program "C:\Program Files\Java\jdk-25\bin\java.exe" (in directory "C:\Users\rahul\OneDrive\Documents\GitHub\My_Python-codes"): CreateProcess error=2, The system cannot find the file specified
2026.07.01 21:30:21 INFO  BSP server: 	at java.base@17.0.9/java.lang.ProcessBuilder.start(ProcessBuilder.java:1143)
2026.07.01 21:30:21 INFO  BSP server: 	at java.base@17.0.9/java.lang.ProcessBuilder.start(ProcessBuilder.java:1073)
2026.07.01 21:30:21 INFO  BSP server: 	at os.proc.proc$lzyINIT1$1(ProcessOps.scala:345)
2026.07.01 21:30:21 INFO  BSP server: 	at os.proc.os$proc$$_$proc$1(ProcessOps.scala:351)
2026.07.01 21:30:21 INFO  BSP server: 	at os.proc$$anon$1.run(ProcessOps.scala:329)
2026.07.01 21:30:21 INFO  BSP server: 	at com.oracle.svm.core.thread.PlatformThreads.threadStartRoutine(PlatformThreads.java:807)
2026.07.01 21:30:21 INFO  BSP server: 	at com.oracle.svm.core.windows.WindowsPlatformThreads.osThreadStartRoutine(WindowsPlatformThreads.java:179)
2026.07.01 21:30:21 INFO  BSP server: Caused by: java.io.IOException: CreateProcess error=2, The system cannot find the file specified
2026.07.01 21:30:21 INFO  BSP server: 	at com.oracle.svm.core.jni.functions.JNIFunctions$NewObjectWithObjectArrayArgFunctionPointer.invoke(JNIFunctions.java)
2026.07.01 21:30:21 INFO  BSP server: 	at com.oracle.svm.core.jni.functions.JNIFunctions.ThrowNew(JNIFunctions.java:889)
2026.07.01 21:30:21 INFO  BSP server: 	at java.base@17.0.9/java.lang.ProcessImpl.create(Native Method)
2026.07.01 21:30:21 INFO  BSP server: 	at java.base@17.0.9/java.lang.ProcessImpl.<init>(ProcessImpl.java:499)
2026.07.01 21:30:21 INFO  BSP server: 	at java.base@17.0.9/java.lang.ProcessImpl.start(ProcessImpl.java:158)
2026.07.01 21:30:21 INFO  BSP server: 	at java.base@17.0.9/java.lang.ProcessBuilder.start(ProcessBuilder.java:1110)
2026.07.01 21:30:21 INFO  BSP server: 	... 6 more
2026.07.01 21:31:21 ERROR Timeout waiting for 'build/initialize' response
2026.07.01 21:31:21 WARN  Retrying connection to the build server scala-cli
2026.07.01 21:31:21 INFO  Running BSP server List(C:\Users\rahul\AppData\Local\Coursier\data\bin\.scala-cli.aux.exe, bsp, --json-options, C:\Users\rahul\OneDrive\Documents\GitHub\My_Python-codes\.scala-build\ide-options-v2.json, --json-launcher-options, C:\Users\rahul\OneDrive\Documents\GitHub\My_Python-codes\.scala-build\ide-launcher-options.json, --envs-file, C:\Users\rahul\OneDrive\Documents\GitHub\My_Python-codes\.scala-build\ide-envs.json, C:\Users\rahul\OneDrive\Documents\GitHub\My_Python-codes)
2026.07.01 21:31:21 INFO  tracing is disabled for protocol BSP, to enable tracing of incoming and outgoing JSON messages create an empty file at C:\Users\rahul\Github\My_Python-codes\.metals\bsp.trace.json or C:\Users\rahul\AppData\Local\scalameta\metals\cache\bsp.trace.json
2026.07.01 21:31:21 INFO  BSP server: Exception in thread "subprocess-shutdown-hook-monitor" java.io.IOException: Cannot run program "C:\Program Files\Java\jdk-25\bin\java.exe" (in directory "C:\Users\rahul\OneDrive\Documents\GitHub\My_Python-codes"): CreateProcess error=2, The system cannot find the file specified
2026.07.01 21:31:21 INFO  BSP server: 	at java.base@17.0.9/java.lang.ProcessBuilder.start(ProcessBuilder.java:1143)
2026.07.01 21:31:21 INFO  BSP server: 	at java.base@17.0.9/java.lang.ProcessBuilder.start(ProcessBuilder.java:1073)
2026.07.01 21:31:21 INFO  BSP server: 	at os.proc.proc$lzyINIT1$1(ProcessOps.scala:345)
2026.07.01 21:31:21 INFO  BSP server: 	at os.proc.os$proc$$_$proc$1(ProcessOps.scala:351)
2026.07.01 21:31:21 INFO  BSP server: 	at os.proc$$anon$2.run(ProcessOps.scala:335)
2026.07.01 21:31:21 INFO  BSP server: 	at com.oracle.svm.core.thread.PlatformThreads.threadStartRoutine(PlatformThreads.java:807)
2026.07.01 21:31:21 INFO  BSP server: 	at com.oracle.svm.core.windows.WindowsPlatformThreads.osThreadStartRoutine(WindowsPlatformThreads.java:179)
2026.07.01 21:31:21 INFO  BSP server: Caused by: java.io.IOException: CreateProcess error=2, The system cannot find the file specified
2026.07.01 21:31:21 INFO  BSP server: 	at com.oracle.svm.core.jni.functions.JNIFunctions$NewObjectWithObjectArrayArgFunctionPointer.invoke(JNIFunctions.java)
2026.07.01 21:31:21 INFO  BSP server: 	at com.oracle.svm.core.jni.functions.JNIFunctions.ThrowNew(JNIFunctions.java:889)
2026.07.01 21:31:21 INFO  BSP server: 	at java.base@17.0.9/java.lang.ProcessImpl.create(Native Method)
2026.07.01 21:31:21 INFO  BSP server: 	at java.base@17.0.9/java.lang.ProcessImpl.<init>(ProcessImpl.java:499)
2026.07.01 21:31:21 INFO  BSP server: 	at java.base@17.0.9/java.lang.ProcessImpl.start(ProcessImpl.java:158)
2026.07.01 21:31:21 INFO  BSP server: 	at java.base@17.0.9/java.lang.ProcessBuilder.start(ProcessBuilder.java:1110)
2026.07.01 21:31:21 INFO  BSP server: 	... 6 more
2026.07.01 21:31:21 INFO  BSP server: Error: java.io.IOException: Cannot run program "C:\Program Files\Java\jdk-25\bin\java.exe" (in directory "C:\Users\rahul\OneDrive\Documents\GitHub\My_Python-codes"): CreateProcess error=2, The system cannot find the file specified
2026.07.01 21:31:21 INFO  BSP server: For more details, please see 'C:\Users\rahul\OneDrive\Documents\GitHub\My_Python-codes\.scala-build\stacktraces\1782921681-5972031112596206579.log'
2026.07.01 21:31:21 INFO  BSP server: Exception in thread "subprocess-shutdown-hook" java.io.IOException: Cannot run program "C:\Program Files\Java\jdk-25\bin\java.exe" (in directory "C:\Users\rahul\OneDrive\Documents\GitHub\My_Python-codes"): CreateProcess error=2, The system cannot find the file specified
2026.07.01 21:31:21 INFO  BSP server: 	at java.base@17.0.9/java.lang.ProcessBuilder.start(ProcessBuilder.java:1143)
2026.07.01 21:31:21 INFO  BSP server: 	at java.base@17.0.9/java.lang.ProcessBuilder.start(ProcessBuilder.java:1073)
2026.07.01 21:31:21 INFO  BSP server: 	at os.proc.proc$lzyINIT1$1(ProcessOps.scala:345)
2026.07.01 21:31:21 INFO  BSP server: 	at os.proc.os$proc$$_$proc$1(ProcessOps.scala:351)
2026.07.01 21:31:21 INFO  BSP server: 	at os.proc$$anon$1.run(ProcessOps.scala:329)
2026.07.01 21:31:21 INFO  BSP server: 	at com.oracle.svm.core.thread.PlatformThreads.threadStartRoutine(PlatformThreads.java:807)
2026.07.01 21:31:21 INFO  BSP server: 	at com.oracle.svm.core.windows.WindowsPlatformThreads.osThreadStartRoutine(WindowsPlatformThreads.java:179)
2026.07.01 21:31:21 INFO  BSP server: Caused by: java.io.IOException: CreateProcess error=2, The system cannot find the file specified
2026.07.01 21:31:21 INFO  BSP server: 	at com.oracle.svm.core.jni.functions.JNIFunctions$NewObjectWithObjectArrayArgFunctionPointer.invoke(JNIFunctions.java)
2026.07.01 21:31:21 INFO  BSP server: 	at com.oracle.svm.core.jni.functions.JNIFunctions.ThrowNew(JNIFunctions.java:889)
2026.07.01 21:31:21 INFO  BSP server: 	at java.base@17.0.9/java.lang.ProcessImpl.create(Native Method)
2026.07.01 21:31:21 INFO  BSP server: 	at java.base@17.0.9/java.lang.ProcessImpl.<init>(ProcessImpl.java:499)
2026.07.01 21:31:21 INFO  BSP server: 	at java.base@17.0.9/java.lang.ProcessImpl.start(ProcessImpl.java:158)
2026.07.01 21:31:21 INFO  BSP server: 	at java.base@17.0.9/java.lang.ProcessBuilder.start(ProcessBuilder.java:1110)
2026.07.01 21:31:21 INFO  BSP server: 	... 6 more
2026.07.01 21:32:21 ERROR Timeout waiting for 'build/initialize' response
2026.07.01 21:32:21 WARN  Retrying connection to the build server scala-cli
2026.07.01 21:32:21 INFO  Running BSP server List(C:\Users\rahul\AppData\Local\Coursier\data\bin\.scala-cli.aux.exe, bsp, --json-options, C:\Users\rahul\OneDrive\Documents\GitHub\My_Python-codes\.scala-build\ide-options-v2.json, --json-launcher-options, C:\Users\rahul\OneDrive\Documents\GitHub\My_Python-codes\.scala-build\ide-launcher-options.json, --envs-file, C:\Users\rahul\OneDrive\Documents\GitHub\My_Python-codes\.scala-build\ide-envs.json, C:\Users\rahul\OneDrive\Documents\GitHub\My_Python-codes)
2026.07.01 21:32:21 INFO  tracing is disabled for protocol BSP, to enable tracing of incoming and outgoing JSON messages create an empty file at C:\Users\rahul\Github\My_Python-codes\.metals\bsp.trace.json or C:\Users\rahul\AppData\Local\scalameta\metals\cache\bsp.trace.json
2026.07.01 21:32:21 INFO  BSP server: Exception in thread "subprocess-shutdown-hook-monitor" java.io.IOException: Cannot run program "C:\Program Files\Java\jdk-25\bin\java.exe" (in directory "C:\Users\rahul\OneDrive\Documents\GitHub\My_Python-codes"): CreateProcess error=2, The system cannot find the file specified
2026.07.01 21:32:21 INFO  BSP server: 	at java.base@17.0.9/java.lang.ProcessBuilder.start(ProcessBuilder.java:1143)
2026.07.01 21:32:21 INFO  BSP server: 	at java.base@17.0.9/java.lang.ProcessBuilder.start(ProcessBuilder.java:1073)
2026.07.01 21:32:21 INFO  BSP server: 	at os.proc.proc$lzyINIT1$1(ProcessOps.scala:345)
2026.07.01 21:32:21 INFO  BSP server: 	at os.proc.os$proc$$_$proc$1(ProcessOps.scala:351)
2026.07.01 21:32:21 INFO  BSP server: 	at os.proc$$anon$2.run(ProcessOps.scala:335)
2026.07.01 21:32:21 INFO  BSP server: 	at com.oracle.svm.core.thread.PlatformThreads.threadStartRoutine(PlatformThreads.java:807)
2026.07.01 21:32:21 INFO  BSP server: 	at com.oracle.svm.core.windows.WindowsPlatformThreads.osThreadStartRoutine(WindowsPlatformThreads.java:179)
2026.07.01 21:32:21 INFO  BSP server: Caused by: java.io.IOException: CreateProcess error=2, The system cannot find the file specified
2026.07.01 21:32:21 INFO  BSP server: 	at com.oracle.svm.core.jni.functions.JNIFunctions$NewObjectWithObjectArrayArgFunctionPointer.invoke(JNIFunctions.java)
2026.07.01 21:32:21 INFO  BSP server: 	at com.oracle.svm.core.jni.functions.JNIFunctions.ThrowNew(JNIFunctions.java:889)
2026.07.01 21:32:21 INFO  BSP server: 	at java.base@17.0.9/java.lang.ProcessImpl.create(Native Method)
2026.07.01 21:32:21 INFO  BSP server: 	at java.base@17.0.9/java.lang.ProcessImpl.<init>(ProcessImpl.java:499)
2026.07.01 21:32:21 INFO  BSP server: 	at java.base@17.0.9/java.lang.ProcessImpl.start(ProcessImpl.java:158)
2026.07.01 21:32:21 INFO  BSP server: 	at java.base@17.0.9/java.lang.ProcessBuilder.start(ProcessBuilder.java:1110)
2026.07.01 21:32:21 INFO  BSP server: 	... 6 more
2026.07.01 21:32:21 INFO  BSP server: Error: java.io.IOException: Cannot run program "C:\Program Files\Java\jdk-25\bin\java.exe" (in directory "C:\Users\rahul\OneDrive\Documents\GitHub\My_Python-codes"): CreateProcess error=2, The system cannot find the file specified
2026.07.01 21:32:21 INFO  BSP server: For more details, please see 'C:\Users\rahul\OneDrive\Documents\GitHub\My_Python-codes\.scala-build\stacktraces\1782921741-8521794125261670894.log'
2026.07.01 21:32:21 INFO  BSP server: Exception in thread "subprocess-shutdown-hook" java.io.IOException: Cannot run program "C:\Program Files\Java\jdk-25\bin\java.exe" (in directory "C:\Users\rahul\OneDrive\Documents\GitHub\My_Python-codes"): CreateProcess error=2, The system cannot find the file specified
2026.07.01 21:32:21 INFO  BSP server: 	at java.base@17.0.9/java.lang.ProcessBuilder.start(ProcessBuilder.java:1143)
2026.07.01 21:32:21 INFO  BSP server: 	at java.base@17.0.9/java.lang.ProcessBuilder.start(ProcessBuilder.java:1073)
2026.07.01 21:32:21 INFO  BSP server: 	at os.proc.proc$lzyINIT1$1(ProcessOps.scala:345)
2026.07.01 21:32:21 INFO  BSP server: 	at os.proc.os$proc$$_$proc$1(ProcessOps.scala:351)
2026.07.01 21:32:21 INFO  BSP server: 	at os.proc$$anon$1.run(ProcessOps.scala:329)
2026.07.01 21:32:21 INFO  BSP server: 	at com.oracle.svm.core.thread.PlatformThreads.threadStartRoutine(PlatformThreads.java:807)
2026.07.01 21:32:21 INFO  BSP server: 	at com.oracle.svm.core.windows.WindowsPlatformThreads.osThreadStartRoutine(WindowsPlatformThreads.java:179)
2026.07.01 21:32:21 INFO  BSP server: Caused by: java.io.IOException: CreateProcess error=2, The system cannot find the file specified
2026.07.01 21:32:21 INFO  BSP server: 	at com.oracle.svm.core.jni.functions.JNIFunctions$NewObjectWithObjectArrayArgFunctionPointer.invoke(JNIFunctions.java)
2026.07.01 21:32:21 INFO  BSP server: 	at com.oracle.svm.core.jni.functions.JNIFunctions.ThrowNew(JNIFunctions.java:889)
2026.07.01 21:32:21 INFO  BSP server: 	at java.base@17.0.9/java.lang.ProcessImpl.create(Native Method)
2026.07.01 21:32:21 INFO  BSP server: 	at java.base@17.0.9/java.lang.ProcessImpl.<init>(ProcessImpl.java:499)
2026.07.01 21:32:21 INFO  BSP server: 	at java.base@17.0.9/java.lang.ProcessImpl.start(ProcessImpl.java:158)
2026.07.01 21:32:21 INFO  BSP server: 	at java.base@17.0.9/java.lang.ProcessBuilder.start(ProcessBuilder.java:1110)
2026.07.01 21:32:21 INFO  BSP server: 	... 6 more
2026.07.01 21:33:21 ERROR Timeout waiting for 'build/initialize' response
2026.07.01 21:33:21 WARN  Retrying connection to the build server scala-cli
2026.07.01 21:33:21 INFO  Running BSP server List(C:\Users\rahul\AppData\Local\Coursier\data\bin\.scala-cli.aux.exe, bsp, --json-options, C:\Users\rahul\OneDrive\Documents\GitHub\My_Python-codes\.scala-build\ide-options-v2.json, --json-launcher-options, C:\Users\rahul\OneDrive\Documents\GitHub\My_Python-codes\.scala-build\ide-launcher-options.json, --envs-file, C:\Users\rahul\OneDrive\Documents\GitHub\My_Python-codes\.scala-build\ide-envs.json, C:\Users\rahul\OneDrive\Documents\GitHub\My_Python-codes)
2026.07.01 21:33:21 INFO  tracing is disabled for protocol BSP, to enable tracing of incoming and outgoing JSON messages create an empty file at C:\Users\rahul\Github\My_Python-codes\.metals\bsp.trace.json or C:\Users\rahul\AppData\Local\scalameta\metals\cache\bsp.trace.json
2026.07.01 21:33:21 INFO  BSP server: Exception in thread "subprocess-shutdown-hook-monitor" java.io.IOException: Cannot run program "C:\Program Files\Java\jdk-25\bin\java.exe" (in directory "C:\Users\rahul\OneDrive\Documents\GitHub\My_Python-codes"): CreateProcess error=2, The system cannot find the file specified
2026.07.01 21:33:21 INFO  BSP server: 	at java.base@17.0.9/java.lang.ProcessBuilder.start(ProcessBuilder.java:1143)
2026.07.01 21:33:21 INFO  BSP server: 	at java.base@17.0.9/java.lang.ProcessBuilder.start(ProcessBuilder.java:1073)
2026.07.01 21:33:21 INFO  BSP server: 	at os.proc.proc$lzyINIT1$1(ProcessOps.scala:345)
2026.07.01 21:33:21 INFO  BSP server: 	at os.proc.os$proc$$_$proc$1(ProcessOps.scala:351)
2026.07.01 21:33:21 INFO  BSP server: 	at os.proc$$anon$2.run(ProcessOps.scala:335)
2026.07.01 21:33:21 INFO  BSP server: 	at com.oracle.svm.core.thread.PlatformThreads.threadStartRoutine(PlatformThreads.java:807)
2026.07.01 21:33:21 INFO  BSP server: 	at com.oracle.svm.core.windows.WindowsPlatformThreads.osThreadStartRoutine(WindowsPlatformThreads.java:179)
2026.07.01 21:33:21 INFO  BSP server: Caused by: java.io.IOException: CreateProcess error=2, The system cannot find the file specified
2026.07.01 21:33:21 INFO  BSP server: 	at com.oracle.svm.core.jni.functions.JNIFunctions$NewObjectWithObjectArrayArgFunctionPointer.invoke(JNIFunctions.java)
2026.07.01 21:33:21 INFO  BSP server: 	at com.oracle.svm.core.jni.functions.JNIFunctions.ThrowNew(JNIFunctions.java:889)
2026.07.01 21:33:21 INFO  BSP server: 	at java.base@17.0.9/java.lang.ProcessImpl.create(Native Method)
2026.07.01 21:33:21 INFO  BSP server: 	at java.base@17.0.9/java.lang.ProcessImpl.<init>(ProcessImpl.java:499)
2026.07.01 21:33:21 INFO  BSP server: 	at java.base@17.0.9/java.lang.ProcessImpl.start(ProcessImpl.java:158)
2026.07.01 21:33:21 INFO  BSP server: 	at java.base@17.0.9/java.lang.ProcessBuilder.start(ProcessBuilder.java:1110)
2026.07.01 21:33:21 INFO  BSP server: 	... 6 more
2026.07.01 21:33:21 INFO  BSP server: Error: java.io.IOException: Cannot run program "C:\Program Files\Java\jdk-25\bin\java.exe" (in directory "C:\Users\rahul\OneDrive\Documents\GitHub\My_Python-codes"): CreateProcess error=2, The system cannot find the file specified
2026.07.01 21:33:21 INFO  BSP server: For more details, please see 'C:\Users\rahul\OneDrive\Documents\GitHub\My_Python-codes\.scala-build\stacktraces\1782921801-4310380648032858411.log'
2026.07.01 21:33:21 INFO  BSP server: Exception in thread "subprocess-shutdown-hook" java.io.IOException: Cannot run program "C:\Program Files\Java\jdk-25\bin\java.exe" (in directory "C:\Users\rahul\OneDrive\Documents\GitHub\My_Python-codes"): CreateProcess error=2, The system cannot find the file specified
2026.07.01 21:33:21 INFO  BSP server: 	at java.base@17.0.9/java.lang.ProcessBuilder.start(ProcessBuilder.java:1143)
2026.07.01 21:33:21 INFO  BSP server: 	at java.base@17.0.9/java.lang.ProcessBuilder.start(ProcessBuilder.java:1073)
2026.07.01 21:33:21 INFO  BSP server: 	at os.proc.proc$lzyINIT1$1(ProcessOps.scala:345)
2026.07.01 21:33:21 INFO  BSP server: 	at os.proc.os$proc$$_$proc$1(ProcessOps.scala:351)
2026.07.01 21:33:21 INFO  BSP server: 	at os.proc$$anon$1.run(ProcessOps.scala:329)
2026.07.01 21:33:21 INFO  BSP server: 	at com.oracle.svm.core.thread.PlatformThreads.threadStartRoutine(PlatformThreads.java:807)
2026.07.01 21:33:21 INFO  BSP server: 	at com.oracle.svm.core.windows.WindowsPlatformThreads.osThreadStartRoutine(WindowsPlatformThreads.java:179)
2026.07.01 21:33:21 INFO  BSP server: Caused by: java.io.IOException: CreateProcess error=2, The system cannot find the file specified
2026.07.01 21:33:21 INFO  BSP server: 	at com.oracle.svm.core.jni.functions.JNIFunctions$NewObjectWithObjectArrayArgFunctionPointer.invoke(JNIFunctions.java)
2026.07.01 21:33:21 INFO  BSP server: 	at com.oracle.svm.core.jni.functions.JNIFunctions.ThrowNew(JNIFunctions.java:889)
2026.07.01 21:33:21 INFO  BSP server: 	at java.base@17.0.9/java.lang.ProcessImpl.create(Native Method)
2026.07.01 21:33:21 INFO  BSP server: 	at java.base@17.0.9/java.lang.ProcessImpl.<init>(ProcessImpl.java:499)
2026.07.01 21:33:21 INFO  BSP server: 	at java.base@17.0.9/java.lang.ProcessImpl.start(ProcessImpl.java:158)
2026.07.01 21:33:21 INFO  BSP server: 	at java.base@17.0.9/java.lang.ProcessBuilder.start(ProcessBuilder.java:1110)
2026.07.01 21:33:21 INFO  BSP server: 	... 6 more
2026.07.01 21:34:21 ERROR Timeout waiting for 'build/initialize' response
2026.07.01 21:34:21 WARN  Retrying connection to the build server scala-cli
2026.07.01 21:34:21 INFO  Running BSP server List(C:\Users\rahul\AppData\Local\Coursier\data\bin\.scala-cli.aux.exe, bsp, --json-options, C:\Users\rahul\OneDrive\Documents\GitHub\My_Python-codes\.scala-build\ide-options-v2.json, --json-launcher-options, C:\Users\rahul\OneDrive\Documents\GitHub\My_Python-codes\.scala-build\ide-launcher-options.json, --envs-file, C:\Users\rahul\OneDrive\Documents\GitHub\My_Python-codes\.scala-build\ide-envs.json, C:\Users\rahul\OneDrive\Documents\GitHub\My_Python-codes)
2026.07.01 21:34:21 INFO  tracing is disabled for protocol BSP, to enable tracing of incoming and outgoing JSON messages create an empty file at C:\Users\rahul\Github\My_Python-codes\.metals\bsp.trace.json or C:\Users\rahul\AppData\Local\scalameta\metals\cache\bsp.trace.json
2026.07.01 21:34:21 INFO  BSP server: Exception in thread "subprocess-shutdown-hook-monitor" java.io.IOException: Cannot run program "C:\Program Files\Java\jdk-25\bin\java.exe" (in directory "C:\Users\rahul\OneDrive\Documents\GitHub\My_Python-codes"): CreateProcess error=2, The system cannot find the file specified
2026.07.01 21:34:21 INFO  BSP server: 	at java.base@17.0.9/java.lang.ProcessBuilder.start(ProcessBuilder.java:1143)
2026.07.01 21:34:21 INFO  BSP server: 	at java.base@17.0.9/java.lang.ProcessBuilder.start(ProcessBuilder.java:1073)
2026.07.01 21:34:21 INFO  BSP server: 	at os.proc.proc$lzyINIT1$1(ProcessOps.scala:345)
2026.07.01 21:34:21 INFO  BSP server: 	at os.proc.os$proc$$_$proc$1(ProcessOps.scala:351)
2026.07.01 21:34:21 INFO  BSP server: 	at os.proc$$anon$2.run(ProcessOps.scala:335)
2026.07.01 21:34:21 INFO  BSP server: 	at com.oracle.svm.core.thread.PlatformThreads.threadStartRoutine(PlatformThreads.java:807)
2026.07.01 21:34:21 INFO  BSP server: 	at com.oracle.svm.core.windows.WindowsPlatformThreads.osThreadStartRoutine(WindowsPlatformThreads.java:179)
2026.07.01 21:34:21 INFO  BSP server: Caused by: java.io.IOException: CreateProcess error=2, The system cannot find the file specified
2026.07.01 21:34:21 INFO  BSP server: 	at com.oracle.svm.core.jni.functions.JNIFunctions$NewObjectWithObjectArrayArgFunctionPointer.invoke(JNIFunctions.java)
2026.07.01 21:34:21 INFO  BSP server: 	at com.oracle.svm.core.jni.functions.JNIFunctions.ThrowNew(JNIFunctions.java:889)
2026.07.01 21:34:21 INFO  BSP server: 	at java.base@17.0.9/java.lang.ProcessImpl.create(Native Method)
2026.07.01 21:34:21 INFO  BSP server: 	at java.base@17.0.9/java.lang.ProcessImpl.<init>(ProcessImpl.java:499)
2026.07.01 21:34:21 INFO  BSP server: 	at java.base@17.0.9/java.lang.ProcessImpl.start(ProcessImpl.java:158)
2026.07.01 21:34:21 INFO  BSP server: 	at java.base@17.0.9/java.lang.ProcessBuilder.start(ProcessBuilder.java:1110)
2026.07.01 21:34:21 INFO  BSP server: 	... 6 more
2026.07.01 21:34:21 INFO  BSP server: Error: java.io.IOException: Cannot run program "C:\Program Files\Java\jdk-25\bin\java.exe" (in directory "C:\Users\rahul\OneDrive\Documents\GitHub\My_Python-codes"): CreateProcess error=2, The system cannot find the file specified
2026.07.01 21:34:21 INFO  BSP server: For more details, please see 'C:\Users\rahul\OneDrive\Documents\GitHub\My_Python-codes\.scala-build\stacktraces\1782921861-1819727471199606928.log'
2026.07.01 21:34:21 INFO  BSP server: Exception in thread "subprocess-shutdown-hook" java.io.IOException: Cannot run program "C:\Program Files\Java\jdk-25\bin\java.exe" (in directory "C:\Users\rahul\OneDrive\Documents\GitHub\My_Python-codes"): CreateProcess error=2, The system cannot find the file specified
2026.07.01 21:34:21 INFO  BSP server: 	at java.base@17.0.9/java.lang.ProcessBuilder.start(ProcessBuilder.java:1143)
2026.07.01 21:34:21 INFO  BSP server: 	at java.base@17.0.9/java.lang.ProcessBuilder.start(ProcessBuilder.java:1073)
2026.07.01 21:34:21 INFO  BSP server: 	at os.proc.proc$lzyINIT1$1(ProcessOps.scala:345)
2026.07.01 21:34:21 INFO  BSP server: 	at os.proc.os$proc$$_$proc$1(ProcessOps.scala:351)
2026.07.01 21:34:21 INFO  BSP server: 	at os.proc$$anon$1.run(ProcessOps.scala:329)
2026.07.01 21:34:21 INFO  BSP server: 	at com.oracle.svm.core.thread.PlatformThreads.threadStartRoutine(PlatformThreads.java:807)
2026.07.01 21:34:21 INFO  BSP server: 	at com.oracle.svm.core.windows.WindowsPlatformThreads.osThreadStartRoutine(WindowsPlatformThreads.java:179)
2026.07.01 21:34:21 INFO  BSP server: Caused by: java.io.IOException: CreateProcess error=2, The system cannot find the file specified
2026.07.01 21:34:21 INFO  BSP server: 	at com.oracle.svm.core.jni.functions.JNIFunctions$NewObjectWithObjectArrayArgFunctionPointer.invoke(JNIFunctions.java)
2026.07.01 21:34:21 INFO  BSP server: 	at com.oracle.svm.core.jni.functions.JNIFunctions.ThrowNew(JNIFunctions.java:889)
2026.07.01 21:34:21 INFO  BSP server: 	at java.base@17.0.9/java.lang.ProcessImpl.create(Native Method)
2026.07.01 21:34:21 INFO  BSP server: 	at java.base@17.0.9/java.lang.ProcessImpl.<init>(ProcessImpl.java:499)
2026.07.01 21:34:21 INFO  BSP server: 	at java.base@17.0.9/java.lang.ProcessImpl.start(ProcessImpl.java:158)
2026.07.01 21:34:21 INFO  BSP server: 	at java.base@17.0.9/java.lang.ProcessBuilder.start(ProcessBuilder.java:1110)
2026.07.01 21:34:21 INFO  BSP server: 	... 6 more
2026.07.01 21:35:21 ERROR Timeout waiting for 'build/initialize' response
2026.07.01 21:35:21 WARN  Retrying connection to the build server scala-cli
2026.07.01 21:35:21 INFO  Running BSP server List(C:\Users\rahul\AppData\Local\Coursier\data\bin\.scala-cli.aux.exe, bsp, --json-options, C:\Users\rahul\OneDrive\Documents\GitHub\My_Python-codes\.scala-build\ide-options-v2.json, --json-launcher-options, C:\Users\rahul\OneDrive\Documents\GitHub\My_Python-codes\.scala-build\ide-launcher-options.json, --envs-file, C:\Users\rahul\OneDrive\Documents\GitHub\My_Python-codes\.scala-build\ide-envs.json, C:\Users\rahul\OneDrive\Documents\GitHub\My_Python-codes)
2026.07.01 21:35:21 INFO  tracing is disabled for protocol BSP, to enable tracing of incoming and outgoing JSON messages create an empty file at C:\Users\rahul\Github\My_Python-codes\.metals\bsp.trace.json or C:\Users\rahul\AppData\Local\scalameta\metals\cache\bsp.trace.json
2026.07.01 21:35:21 INFO  BSP server: Exception in thread "subprocess-shutdown-hook-monitor" java.io.IOException: Cannot run program "C:\Program Files\Java\jdk-25\bin\java.exe" (in directory "C:\Users\rahul\OneDrive\Documents\GitHub\My_Python-codes"): CreateProcess error=2, The system cannot find the file specified
2026.07.01 21:35:21 INFO  BSP server: 	at java.base@17.0.9/java.lang.ProcessBuilder.start(ProcessBuilder.java:1143)
2026.07.01 21:35:21 INFO  BSP server: 	at java.base@17.0.9/java.lang.ProcessBuilder.start(ProcessBuilder.java:1073)
2026.07.01 21:35:21 INFO  BSP server: 	at os.proc.proc$lzyINIT1$1(ProcessOps.scala:345)
2026.07.01 21:35:21 INFO  BSP server: 	at os.proc.os$proc$$_$proc$1(ProcessOps.scala:351)
2026.07.01 21:35:21 INFO  BSP server: 	at os.proc$$anon$2.run(ProcessOps.scala:335)
2026.07.01 21:35:21 INFO  BSP server: 	at com.oracle.svm.core.thread.PlatformThreads.threadStartRoutine(PlatformThreads.java:807)
2026.07.01 21:35:21 INFO  BSP server: 	at com.oracle.svm.core.windows.WindowsPlatformThreads.osThreadStartRoutine(WindowsPlatformThreads.java:179)
2026.07.01 21:35:21 INFO  BSP server: Caused by: java.io.IOException: CreateProcess error=2, The system cannot find the file specified
2026.07.01 21:35:21 INFO  BSP server: 	at com.oracle.svm.core.jni.functions.JNIFunctions$NewObjectWithObjectArrayArgFunctionPointer.invoke(JNIFunctions.java)
2026.07.01 21:35:21 INFO  BSP server: 	at com.oracle.svm.core.jni.functions.JNIFunctions.ThrowNew(JNIFunctions.java:889)
2026.07.01 21:35:21 INFO  BSP server: 	at java.base@17.0.9/java.lang.ProcessImpl.create(Native Method)
2026.07.01 21:35:21 INFO  BSP server: 	at java.base@17.0.9/java.lang.ProcessImpl.<init>(ProcessImpl.java:499)
2026.07.01 21:35:21 INFO  BSP server: 	at java.base@17.0.9/java.lang.ProcessImpl.start(ProcessImpl.java:158)
2026.07.01 21:35:21 INFO  BSP server: 	at java.base@17.0.9/java.lang.ProcessBuilder.start(ProcessBuilder.java:1110)
2026.07.01 21:35:21 INFO  BSP server: 	... 6 more
2026.07.01 21:35:21 INFO  BSP server: Error: java.io.IOException: Cannot run program "C:\Program Files\Java\jdk-25\bin\java.exe" (in directory "C:\Users\rahul\OneDrive\Documents\GitHub\My_Python-codes"): CreateProcess error=2, The system cannot find the file specified
2026.07.01 21:35:21 INFO  BSP server: For more details, please see 'C:\Users\rahul\OneDrive\Documents\GitHub\My_Python-codes\.scala-build\stacktraces\1782921921-10775808631258388085.log'
2026.07.01 21:35:21 INFO  BSP server: Exception in thread "subprocess-shutdown-hook" java.io.IOException: Cannot run program "C:\Program Files\Java\jdk-25\bin\java.exe" (in directory "C:\Users\rahul\OneDrive\Documents\GitHub\My_Python-codes"): CreateProcess error=2, The system cannot find the file specified
2026.07.01 21:35:21 INFO  BSP server: 	at java.base@17.0.9/java.lang.ProcessBuilder.start(ProcessBuilder.java:1143)
2026.07.01 21:35:21 INFO  BSP server: 	at java.base@17.0.9/java.lang.ProcessBuilder.start(ProcessBuilder.java:1073)
2026.07.01 21:35:21 INFO  BSP server: 	at os.proc.proc$lzyINIT1$1(ProcessOps.scala:345)
2026.07.01 21:35:21 INFO  BSP server: 	at os.proc.os$proc$$_$proc$1(ProcessOps.scala:351)
2026.07.01 21:35:21 INFO  BSP server: 	at os.proc$$anon$1.run(ProcessOps.scala:329)
2026.07.01 21:35:21 INFO  BSP server: 	at com.oracle.svm.core.thread.PlatformThreads.threadStartRoutine(PlatformThreads.java:807)
2026.07.01 21:35:21 INFO  BSP server: 	at com.oracle.svm.core.windows.WindowsPlatformThreads.osThreadStartRoutine(WindowsPlatformThreads.java:179)
2026.07.01 21:35:21 INFO  BSP server: Caused by: java.io.IOException: CreateProcess error=2, The system cannot find the file specified
2026.07.01 21:35:21 INFO  BSP server: 	at com.oracle.svm.core.jni.functions.JNIFunctions$NewObjectWithObjectArrayArgFunctionPointer.invoke(JNIFunctions.java)
2026.07.01 21:35:21 INFO  BSP server: 	at com.oracle.svm.core.jni.functions.JNIFunctions.ThrowNew(JNIFunctions.java:889)
2026.07.01 21:35:21 INFO  BSP server: 	at java.base@17.0.9/java.lang.ProcessImpl.create(Native Method)
2026.07.01 21:35:21 INFO  BSP server: 	at java.base@17.0.9/java.lang.ProcessImpl.<init>(ProcessImpl.java:499)
2026.07.01 21:35:21 INFO  BSP server: 	at java.base@17.0.9/java.lang.ProcessImpl.start(ProcessImpl.java:158)
2026.07.01 21:35:21 INFO  BSP server: 	at java.base@17.0.9/java.lang.ProcessBuilder.start(ProcessBuilder.java:1110)
2026.07.01 21:35:21 INFO  BSP server: 	... 6 more
2026.07.01 21:36:21 ERROR Timeout waiting for 'build/initialize' response
2026.07.01 21:36:21 ERROR Failed to connect with build server, no functionality will work.
java.util.concurrent.TimeoutException
	at java.util.concurrent.CompletableFuture.timedGet(CompletableFuture.java:1960)
	at java.util.concurrent.CompletableFuture.get(CompletableFuture.java:2095)
	at scala.meta.internal.metals.BuildServerConnection$.initialize(BuildServerConnection.scala:806)
	at scala.meta.internal.metals.BuildServerConnection$.$anonfun$fromSockets$1(BuildServerConnection.scala:658)
	at scala.concurrent.impl.Promise$Transformation.run(Promise.scala:500)
	at java.util.concurrent.ThreadPoolExecutor.runWorker(ThreadPoolExecutor.java:1136)
	at java.util.concurrent.ThreadPoolExecutor$Worker.run(ThreadPoolExecutor.java:635)
	at java.lang.Thread.run(Thread.java:842)

2026.07.01 21:36:21 WARN  no build target for: C:\Users\rahul\Github\My_Python-codes\Scala codes\Class and objects_2.scala
2026.07.01 21:36:21 INFO  no build target found for C:\Users\rahul\Github\My_Python-codes\Scala codes\Class and objects_2.scala. Using presentation compiler with project's scala-library version: 3.3.7
2026.07.01 21:36:28 INFO  time: code lens generation in 7.22s
2026.07.01 21:52:14 INFO  no build target found for C:\Users\rahul\Github\My_Python-codes\Scala codes\Class and objects_2.scala. Using presentation compiler with project's scala-library version: 3.3.7
2026.07.02 01:16:58 INFO  no build target found for C:\Users\rahul\Github\My_Python-codes\Scala codes\Class and objects_2.scala. Using presentation compiler with project's scala-library version: 3.3.7
2026.07.02 01:16:58 INFO  no build target found for C:\Users\rahul\Github\My_Python-codes\Scala codes\Function_2.scala. Using presentation compiler with project's scala-library version: 3.3.7
2026.07.02 01:16:58 INFO  no build target found for C:\Users\rahul\Github\My_Python-codes\Scala codes\Function_2.scala. Using presentation compiler with project's scala-library version: 3.3.7
2026.07.02 01:16:59 WARN  no build target for: C:\Users\rahul\Github\My_Python-codes\Scala codes\Function_2.scala
Jul 02, 2026 1:17:00 AM org.eclipse.lsp4j.jsonrpc.RemoteEndpoint handleCancellation
WARNING: Unmatched cancel notification for request id 9
2026.07.02 01:17:00 INFO  no build target found for C:\Users\rahul\Github\My_Python-codes\Scala codes\Function_2.scala. Using presentation compiler with project's scala-library version: 3.3.7
Jul 02, 2026 1:17:00 AM org.eclipse.lsp4j.jsonrpc.RemoteEndpoint handleCancellation
WARNING: Unmatched cancel notification for request id 12
2026.07.02 01:17:00 INFO  no build target found for C:\Users\rahul\Github\My_Python-codes\Scala codes\Function_2.scala. Using presentation compiler with project's scala-library version: 3.3.7
2026.07.02 01:17:00 INFO  no build target found for C:\Users\rahul\Github\My_Python-codes\Scala codes\Function_2.scala. Using presentation compiler with project's scala-library version: 3.3.7
2026.07.02 01:18:26 INFO  no build target found for C:\Users\rahul\Github\My_Python-codes\Scala codes\Function_2.scala. Using presentation compiler with project's scala-library version: 3.3.7
2026.07.02 01:21:02 INFO  Shutting down server
2026.07.02 01:21:02 INFO  Memory monitor stopped
2026.07.02 01:21:02 INFO  shutting down Metals
2026.07.02 01:21:02 INFO  Exiting server
2026.07.02 01:21:58 INFO  Started: Metals version 1.6.7 in folders 'C:\Users\rahul\Github\My_Python-codes' for client Visual Studio Code 1.125.1.
2026.07.02 01:21:58 INFO  Memory monitor started
2026.07.02 01:22:00 INFO  Shutting down server
2026.07.02 01:22:00 INFO  Memory monitor stopped
2026.07.02 01:22:00 INFO  shutting down Metals
2026.07.02 01:22:46 INFO  Started: Metals version 1.6.7 in folders 'C:\Users\rahul\Github\My_Python-codes' for client Visual Studio Code 1.125.1.
2026.07.02 01:22:47 INFO  time: initialize in 0.11s
2026.07.02 01:22:46 INFO  Memory monitor started
2026.07.02 01:23:00 WARN  Using H2 2.4.240 which is newer than the version Flyway has been verified with. The latest verified version of H2 is 2.3.232.
2026.07.02 01:23:02 INFO  Attempting to connect to the build server...
2026.07.02 01:23:02 INFO  Running BSP server List(C:\Users\rahul\AppData\Local\Coursier\data\bin\.scala-cli.aux.exe, bsp, --json-options, C:\Users\rahul\OneDrive\Documents\GitHub\My_Python-codes\.scala-build\ide-options-v2.json, --json-launcher-options, C:\Users\rahul\OneDrive\Documents\GitHub\My_Python-codes\.scala-build\ide-launcher-options.json, --envs-file, C:\Users\rahul\OneDrive\Documents\GitHub\My_Python-codes\.scala-build\ide-envs.json, C:\Users\rahul\OneDrive\Documents\GitHub\My_Python-codes)
2026.07.02 01:23:03 INFO  tracing is disabled for protocol BSP, to enable tracing of incoming and outgoing JSON messages create an empty file at C:\Users\rahul\Github\My_Python-codes\.metals\bsp.trace.json or C:\Users\rahul\AppData\Local\scalameta\metals\cache\bsp.trace.json
2026.07.02 01:23:05 INFO  BSP server: Exception in thread "subprocess-shutdown-hook-monitor" java.io.IOException: Cannot run program "C:\Program Files\Java\jdk-25\bin\java.exe" (in directory "C:\Users\rahul\OneDrive\Documents\GitHub\My_Python-codes"): CreateProcess error=2, The system cannot find the file specified
2026.07.02 01:23:05 INFO  BSP server: 	at java.base@17.0.9/java.lang.ProcessBuilder.start(ProcessBuilder.java:1143)
2026.07.02 01:23:05 INFO  BSP server: 	at java.base@17.0.9/java.lang.ProcessBuilder.start(ProcessBuilder.java:1073)
2026.07.02 01:23:05 INFO  BSP server: 	at os.proc.proc$lzyINIT1$1(ProcessOps.scala:345)
2026.07.02 01:23:05 INFO  BSP server: 	at os.proc.os$proc$$_$proc$1(ProcessOps.scala:351)
2026.07.02 01:23:05 INFO  BSP server: 	at os.proc$$anon$2.run(ProcessOps.scala:335)
2026.07.02 01:23:05 INFO  BSP server: 	at com.oracle.svm.core.thread.PlatformThreads.threadStartRoutine(PlatformThreads.java:807)
2026.07.02 01:23:05 INFO  BSP server: 	at com.oracle.svm.core.windows.WindowsPlatformThreads.osThreadStartRoutine(WindowsPlatformThreads.java:179)
2026.07.02 01:23:05 INFO  BSP server: Caused by: java.io.IOException: CreateProcess error=2, The system cannot find the file specified
2026.07.02 01:23:05 INFO  BSP server: 	at com.oracle.svm.core.jni.functions.JNIFunctions$NewObjectWithObjectArrayArgFunctionPointer.invoke(JNIFunctions.java)
2026.07.02 01:23:05 INFO  BSP server: 	at com.oracle.svm.core.jni.functions.JNIFunctions.ThrowNew(JNIFunctions.java:889)
2026.07.02 01:23:05 INFO  BSP server: 	at java.base@17.0.9/java.lang.ProcessImpl.create(Native Method)
2026.07.02 01:23:05 INFO  BSP server: 	at java.base@17.0.9/java.lang.ProcessImpl.<init>(ProcessImpl.java:499)
2026.07.02 01:23:05 INFO  BSP server: 	at java.base@17.0.9/java.lang.ProcessImpl.start(ProcessImpl.java:158)
2026.07.02 01:23:05 INFO  BSP server: 	at java.base@17.0.9/java.lang.ProcessBuilder.start(ProcessBuilder.java:1110)
2026.07.02 01:23:05 INFO  BSP server: 	... 6 more
2026.07.02 01:23:05 INFO  BSP server: Error: java.io.IOException: Cannot run program "C:\Program Files\Java\jdk-25\bin\java.exe" (in directory "C:\Users\rahul\OneDrive\Documents\GitHub\My_Python-codes"): CreateProcess error=2, The system cannot find the file specified
2026.07.02 01:23:05 INFO  BSP server: For more details, please see 'C:\Users\rahul\OneDrive\Documents\GitHub\My_Python-codes\.scala-build\stacktraces\1782935585-6351987068730758435.log'
2026.07.02 01:23:05 INFO  BSP server: Exception in thread "subprocess-shutdown-hook" java.io.IOException: Cannot run program "C:\Program Files\Java\jdk-25\bin\java.exe" (in directory "C:\Users\rahul\OneDrive\Documents\GitHub\My_Python-codes"): CreateProcess error=2, The system cannot find the file specified
2026.07.02 01:23:05 INFO  BSP server: 	at java.base@17.0.9/java.lang.ProcessBuilder.start(ProcessBuilder.java:1143)
2026.07.02 01:23:05 INFO  BSP server: 	at java.base@17.0.9/java.lang.ProcessBuilder.start(ProcessBuilder.java:1073)
2026.07.02 01:23:05 INFO  BSP server: 	at os.proc.proc$lzyINIT1$1(ProcessOps.scala:345)
2026.07.02 01:23:05 INFO  BSP server: 	at os.proc.os$proc$$_$proc$1(ProcessOps.scala:351)
2026.07.02 01:23:05 INFO  BSP server: 	at os.proc$$anon$1.run(ProcessOps.scala:329)
2026.07.02 01:23:05 INFO  BSP server: 	at com.oracle.svm.core.thread.PlatformThreads.threadStartRoutine(PlatformThreads.java:807)
2026.07.02 01:23:05 INFO  BSP server: 	at com.oracle.svm.core.windows.WindowsPlatformThreads.osThreadStartRoutine(WindowsPlatformThreads.java:179)
2026.07.02 01:23:05 INFO  BSP server: Caused by: java.io.IOException: CreateProcess error=2, The system cannot find the file specified
2026.07.02 01:23:05 INFO  BSP server: 	at com.oracle.svm.core.jni.functions.JNIFunctions$NewObjectWithObjectArrayArgFunctionPointer.invoke(JNIFunctions.java)
2026.07.02 01:23:05 INFO  BSP server: 	at com.oracle.svm.core.jni.functions.JNIFunctions.ThrowNew(JNIFunctions.java:889)
2026.07.02 01:23:05 INFO  BSP server: 	at java.base@17.0.9/java.lang.ProcessImpl.create(Native Method)
2026.07.02 01:23:05 INFO  BSP server: 	at java.base@17.0.9/java.lang.ProcessImpl.<init>(ProcessImpl.java:499)
2026.07.02 01:23:05 INFO  BSP server: 	at java.base@17.0.9/java.lang.ProcessImpl.start(ProcessImpl.java:158)
2026.07.02 01:23:05 INFO  BSP server: 	at java.base@17.0.9/java.lang.ProcessBuilder.start(ProcessBuilder.java:1110)
2026.07.02 01:23:05 INFO  BSP server: 	... 6 more
2026.07.02 01:23:07 INFO  no build target found for C:\Users\rahul\Github\My_Python-codes\helloworld.java. Using fallback presentation compiler.
2026.07.02 01:23:07 INFO  no build target found for C:\Users\rahul\Github\My_Python-codes\helloworld.java. Using fallback presentation compiler.
2026.07.02 01:23:08 INFO  no build target found for C:\Users\rahul\Github\My_Python-codes\helloworld.java. Using fallback presentation compiler.
Jul 02, 2026 1:23:09 AM org.eclipse.lsp4j.jsonrpc.RemoteEndpoint handleCancellation
WARNING: Unmatched cancel notification for request id 6
Jul 02, 2026 1:23:09 AM org.eclipse.lsp4j.jsonrpc.RemoteEndpoint handleCancellation
WARNING: Unmatched cancel notification for request id 9
2026.07.02 01:23:12 INFO  no build target found for C:\Users\rahul\Github\My_Python-codes\helloworld.java. Using fallback presentation compiler.
2026.07.02 01:23:15 INFO  no build target found for C:\Users\rahul\Github\My_Python-codes\helloworld.java. Using fallback presentation compiler.
2026.07.02 01:23:18 INFO  no build target found for C:\Users\rahul\Github\My_Python-codes\helloworld.java. Using fallback presentation compiler.
2026.07.02 01:23:18 INFO  no build target found for C:\Users\rahul\Github\My_Python-codes\helloworld.java. Using fallback presentation compiler.
2026.07.02 01:23:19 INFO  no build target found for C:\Users\rahul\Github\My_Python-codes\helloworld.java. Using fallback presentation compiler.
2026.07.02 01:23:21 INFO  no build target found for C:\Users\rahul\Github\My_Python-codes\helloworld.java. Using fallback presentation compiler.
2026.07.02 01:23:21 INFO  no build target found for C:\Users\rahul\Github\My_Python-codes\helloworld.java. Using fallback presentation compiler.
2026.07.02 01:23:21 INFO  no build target found for C:\Users\rahul\Github\My_Python-codes\helloworld.java. Using fallback presentation compiler.
2026.07.02 01:23:21 INFO  no build target found for C:\Users\rahul\Github\My_Python-codes\helloworld.java. Using fallback presentation compiler.
Jul 02, 2026 1:23:24 AM org.eclipse.lsp4j.jsonrpc.RemoteEndpoint handleCancellation
WARNING: Unmatched cancel notification for request id 22
2026.07.02 01:23:24 INFO  no build target found for C:\Users\rahul\Github\My_Python-codes\helloworld.java. Using fallback presentation compiler.
2026.07.02 01:23:24 INFO  no build target found for C:\Users\rahul\Github\My_Python-codes\helloworld.java. Using fallback presentation compiler.
Jul 02, 2026 1:23:24 AM org.eclipse.lsp4j.jsonrpc.RemoteEndpoint handleCancellation
WARNING: Unmatched cancel notification for request id 25
Jul 02, 2026 1:23:24 AM org.eclipse.lsp4j.jsonrpc.RemoteEndpoint handleCancellation
WARNING: Unmatched cancel notification for request id 23
2026.07.02 01:23:24 INFO  no build target found for C:\Users\rahul\Github\My_Python-codes\helloworld.java. Using fallback presentation compiler.
2026.07.02 01:23:24 INFO  no build target found for C:\Users\rahul\Github\My_Python-codes\helloworld.java. Using fallback presentation compiler.
2026.07.02 01:23:24 INFO  no build target found for C:\Users\rahul\Github\My_Python-codes\helloworld.java. Using fallback presentation compiler.
2026.07.02 01:23:24 INFO  no build target found for C:\Users\rahul\Github\My_Python-codes\helloworld.java. Using fallback presentation compiler.
Jul 02, 2026 1:23:26 AM org.eclipse.lsp4j.jsonrpc.RemoteEndpoint handleCancellation
WARNING: Unmatched cancel notification for request id 29
2026.07.02 01:23:26 INFO  no build target found for C:\Users\rahul\Github\My_Python-codes\helloworld.java. Using fallback presentation compiler.
2026.07.02 01:23:26 INFO  no build target found for C:\Users\rahul\Github\My_Python-codes\helloworld.java. Using fallback presentation compiler.
2026.07.02 01:23:26 INFO  no build target found for C:\Users\rahul\Github\My_Python-codes\helloworld.java. Using fallback presentation compiler.
2026.07.02 01:23:26 INFO  no build target found for C:\Users\rahul\Github\My_Python-codes\helloworld.java. Using fallback presentation compiler.
Jul 02, 2026 1:23:27 AM org.eclipse.lsp4j.jsonrpc.RemoteEndpoint handleCancellation
WARNING: Unmatched cancel notification for request id 32
Jul 02, 2026 1:23:27 AM org.eclipse.lsp4j.jsonrpc.RemoteEndpoint handleCancellation
WARNING: Unmatched cancel notification for request id 33
2026.07.02 01:23:27 INFO  no build target found for C:\Users\rahul\Github\My_Python-codes\helloworld.java. Using fallback presentation compiler.
2026.07.02 01:23:27 INFO  no build target found for C:\Users\rahul\Github\My_Python-codes\helloworld.java. Using fallback presentation compiler.
2026.07.02 01:23:29 INFO  no build target found for C:\Users\rahul\Github\My_Python-codes\helloworld.java. Using fallback presentation compiler.
2026.07.02 01:23:29 INFO  no build target found for C:\Users\rahul\Github\My_Python-codes\helloworld.java. Using fallback presentation compiler.
2026.07.02 01:23:33 WARN  no build target for: C:\Users\rahul\Github\My_Python-codes\helloworld.java
Jul 02, 2026 1:23:40 AM org.eclipse.lsp4j.jsonrpc.services.GenericEndpoint notify
INFO: Unsupported notification method: $/setTrace
2026.07.02 01:23:46 INFO  no build target found for C:\Users\rahul\Github\My_Python-codes\helloworld.java. Using fallback presentation compiler.
2026.07.02 01:24:03 ERROR Timeout waiting for 'build/initialize' response
2026.07.02 01:24:03 WARN  Retrying connection to the build server scala-cli
2026.07.02 01:24:03 INFO  Running BSP server List(C:\Users\rahul\AppData\Local\Coursier\data\bin\.scala-cli.aux.exe, bsp, --json-options, C:\Users\rahul\OneDrive\Documents\GitHub\My_Python-codes\.scala-build\ide-options-v2.json, --json-launcher-options, C:\Users\rahul\OneDrive\Documents\GitHub\My_Python-codes\.scala-build\ide-launcher-options.json, --envs-file, C:\Users\rahul\OneDrive\Documents\GitHub\My_Python-codes\.scala-build\ide-envs.json, C:\Users\rahul\OneDrive\Documents\GitHub\My_Python-codes)
2026.07.02 01:24:03 INFO  tracing is disabled for protocol BSP, to enable tracing of incoming and outgoing JSON messages create an empty file at C:\Users\rahul\Github\My_Python-codes\.metals\bsp.trace.json or C:\Users\rahul\AppData\Local\scalameta\metals\cache\bsp.trace.json
2026.07.02 01:24:03 INFO  BSP server: Exception in thread "subprocess-shutdown-hook-monitor" java.io.IOException: Cannot run program "C:\Program Files\Java\jdk-25\bin\java.exe" (in directory "C:\Users\rahul\OneDrive\Documents\GitHub\My_Python-codes"): CreateProcess error=2, The system cannot find the file specified
2026.07.02 01:24:03 INFO  BSP server: 	at java.base@17.0.9/java.lang.ProcessBuilder.start(ProcessBuilder.java:1143)
2026.07.02 01:24:03 INFO  BSP server: 	at java.base@17.0.9/java.lang.ProcessBuilder.start(ProcessBuilder.java:1073)
2026.07.02 01:24:03 INFO  BSP server: 	at os.proc.proc$lzyINIT1$1(ProcessOps.scala:345)
2026.07.02 01:24:03 INFO  BSP server: 	at os.proc.os$proc$$_$proc$1(ProcessOps.scala:351)
2026.07.02 01:24:03 INFO  BSP server: 	at os.proc$$anon$2.run(ProcessOps.scala:335)
2026.07.02 01:24:03 INFO  BSP server: 	at com.oracle.svm.core.thread.PlatformThreads.threadStartRoutine(PlatformThreads.java:807)
2026.07.02 01:24:03 INFO  BSP server: 	at com.oracle.svm.core.windows.WindowsPlatformThreads.osThreadStartRoutine(WindowsPlatformThreads.java:179)
2026.07.02 01:24:03 INFO  BSP server: Caused by: java.io.IOException: CreateProcess error=2, The system cannot find the file specified
2026.07.02 01:24:03 INFO  BSP server: 	at com.oracle.svm.core.jni.functions.JNIFunctions$NewObjectWithObjectArrayArgFunctionPointer.invoke(JNIFunctions.java)
2026.07.02 01:24:03 INFO  BSP server: 	at com.oracle.svm.core.jni.functions.JNIFunctions.ThrowNew(JNIFunctions.java:889)
2026.07.02 01:24:03 INFO  BSP server: 	at java.base@17.0.9/java.lang.ProcessImpl.create(Native Method)
2026.07.02 01:24:03 INFO  BSP server: 	at java.base@17.0.9/java.lang.ProcessImpl.<init>(ProcessImpl.java:499)
2026.07.02 01:24:03 INFO  BSP server: 	at java.base@17.0.9/java.lang.ProcessImpl.start(ProcessImpl.java:158)
2026.07.02 01:24:03 INFO  BSP server: 	at java.base@17.0.9/java.lang.ProcessBuilder.start(ProcessBuilder.java:1110)
2026.07.02 01:24:03 INFO  BSP server: 	... 6 more
2026.07.02 01:24:03 INFO  BSP server: Error: java.io.IOException: Cannot run program "C:\Program Files\Java\jdk-25\bin\java.exe" (in directory "C:\Users\rahul\OneDrive\Documents\GitHub\My_Python-codes"): CreateProcess error=2, The system cannot find the file specified
2026.07.02 01:24:03 INFO  BSP server: For more details, please see 'C:\Users\rahul\OneDrive\Documents\GitHub\My_Python-codes\.scala-build\stacktraces\1782935643-3353093370362201089.log'
2026.07.02 01:24:03 INFO  BSP server: Exception in thread "subprocess-shutdown-hook" java.io.IOException: Cannot run program "C:\Program Files\Java\jdk-25\bin\java.exe" (in directory "C:\Users\rahul\OneDrive\Documents\GitHub\My_Python-codes"): CreateProcess error=2, The system cannot find the file specified
2026.07.02 01:24:03 INFO  BSP server: 	at java.base@17.0.9/java.lang.ProcessBuilder.start(ProcessBuilder.java:1143)
2026.07.02 01:24:03 INFO  BSP server: 	at java.base@17.0.9/java.lang.ProcessBuilder.start(ProcessBuilder.java:1073)
2026.07.02 01:24:03 INFO  BSP server: 	at os.proc.proc$lzyINIT1$1(ProcessOps.scala:345)
2026.07.02 01:24:03 INFO  BSP server: 	at os.proc.os$proc$$_$proc$1(ProcessOps.scala:351)
2026.07.02 01:24:03 INFO  BSP server: 	at os.proc$$anon$1.run(ProcessOps.scala:329)
2026.07.02 01:24:03 INFO  BSP server: 	at com.oracle.svm.core.thread.PlatformThreads.threadStartRoutine(PlatformThreads.java:807)
2026.07.02 01:24:03 INFO  BSP server: 	at com.oracle.svm.core.windows.WindowsPlatformThreads.osThreadStartRoutine(WindowsPlatformThreads.java:179)
2026.07.02 01:24:03 INFO  BSP server: Caused by: java.io.IOException: CreateProcess error=2, The system cannot find the file specified
2026.07.02 01:24:03 INFO  BSP server: 	at com.oracle.svm.core.jni.functions.JNIFunctions$NewObjectWithObjectArrayArgFunctionPointer.invoke(JNIFunctions.java)
2026.07.02 01:24:03 INFO  BSP server: 	at com.oracle.svm.core.jni.functions.JNIFunctions.ThrowNew(JNIFunctions.java:889)
2026.07.02 01:24:03 INFO  BSP server: 	at java.base@17.0.9/java.lang.ProcessImpl.create(Native Method)
2026.07.02 01:24:03 INFO  BSP server: 	at java.base@17.0.9/java.lang.ProcessImpl.<init>(ProcessImpl.java:499)
2026.07.02 01:24:03 INFO  BSP server: 	at java.base@17.0.9/java.lang.ProcessImpl.start(ProcessImpl.java:158)
2026.07.02 01:24:03 INFO  BSP server: 	at java.base@17.0.9/java.lang.ProcessBuilder.start(ProcessBuilder.java:1110)
2026.07.02 01:24:03 INFO  BSP server: 	... 6 more
2026.07.02 01:24:18 INFO  no build target found for C:\Users\rahul\Github\My_Python-codes\Scala codes\Control.scala. Using presentation compiler with project's scala-library version: 3.3.7
2026.07.02 01:24:22 WARN  no build target for: C:\Users\rahul\Github\My_Python-codes\Scala codes\Control.scala
2026.07.02 01:24:22 INFO  no build target found for C:\Users\rahul\Github\My_Python-codes\Scala codes\Control.scala. Using presentation compiler with project's scala-library version: 3.3.7
Jul 02, 2026 1:24:22 AM org.eclipse.lsp4j.jsonrpc.RemoteEndpoint handleCancellation
WARNING: Unmatched cancel notification for request id 48
Jul 02, 2026 1:24:22 AM org.eclipse.lsp4j.jsonrpc.RemoteEndpoint handleCancellation
WARNING: Unmatched cancel notification for request id 51
2026.07.02 01:25:03 ERROR Timeout waiting for 'build/initialize' response
2026.07.02 01:25:03 WARN  Retrying connection to the build server scala-cli
2026.07.02 01:25:03 INFO  Running BSP server List(C:\Users\rahul\AppData\Local\Coursier\data\bin\.scala-cli.aux.exe, bsp, --json-options, C:\Users\rahul\OneDrive\Documents\GitHub\My_Python-codes\.scala-build\ide-options-v2.json, --json-launcher-options, C:\Users\rahul\OneDrive\Documents\GitHub\My_Python-codes\.scala-build\ide-launcher-options.json, --envs-file, C:\Users\rahul\OneDrive\Documents\GitHub\My_Python-codes\.scala-build\ide-envs.json, C:\Users\rahul\OneDrive\Documents\GitHub\My_Python-codes)
2026.07.02 01:25:03 INFO  tracing is disabled for protocol BSP, to enable tracing of incoming and outgoing JSON messages create an empty file at C:\Users\rahul\Github\My_Python-codes\.metals\bsp.trace.json or C:\Users\rahul\AppData\Local\scalameta\metals\cache\bsp.trace.json
2026.07.02 01:25:03 INFO  BSP server: Exception in thread "subprocess-shutdown-hook-monitor" java.io.IOException: Cannot run program "C:\Program Files\Java\jdk-25\bin\java.exe" (in directory "C:\Users\rahul\OneDrive\Documents\GitHub\My_Python-codes"): CreateProcess error=2, The system cannot find the file specified
2026.07.02 01:25:03 INFO  BSP server: 	at java.base@17.0.9/java.lang.ProcessBuilder.start(ProcessBuilder.java:1143)
2026.07.02 01:25:03 INFO  BSP server: 	at java.base@17.0.9/java.lang.ProcessBuilder.start(ProcessBuilder.java:1073)
2026.07.02 01:25:03 INFO  BSP server: 	at os.proc.proc$lzyINIT1$1(ProcessOps.scala:345)
2026.07.02 01:25:03 INFO  BSP server: 	at os.proc.os$proc$$_$proc$1(ProcessOps.scala:351)
2026.07.02 01:25:03 INFO  BSP server: 	at os.proc$$anon$2.run(ProcessOps.scala:335)
2026.07.02 01:25:03 INFO  BSP server: 	at com.oracle.svm.core.thread.PlatformThreads.threadStartRoutine(PlatformThreads.java:807)
2026.07.02 01:25:03 INFO  BSP server: 	at com.oracle.svm.core.windows.WindowsPlatformThreads.osThreadStartRoutine(WindowsPlatformThreads.java:179)
2026.07.02 01:25:03 INFO  BSP server: Caused by: java.io.IOException: CreateProcess error=2, The system cannot find the file specified
2026.07.02 01:25:03 INFO  BSP server: 	at com.oracle.svm.core.jni.functions.JNIFunctions$NewObjectWithObjectArrayArgFunctionPointer.invoke(JNIFunctions.java)
2026.07.02 01:25:03 INFO  BSP server: 	at com.oracle.svm.core.jni.functions.JNIFunctions.ThrowNew(JNIFunctions.java:889)
2026.07.02 01:25:03 INFO  BSP server: 	at java.base@17.0.9/java.lang.ProcessImpl.create(Native Method)
2026.07.02 01:25:03 INFO  BSP server: 	at java.base@17.0.9/java.lang.ProcessImpl.<init>(ProcessImpl.java:499)
2026.07.02 01:25:03 INFO  BSP server: 	at java.base@17.0.9/java.lang.ProcessImpl.start(ProcessImpl.java:158)
2026.07.02 01:25:03 INFO  BSP server: 	at java.base@17.0.9/java.lang.ProcessBuilder.start(ProcessBuilder.java:1110)
2026.07.02 01:25:03 INFO  BSP server: 	... 6 more
2026.07.02 01:25:03 INFO  BSP server: Error: java.io.IOException: Cannot run program "C:\Program Files\Java\jdk-25\bin\java.exe" (in directory "C:\Users\rahul\OneDrive\Documents\GitHub\My_Python-codes"): CreateProcess error=2, The system cannot find the file specified
2026.07.02 01:25:03 INFO  BSP server: For more details, please see 'C:\Users\rahul\OneDrive\Documents\GitHub\My_Python-codes\.scala-build\stacktraces\1782935703-2719105844113546308.log'
2026.07.02 01:25:03 INFO  BSP server: Exception in thread "subprocess-shutdown-hook" java.io.IOException: Cannot run program "C:\Program Files\Java\jdk-25\bin\java.exe" (in directory "C:\Users\rahul\OneDrive\Documents\GitHub\My_Python-codes"): CreateProcess error=2, The system cannot find the file specified
2026.07.02 01:25:03 INFO  BSP server: 	at java.base@17.0.9/java.lang.ProcessBuilder.start(ProcessBuilder.java:1143)
2026.07.02 01:25:03 INFO  BSP server: 	at java.base@17.0.9/java.lang.ProcessBuilder.start(ProcessBuilder.java:1073)
2026.07.02 01:25:03 INFO  BSP server: 	at os.proc.proc$lzyINIT1$1(ProcessOps.scala:345)
2026.07.02 01:25:03 INFO  BSP server: 	at os.proc.os$proc$$_$proc$1(ProcessOps.scala:351)
2026.07.02 01:25:03 INFO  BSP server: 	at os.proc$$anon$1.run(ProcessOps.scala:329)
2026.07.02 01:25:03 INFO  BSP server: 	at com.oracle.svm.core.thread.PlatformThreads.threadStartRoutine(PlatformThreads.java:807)
2026.07.02 01:25:03 INFO  BSP server: 	at com.oracle.svm.core.windows.WindowsPlatformThreads.osThreadStartRoutine(WindowsPlatformThreads.java:179)
2026.07.02 01:25:03 INFO  BSP server: Caused by: java.io.IOException: CreateProcess error=2, The system cannot find the file specified
2026.07.02 01:25:03 INFO  BSP server: 	at com.oracle.svm.core.jni.functions.JNIFunctions$NewObjectWithObjectArrayArgFunctionPointer.invoke(JNIFunctions.java)
2026.07.02 01:25:03 INFO  BSP server: 	at com.oracle.svm.core.jni.functions.JNIFunctions.ThrowNew(JNIFunctions.java:889)
2026.07.02 01:25:03 INFO  BSP server: 	at java.base@17.0.9/java.lang.ProcessImpl.create(Native Method)
2026.07.02 01:25:03 INFO  BSP server: 	at java.base@17.0.9/java.lang.ProcessImpl.<init>(ProcessImpl.java:499)
2026.07.02 01:25:03 INFO  BSP server: 	at java.base@17.0.9/java.lang.ProcessImpl.start(ProcessImpl.java:158)
2026.07.02 01:25:03 INFO  BSP server: 	at java.base@17.0.9/java.lang.ProcessBuilder.start(ProcessBuilder.java:1110)
2026.07.02 01:25:03 INFO  BSP server: 	... 6 more
2026.07.02 01:26:03 ERROR Timeout waiting for 'build/initialize' response
2026.07.02 01:26:03 WARN  Retrying connection to the build server scala-cli
2026.07.02 01:26:03 INFO  Running BSP server List(C:\Users\rahul\AppData\Local\Coursier\data\bin\.scala-cli.aux.exe, bsp, --json-options, C:\Users\rahul\OneDrive\Documents\GitHub\My_Python-codes\.scala-build\ide-options-v2.json, --json-launcher-options, C:\Users\rahul\OneDrive\Documents\GitHub\My_Python-codes\.scala-build\ide-launcher-options.json, --envs-file, C:\Users\rahul\OneDrive\Documents\GitHub\My_Python-codes\.scala-build\ide-envs.json, C:\Users\rahul\OneDrive\Documents\GitHub\My_Python-codes)
2026.07.02 01:26:03 INFO  tracing is disabled for protocol BSP, to enable tracing of incoming and outgoing JSON messages create an empty file at C:\Users\rahul\Github\My_Python-codes\.metals\bsp.trace.json or C:\Users\rahul\AppData\Local\scalameta\metals\cache\bsp.trace.json
2026.07.02 01:26:04 INFO  BSP server: Exception in thread "subprocess-shutdown-hook-monitor" java.io.IOException: Cannot run program "C:\Program Files\Java\jdk-25\bin\java.exe" (in directory "C:\Users\rahul\OneDrive\Documents\GitHub\My_Python-codes"): CreateProcess error=2, The system cannot find the file specified
2026.07.02 01:26:04 INFO  BSP server: 	at java.base@17.0.9/java.lang.ProcessBuilder.start(ProcessBuilder.java:1143)
2026.07.02 01:26:04 INFO  BSP server: 	at java.base@17.0.9/java.lang.ProcessBuilder.start(ProcessBuilder.java:1073)
2026.07.02 01:26:04 INFO  BSP server: 	at os.proc.proc$lzyINIT1$1(ProcessOps.scala:345)
2026.07.02 01:26:04 INFO  BSP server: 	at os.proc.os$proc$$_$proc$1(ProcessOps.scala:351)
2026.07.02 01:26:04 INFO  BSP server: 	at os.proc$$anon$2.run(ProcessOps.scala:335)
2026.07.02 01:26:04 INFO  BSP server: 	at com.oracle.svm.core.thread.PlatformThreads.threadStartRoutine(PlatformThreads.java:807)
2026.07.02 01:26:04 INFO  BSP server: 	at com.oracle.svm.core.windows.WindowsPlatformThreads.osThreadStartRoutine(WindowsPlatformThreads.java:179)
2026.07.02 01:26:04 INFO  BSP server: Caused by: java.io.IOException: CreateProcess error=2, The system cannot find the file specified
2026.07.02 01:26:04 INFO  BSP server: 	at com.oracle.svm.core.jni.functions.JNIFunctions$NewObjectWithObjectArrayArgFunctionPointer.invoke(JNIFunctions.java)
2026.07.02 01:26:04 INFO  BSP server: 	at com.oracle.svm.core.jni.functions.JNIFunctions.ThrowNew(JNIFunctions.java:889)
2026.07.02 01:26:04 INFO  BSP server: 	at java.base@17.0.9/java.lang.ProcessImpl.create(Native Method)
2026.07.02 01:26:04 INFO  BSP server: 	at java.base@17.0.9/java.lang.ProcessImpl.<init>(ProcessImpl.java:499)
2026.07.02 01:26:04 INFO  BSP server: 	at java.base@17.0.9/java.lang.ProcessImpl.start(ProcessImpl.java:158)
2026.07.02 01:26:04 INFO  BSP server: 	at java.base@17.0.9/java.lang.ProcessBuilder.start(ProcessBuilder.java:1110)
2026.07.02 01:26:04 INFO  BSP server: 	... 6 more
2026.07.02 01:26:04 INFO  BSP server: Error: java.io.IOException: Cannot run program "C:\Program Files\Java\jdk-25\bin\java.exe" (in directory "C:\Users\rahul\OneDrive\Documents\GitHub\My_Python-codes"): CreateProcess error=2, The system cannot find the file specified
2026.07.02 01:26:04 INFO  BSP server: For more details, please see 'C:\Users\rahul\OneDrive\Documents\GitHub\My_Python-codes\.scala-build\stacktraces\1782935764-12236142825366229343.log'
2026.07.02 01:26:04 INFO  BSP server: Exception in thread "subprocess-shutdown-hook" java.io.IOException: Cannot run program "C:\Program Files\Java\jdk-25\bin\java.exe" (in directory "C:\Users\rahul\OneDrive\Documents\GitHub\My_Python-codes"): CreateProcess error=2, The system cannot find the file specified
2026.07.02 01:26:04 INFO  BSP server: 	at java.base@17.0.9/java.lang.ProcessBuilder.start(ProcessBuilder.java:1143)
2026.07.02 01:26:04 INFO  BSP server: 	at java.base@17.0.9/java.lang.ProcessBuilder.start(ProcessBuilder.java:1073)
2026.07.02 01:26:04 INFO  BSP server: 	at os.proc.proc$lzyINIT1$1(ProcessOps.scala:345)
2026.07.02 01:26:04 INFO  BSP server: 	at os.proc.os$proc$$_$proc$1(ProcessOps.scala:351)
2026.07.02 01:26:04 INFO  BSP server: 	at os.proc$$anon$1.run(ProcessOps.scala:329)
2026.07.02 01:26:04 INFO  BSP server: 	at com.oracle.svm.core.thread.PlatformThreads.threadStartRoutine(PlatformThreads.java:807)
2026.07.02 01:26:04 INFO  BSP server: 	at com.oracle.svm.core.windows.WindowsPlatformThreads.osThreadStartRoutine(WindowsPlatformThreads.java:179)
2026.07.02 01:26:04 INFO  BSP server: Caused by: java.io.IOException: CreateProcess error=2, The system cannot find the file specified
2026.07.02 01:26:04 INFO  BSP server: 	at com.oracle.svm.core.jni.functions.JNIFunctions$NewObjectWithObjectArrayArgFunctionPointer.invoke(JNIFunctions.java)
2026.07.02 01:26:04 INFO  BSP server: 	at com.oracle.svm.core.jni.functions.JNIFunctions.ThrowNew(JNIFunctions.java:889)
2026.07.02 01:26:04 INFO  BSP server: 	at java.base@17.0.9/java.lang.ProcessImpl.create(Native Method)
2026.07.02 01:26:04 INFO  BSP server: 	at java.base@17.0.9/java.lang.ProcessImpl.<init>(ProcessImpl.java:499)
2026.07.02 01:26:04 INFO  BSP server: 	at java.base@17.0.9/java.lang.ProcessImpl.start(ProcessImpl.java:158)
2026.07.02 01:26:04 INFO  BSP server: 	at java.base@17.0.9/java.lang.ProcessBuilder.start(ProcessBuilder.java:1110)
2026.07.02 01:26:04 INFO  BSP server: 	... 6 more
2026.07.02 01:27:03 ERROR Timeout waiting for 'build/initialize' response
2026.07.02 01:27:03 WARN  Retrying connection to the build server scala-cli
2026.07.02 01:27:03 INFO  Running BSP server List(C:\Users\rahul\AppData\Local\Coursier\data\bin\.scala-cli.aux.exe, bsp, --json-options, C:\Users\rahul\OneDrive\Documents\GitHub\My_Python-codes\.scala-build\ide-options-v2.json, --json-launcher-options, C:\Users\rahul\OneDrive\Documents\GitHub\My_Python-codes\.scala-build\ide-launcher-options.json, --envs-file, C:\Users\rahul\OneDrive\Documents\GitHub\My_Python-codes\.scala-build\ide-envs.json, C:\Users\rahul\OneDrive\Documents\GitHub\My_Python-codes)
2026.07.02 01:27:03 INFO  tracing is disabled for protocol BSP, to enable tracing of incoming and outgoing JSON messages create an empty file at C:\Users\rahul\Github\My_Python-codes\.metals\bsp.trace.json or C:\Users\rahul\AppData\Local\scalameta\metals\cache\bsp.trace.json
2026.07.02 01:27:03 INFO  BSP server: Exception in thread "subprocess-shutdown-hook-monitor" java.io.IOException: Cannot run program "C:\Program Files\Java\jdk-25\bin\java.exe" (in directory "C:\Users\rahul\OneDrive\Documents\GitHub\My_Python-codes"): CreateProcess error=2, The system cannot find the file specified
2026.07.02 01:27:03 INFO  BSP server: 	at java.base@17.0.9/java.lang.ProcessBuilder.start(ProcessBuilder.java:1143)
2026.07.02 01:27:03 INFO  BSP server: 	at java.base@17.0.9/java.lang.ProcessBuilder.start(ProcessBuilder.java:1073)
2026.07.02 01:27:03 INFO  BSP server: 	at os.proc.proc$lzyINIT1$1(ProcessOps.scala:345)
2026.07.02 01:27:03 INFO  BSP server: 	at os.proc.os$proc$$_$proc$1(ProcessOps.scala:351)
2026.07.02 01:27:03 INFO  BSP server: 	at os.proc$$anon$2.run(ProcessOps.scala:335)
2026.07.02 01:27:03 INFO  BSP server: 	at com.oracle.svm.core.thread.PlatformThreads.threadStartRoutine(PlatformThreads.java:807)
2026.07.02 01:27:03 INFO  BSP server: 	at com.oracle.svm.core.windows.WindowsPlatformThreads.osThreadStartRoutine(WindowsPlatformThreads.java:179)
2026.07.02 01:27:03 INFO  BSP server: Caused by: java.io.IOException: CreateProcess error=2, The system cannot find the file specified
2026.07.02 01:27:03 INFO  BSP server: 	at com.oracle.svm.core.jni.functions.JNIFunctions$NewObjectWithObjectArrayArgFunctionPointer.invoke(JNIFunctions.java)
2026.07.02 01:27:03 INFO  BSP server: 	at com.oracle.svm.core.jni.functions.JNIFunctions.ThrowNew(JNIFunctions.java:889)
2026.07.02 01:27:03 INFO  BSP server: 	at java.base@17.0.9/java.lang.ProcessImpl.create(Native Method)
2026.07.02 01:27:03 INFO  BSP server: 	at java.base@17.0.9/java.lang.ProcessImpl.<init>(ProcessImpl.java:499)
2026.07.02 01:27:03 INFO  BSP server: 	at java.base@17.0.9/java.lang.ProcessImpl.start(ProcessImpl.java:158)
2026.07.02 01:27:03 INFO  BSP server: 	at java.base@17.0.9/java.lang.ProcessBuilder.start(ProcessBuilder.java:1110)
2026.07.02 01:27:03 INFO  BSP server: 	... 6 more
2026.07.02 01:27:03 INFO  BSP server: Error: java.io.IOException: Cannot run program "C:\Program Files\Java\jdk-25\bin\java.exe" (in directory "C:\Users\rahul\OneDrive\Documents\GitHub\My_Python-codes"): CreateProcess error=2, The system cannot find the file specified
2026.07.02 01:27:03 INFO  BSP server: For more details, please see 'C:\Users\rahul\OneDrive\Documents\GitHub\My_Python-codes\.scala-build\stacktraces\1782935823-15781114352348344543.log'
2026.07.02 01:27:03 INFO  BSP server: Exception in thread "subprocess-shutdown-hook" java.io.IOException: Cannot run program "C:\Program Files\Java\jdk-25\bin\java.exe" (in directory "C:\Users\rahul\OneDrive\Documents\GitHub\My_Python-codes"): CreateProcess error=2, The system cannot find the file specified
2026.07.02 01:27:03 INFO  BSP server: 	at java.base@17.0.9/java.lang.ProcessBuilder.start(ProcessBuilder.java:1143)
2026.07.02 01:27:03 INFO  BSP server: 	at java.base@17.0.9/java.lang.ProcessBuilder.start(ProcessBuilder.java:1073)
2026.07.02 01:27:03 INFO  BSP server: 	at os.proc.proc$lzyINIT1$1(ProcessOps.scala:345)
2026.07.02 01:27:03 INFO  BSP server: 	at os.proc.os$proc$$_$proc$1(ProcessOps.scala:351)
2026.07.02 01:27:03 INFO  BSP server: 	at os.proc$$anon$1.run(ProcessOps.scala:329)
2026.07.02 01:27:03 INFO  BSP server: 	at com.oracle.svm.core.thread.PlatformThreads.threadStartRoutine(PlatformThreads.java:807)
2026.07.02 01:27:03 INFO  BSP server: 	at com.oracle.svm.core.windows.WindowsPlatformThreads.osThreadStartRoutine(WindowsPlatformThreads.java:179)
2026.07.02 01:27:03 INFO  BSP server: Caused by: java.io.IOException: CreateProcess error=2, The system cannot find the file specified
2026.07.02 01:27:03 INFO  BSP server: 	at com.oracle.svm.core.jni.functions.JNIFunctions$NewObjectWithObjectArrayArgFunctionPointer.invoke(JNIFunctions.java)
2026.07.02 01:27:03 INFO  BSP server: 	at com.oracle.svm.core.jni.functions.JNIFunctions.ThrowNew(JNIFunctions.java:889)
2026.07.02 01:27:03 INFO  BSP server: 	at java.base@17.0.9/java.lang.ProcessImpl.create(Native Method)
2026.07.02 01:27:03 INFO  BSP server: 	at java.base@17.0.9/java.lang.ProcessImpl.<init>(ProcessImpl.java:499)
2026.07.02 01:27:03 INFO  BSP server: 	at java.base@17.0.9/java.lang.ProcessImpl.start(ProcessImpl.java:158)
2026.07.02 01:27:03 INFO  BSP server: 	at java.base@17.0.9/java.lang.ProcessBuilder.start(ProcessBuilder.java:1110)
2026.07.02 01:27:03 INFO  BSP server: 	... 6 more
2026.07.02 01:28:03 ERROR Timeout waiting for 'build/initialize' response
2026.07.02 01:28:03 WARN  Retrying connection to the build server scala-cli
2026.07.02 01:28:03 INFO  Running BSP server List(C:\Users\rahul\AppData\Local\Coursier\data\bin\.scala-cli.aux.exe, bsp, --json-options, C:\Users\rahul\OneDrive\Documents\GitHub\My_Python-codes\.scala-build\ide-options-v2.json, --json-launcher-options, C:\Users\rahul\OneDrive\Documents\GitHub\My_Python-codes\.scala-build\ide-launcher-options.json, --envs-file, C:\Users\rahul\OneDrive\Documents\GitHub\My_Python-codes\.scala-build\ide-envs.json, C:\Users\rahul\OneDrive\Documents\GitHub\My_Python-codes)
2026.07.02 01:28:03 INFO  tracing is disabled for protocol BSP, to enable tracing of incoming and outgoing JSON messages create an empty file at C:\Users\rahul\Github\My_Python-codes\.metals\bsp.trace.json or C:\Users\rahul\AppData\Local\scalameta\metals\cache\bsp.trace.json
2026.07.02 01:28:03 INFO  BSP server: Exception in thread "subprocess-shutdown-hook-monitor" java.io.IOException: Cannot run program "C:\Program Files\Java\jdk-25\bin\java.exe" (in directory "C:\Users\rahul\OneDrive\Documents\GitHub\My_Python-codes"): CreateProcess error=2, The system cannot find the file specified
2026.07.02 01:28:03 INFO  BSP server: 	at java.base@17.0.9/java.lang.ProcessBuilder.start(ProcessBuilder.java:1143)
2026.07.02 01:28:03 INFO  BSP server: 	at java.base@17.0.9/java.lang.ProcessBuilder.start(ProcessBuilder.java:1073)
2026.07.02 01:28:03 INFO  BSP server: 	at os.proc.proc$lzyINIT1$1(ProcessOps.scala:345)
2026.07.02 01:28:03 INFO  BSP server: 	at os.proc.os$proc$$_$proc$1(ProcessOps.scala:351)
2026.07.02 01:28:03 INFO  BSP server: 	at os.proc$$anon$2.run(ProcessOps.scala:335)
2026.07.02 01:28:03 INFO  BSP server: 	at com.oracle.svm.core.thread.PlatformThreads.threadStartRoutine(PlatformThreads.java:807)
2026.07.02 01:28:03 INFO  BSP server: 	at com.oracle.svm.core.windows.WindowsPlatformThreads.osThreadStartRoutine(WindowsPlatformThreads.java:179)
2026.07.02 01:28:03 INFO  BSP server: Caused by: java.io.IOException: CreateProcess error=2, The system cannot find the file specified
2026.07.02 01:28:03 INFO  BSP server: 	at com.oracle.svm.core.jni.functions.JNIFunctions$NewObjectWithObjectArrayArgFunctionPointer.invoke(JNIFunctions.java)
2026.07.02 01:28:03 INFO  BSP server: 	at com.oracle.svm.core.jni.functions.JNIFunctions.ThrowNew(JNIFunctions.java:889)
2026.07.02 01:28:03 INFO  BSP server: 	at java.base@17.0.9/java.lang.ProcessImpl.create(Native Method)
2026.07.02 01:28:03 INFO  BSP server: 	at java.base@17.0.9/java.lang.ProcessImpl.<init>(ProcessImpl.java:499)
2026.07.02 01:28:03 INFO  BSP server: 	at java.base@17.0.9/java.lang.ProcessImpl.start(ProcessImpl.java:158)
2026.07.02 01:28:03 INFO  BSP server: 	at java.base@17.0.9/java.lang.ProcessBuilder.start(ProcessBuilder.java:1110)
2026.07.02 01:28:03 INFO  BSP server: 	... 6 more
2026.07.02 01:28:03 INFO  BSP server: Error: java.io.IOException: Cannot run program "C:\Program Files\Java\jdk-25\bin\java.exe" (in directory "C:\Users\rahul\OneDrive\Documents\GitHub\My_Python-codes"): CreateProcess error=2, The system cannot find the file specified
2026.07.02 01:28:03 INFO  BSP server: For more details, please see 'C:\Users\rahul\OneDrive\Documents\GitHub\My_Python-codes\.scala-build\stacktraces\1782935883-4391631266333786897.log'
2026.07.02 01:28:03 INFO  BSP server: Exception in thread "subprocess-shutdown-hook" java.io.IOException: Cannot run program "C:\Program Files\Java\jdk-25\bin\java.exe" (in directory "C:\Users\rahul\OneDrive\Documents\GitHub\My_Python-codes"): CreateProcess error=2, The system cannot find the file specified
2026.07.02 01:28:03 INFO  BSP server: 	at java.base@17.0.9/java.lang.ProcessBuilder.start(ProcessBuilder.java:1143)
2026.07.02 01:28:03 INFO  BSP server: 	at java.base@17.0.9/java.lang.ProcessBuilder.start(ProcessBuilder.java:1073)
2026.07.02 01:28:03 INFO  BSP server: 	at os.proc.proc$lzyINIT1$1(ProcessOps.scala:345)
2026.07.02 01:28:03 INFO  BSP server: 	at os.proc.os$proc$$_$proc$1(ProcessOps.scala:351)
2026.07.02 01:28:03 INFO  BSP server: 	at os.proc$$anon$1.run(ProcessOps.scala:329)
2026.07.02 01:28:03 INFO  BSP server: 	at com.oracle.svm.core.thread.PlatformThreads.threadStartRoutine(PlatformThreads.java:807)
2026.07.02 01:28:03 INFO  BSP server: 	at com.oracle.svm.core.windows.WindowsPlatformThreads.osThreadStartRoutine(WindowsPlatformThreads.java:179)
2026.07.02 01:28:03 INFO  BSP server: Caused by: java.io.IOException: CreateProcess error=2, The system cannot find the file specified
2026.07.02 01:28:03 INFO  BSP server: 	at com.oracle.svm.core.jni.functions.JNIFunctions$NewObjectWithObjectArrayArgFunctionPointer.invoke(JNIFunctions.java)
2026.07.02 01:28:03 INFO  BSP server: 	at com.oracle.svm.core.jni.functions.JNIFunctions.ThrowNew(JNIFunctions.java:889)
2026.07.02 01:28:03 INFO  BSP server: 	at java.base@17.0.9/java.lang.ProcessImpl.create(Native Method)
2026.07.02 01:28:03 INFO  BSP server: 	at java.base@17.0.9/java.lang.ProcessImpl.<init>(ProcessImpl.java:499)
2026.07.02 01:28:03 INFO  BSP server: 	at java.base@17.0.9/java.lang.ProcessImpl.start(ProcessImpl.java:158)
2026.07.02 01:28:03 INFO  BSP server: 	at java.base@17.0.9/java.lang.ProcessBuilder.start(ProcessBuilder.java:1110)
2026.07.02 01:28:03 INFO  BSP server: 	... 6 more
2026.07.02 01:29:03 ERROR Timeout waiting for 'build/initialize' response
2026.07.02 01:29:03 ERROR Failed to connect with build server, no functionality will work.
java.util.concurrent.TimeoutException
	at java.util.concurrent.CompletableFuture.timedGet(CompletableFuture.java:1960)
	at java.util.concurrent.CompletableFuture.get(CompletableFuture.java:2095)
	at scala.meta.internal.metals.BuildServerConnection$.initialize(BuildServerConnection.scala:806)
	at scala.meta.internal.metals.BuildServerConnection$.$anonfun$fromSockets$1(BuildServerConnection.scala:658)
	at scala.concurrent.impl.Promise$Transformation.run(Promise.scala:500)
	at java.util.concurrent.ThreadPoolExecutor.runWorker(ThreadPoolExecutor.java:1136)
	at java.util.concurrent.ThreadPoolExecutor$Worker.run(ThreadPoolExecutor.java:635)
	at java.lang.Thread.run(Thread.java:842)

2026.07.02 01:29:03 INFO  no build target found for C:\Users\rahul\Github\My_Python-codes\Scala codes\Control.scala. Using presentation compiler with project's scala-library version: 3.3.7
2026.07.02 01:29:03 WARN  no build target for: C:\Users\rahul\Github\My_Python-codes\helloworld.java
2026.07.02 01:29:03 WARN  no build target for: C:\Users\rahul\Github\My_Python-codes\Scala codes\Control.scala
2026.07.02 01:29:24 INFO  no build target found for C:\Users\rahul\Github\My_Python-codes\Scala codes\Control.scala. Using presentation compiler with project's scala-library version: 3.3.7
2026.07.02 01:29:35 INFO  no build target found for C:\Users\rahul\Github\My_Python-codes\Scala codes\Control.scala. Using presentation compiler with project's scala-library version: 3.3.7
2026.07.02 01:32:52 INFO  Shutting down server
2026.07.02 01:32:52 INFO  Memory monitor stopped
2026.07.02 01:32:52 INFO  shutting down Metals
2026.07.02 01:32:52 INFO  Exiting server
2026.07.02 02:51:50 INFO  Started: Metals version 1.6.7 in folders 'C:\Users\rahul\Github\My_Python-codes' for client Visual Studio Code 1.127.0.
2026.07.02 02:51:50 INFO  time: initialize in 0.13s
2026.07.02 02:51:50 INFO  Memory monitor started
2026.07.02 02:51:57 WARN  Using H2 2.4.240 which is newer than the version Flyway has been verified with. The latest verified version of H2 is 2.3.232.
2026.07.02 02:51:59 INFO  Attempting to connect to the build server...
2026.07.02 02:51:59 INFO  no build target found for C:\Users\rahul\Github\My_Python-codes\Scala codes\Control.scala. Using presentation compiler with project's scala-library version: 3.3.7
2026.07.02 02:51:59 INFO  Running BSP server List(C:\Users\rahul\AppData\Local\Coursier\data\bin\.scala-cli.aux.exe, bsp, --json-options, C:\Users\rahul\OneDrive\Documents\GitHub\My_Python-codes\.scala-build\ide-options-v2.json, --json-launcher-options, C:\Users\rahul\OneDrive\Documents\GitHub\My_Python-codes\.scala-build\ide-launcher-options.json, --envs-file, C:\Users\rahul\OneDrive\Documents\GitHub\My_Python-codes\.scala-build\ide-envs.json, C:\Users\rahul\OneDrive\Documents\GitHub\My_Python-codes)
2026.07.02 02:52:00 INFO  tracing is disabled for protocol BSP, to enable tracing of incoming and outgoing JSON messages create an empty file at C:\Users\rahul\Github\My_Python-codes\.metals\bsp.trace.json or C:\Users\rahul\AppData\Local\scalameta\metals\cache\bsp.trace.json
2026.07.02 02:52:01 INFO  BSP server: Exception in thread "subprocess-shutdown-hook-monitor" java.io.IOException: Cannot run program "C:\Program Files\Java\jdk-25\bin\java.exe" (in directory "C:\Users\rahul\OneDrive\Documents\GitHub\My_Python-codes"): CreateProcess error=2, The system cannot find the file specified
2026.07.02 02:52:01 INFO  BSP server: 	at java.base@17.0.9/java.lang.ProcessBuilder.start(ProcessBuilder.java:1143)
2026.07.02 02:52:01 INFO  BSP server: 	at java.base@17.0.9/java.lang.ProcessBuilder.start(ProcessBuilder.java:1073)
2026.07.02 02:52:01 INFO  BSP server: 	at os.proc.proc$lzyINIT1$1(ProcessOps.scala:345)
2026.07.02 02:52:01 INFO  BSP server: 	at os.proc.os$proc$$_$proc$1(ProcessOps.scala:351)
2026.07.02 02:52:01 INFO  BSP server: 	at os.proc$$anon$2.run(ProcessOps.scala:335)
2026.07.02 02:52:01 INFO  BSP server: 	at com.oracle.svm.core.thread.PlatformThreads.threadStartRoutine(PlatformThreads.java:807)
2026.07.02 02:52:01 INFO  BSP server: 	at com.oracle.svm.core.windows.WindowsPlatformThreads.osThreadStartRoutine(WindowsPlatformThreads.java:179)
2026.07.02 02:52:01 INFO  BSP server: Caused by: java.io.IOException: CreateProcess error=2, The system cannot find the file specified
2026.07.02 02:52:01 INFO  BSP server: 	at com.oracle.svm.core.jni.functions.JNIFunctions$NewObjectWithObjectArrayArgFunctionPointer.invoke(JNIFunctions.java)
2026.07.02 02:52:01 INFO  BSP server: 	at com.oracle.svm.core.jni.functions.JNIFunctions.ThrowNew(JNIFunctions.java:889)
2026.07.02 02:52:01 INFO  BSP server: 	at java.base@17.0.9/java.lang.ProcessImpl.create(Native Method)
2026.07.02 02:52:01 INFO  BSP server: 	at java.base@17.0.9/java.lang.ProcessImpl.<init>(ProcessImpl.java:499)
2026.07.02 02:52:01 INFO  BSP server: 	at java.base@17.0.9/java.lang.ProcessImpl.start(ProcessImpl.java:158)
2026.07.02 02:52:01 INFO  BSP server: 	at java.base@17.0.9/java.lang.ProcessBuilder.start(ProcessBuilder.java:1110)
2026.07.02 02:52:01 INFO  BSP server: 	... 6 more
2026.07.02 02:52:01 INFO  BSP server: Error: java.io.IOException: Cannot run program "C:\Program Files\Java\jdk-25\bin\java.exe" (in directory "C:\Users\rahul\OneDrive\Documents\GitHub\My_Python-codes"): CreateProcess error=2, The system cannot find the file specified
2026.07.02 02:52:01 INFO  BSP server: For more details, please see 'C:\Users\rahul\OneDrive\Documents\GitHub\My_Python-codes\.scala-build\stacktraces\1782940921-6029073475115906498.log'
2026.07.02 02:52:02 INFO  BSP server: Exception in thread "subprocess-shutdown-hook" java.io.IOException: Cannot run program "C:\Program Files\Java\jdk-25\bin\java.exe" (in directory "C:\Users\rahul\OneDrive\Documents\GitHub\My_Python-codes"): CreateProcess error=2, The system cannot find the file specified
2026.07.02 02:52:02 INFO  BSP server: 	at java.base@17.0.9/java.lang.ProcessBuilder.start(ProcessBuilder.java:1143)
2026.07.02 02:52:02 INFO  BSP server: 	at java.base@17.0.9/java.lang.ProcessBuilder.start(ProcessBuilder.java:1073)
2026.07.02 02:52:02 INFO  BSP server: 	at os.proc.proc$lzyINIT1$1(ProcessOps.scala:345)
2026.07.02 02:52:02 INFO  BSP server: 	at os.proc.os$proc$$_$proc$1(ProcessOps.scala:351)
2026.07.02 02:52:02 INFO  BSP server: 	at os.proc$$anon$1.run(ProcessOps.scala:329)
2026.07.02 02:52:02 INFO  BSP server: 	at com.oracle.svm.core.thread.PlatformThreads.threadStartRoutine(PlatformThreads.java:807)
2026.07.02 02:52:02 INFO  BSP server: 	at com.oracle.svm.core.windows.WindowsPlatformThreads.osThreadStartRoutine(WindowsPlatformThreads.java:179)
2026.07.02 02:52:02 INFO  BSP server: Caused by: java.io.IOException: CreateProcess error=2, The system cannot find the file specified
2026.07.02 02:52:02 INFO  BSP server: 	at com.oracle.svm.core.jni.functions.JNIFunctions$NewObjectWithObjectArrayArgFunctionPointer.invoke(JNIFunctions.java)
2026.07.02 02:52:02 INFO  BSP server: 	at com.oracle.svm.core.jni.functions.JNIFunctions.ThrowNew(JNIFunctions.java:889)
2026.07.02 02:52:02 INFO  BSP server: 	at java.base@17.0.9/java.lang.ProcessImpl.create(Native Method)
2026.07.02 02:52:02 INFO  BSP server: 	at java.base@17.0.9/java.lang.ProcessImpl.<init>(ProcessImpl.java:499)
2026.07.02 02:52:02 INFO  BSP server: 	at java.base@17.0.9/java.lang.ProcessImpl.start(ProcessImpl.java:158)
2026.07.02 02:52:02 INFO  BSP server: 	at java.base@17.0.9/java.lang.ProcessBuilder.start(ProcessBuilder.java:1110)
2026.07.02 02:52:02 INFO  BSP server: 	... 6 more
2026.07.02 02:52:04 INFO  no build target found for C:\Users\rahul\Github\My_Python-codes\Scala codes\Control.scala. Using presentation compiler with project's scala-library version: 3.3.7
Jul 02, 2026 2:52:04 AM org.eclipse.lsp4j.jsonrpc.services.GenericEndpoint notify
INFO: Unsupported notification method: $/setTrace
2026.07.02 02:52:14 INFO  no build target found for C:\Users\rahul\Github\My_Python-codes\Scala codes\Control.scala. Using presentation compiler with project's scala-library version: 3.3.7
2026.07.02 02:52:17 INFO  no build target found for C:\Users\rahul\Github\My_Python-codes\Scala codes\Control.scala. Using presentation compiler with project's scala-library version: 3.3.7
2026.07.02 12:24:07 ERROR Timeout waiting for 'build/initialize' response
2026.07.02 12:24:07 WARN  Retrying connection to the build server scala-cli
2026.07.02 12:24:07 INFO  Running BSP server List(C:\Users\rahul\AppData\Local\Coursier\data\bin\.scala-cli.aux.exe, bsp, --json-options, C:\Users\rahul\OneDrive\Documents\GitHub\My_Python-codes\.scala-build\ide-options-v2.json, --json-launcher-options, C:\Users\rahul\OneDrive\Documents\GitHub\My_Python-codes\.scala-build\ide-launcher-options.json, --envs-file, C:\Users\rahul\OneDrive\Documents\GitHub\My_Python-codes\.scala-build\ide-envs.json, C:\Users\rahul\OneDrive\Documents\GitHub\My_Python-codes)
2026.07.02 12:24:07 INFO  tracing is disabled for protocol BSP, to enable tracing of incoming and outgoing JSON messages create an empty file at C:\Users\rahul\Github\My_Python-codes\.metals\bsp.trace.json or C:\Users\rahul\AppData\Local\scalameta\metals\cache\bsp.trace.json
2026.07.02 12:24:15 INFO  BSP server: Exception in thread "subprocess-shutdown-hook-monitor" java.io.IOException: Cannot run program "C:\Program Files\Java\jdk-25\bin\java.exe" (in directory "C:\Users\rahul\OneDrive\Documents\GitHub\My_Python-codes"): CreateProcess error=2, The system cannot find the file specified
2026.07.02 12:24:15 INFO  BSP server: 	at java.base@17.0.9/java.lang.ProcessBuilder.start(ProcessBuilder.java:1143)
2026.07.02 12:24:15 INFO  BSP server: 	at java.base@17.0.9/java.lang.ProcessBuilder.start(ProcessBuilder.java:1073)
2026.07.02 12:24:15 INFO  BSP server: 	at os.proc.proc$lzyINIT1$1(ProcessOps.scala:345)
2026.07.02 12:24:15 INFO  BSP server: 	at os.proc.os$proc$$_$proc$1(ProcessOps.scala:351)
2026.07.02 12:24:15 INFO  BSP server: 	at os.proc$$anon$2.run(ProcessOps.scala:335)
2026.07.02 12:24:15 INFO  BSP server: 	at com.oracle.svm.core.thread.PlatformThreads.threadStartRoutine(PlatformThreads.java:807)
2026.07.02 12:24:15 INFO  BSP server: 	at com.oracle.svm.core.windows.WindowsPlatformThreads.osThreadStartRoutine(WindowsPlatformThreads.java:179)
2026.07.02 12:24:15 INFO  BSP server: Caused by: java.io.IOException: CreateProcess error=2, The system cannot find the file specified
2026.07.02 12:24:15 INFO  BSP server: 	at com.oracle.svm.core.jni.functions.JNIFunctions$NewObjectWithObjectArrayArgFunctionPointer.invoke(JNIFunctions.java)
2026.07.02 12:24:15 INFO  BSP server: 	at com.oracle.svm.core.jni.functions.JNIFunctions.ThrowNew(JNIFunctions.java:889)
2026.07.02 12:24:15 INFO  BSP server: 	at java.base@17.0.9/java.lang.ProcessImpl.create(Native Method)
2026.07.02 12:24:15 INFO  BSP server: 	at java.base@17.0.9/java.lang.ProcessImpl.<init>(ProcessImpl.java:499)
2026.07.02 12:24:15 INFO  BSP server: 	at java.base@17.0.9/java.lang.ProcessImpl.start(ProcessImpl.java:158)
2026.07.02 12:24:15 INFO  BSP server: 	at java.base@17.0.9/java.lang.ProcessBuilder.start(ProcessBuilder.java:1110)
2026.07.02 12:24:15 INFO  BSP server: 	... 6 more
2026.07.02 12:24:18 INFO  BSP server: Error: java.io.IOException: Cannot run program "C:\Program Files\Java\jdk-25\bin\java.exe" (in directory "C:\Users\rahul\OneDrive\Documents\GitHub\My_Python-codes"): CreateProcess error=2, The system cannot find the file specified
2026.07.02 12:24:18 INFO  BSP server: For more details, please see 'C:\Users\rahul\OneDrive\Documents\GitHub\My_Python-codes\.scala-build\stacktraces\1782975254-10084620779564958886.log'
2026.07.02 12:24:18 INFO  BSP server: Exception in thread "subprocess-shutdown-hook" java.io.IOException: Cannot run program "C:\Program Files\Java\jdk-25\bin\java.exe" (in directory "C:\Users\rahul\OneDrive\Documents\GitHub\My_Python-codes"): CreateProcess error=2, The system cannot find the file specified
2026.07.02 12:24:18 INFO  BSP server: 	at java.base@17.0.9/java.lang.ProcessBuilder.start(ProcessBuilder.java:1143)
2026.07.02 12:24:18 INFO  BSP server: 	at java.base@17.0.9/java.lang.ProcessBuilder.start(ProcessBuilder.java:1073)
2026.07.02 12:24:18 INFO  BSP server: 	at os.proc.proc$lzyINIT1$1(ProcessOps.scala:345)
2026.07.02 12:24:18 INFO  BSP server: 	at os.proc.os$proc$$_$proc$1(ProcessOps.scala:351)
2026.07.02 12:24:18 INFO  BSP server: 	at os.proc$$anon$1.run(ProcessOps.scala:329)
2026.07.02 12:24:18 INFO  BSP server: 	at com.oracle.svm.core.thread.PlatformThreads.threadStartRoutine(PlatformThreads.java:807)
2026.07.02 12:24:18 INFO  BSP server: 	at com.oracle.svm.core.windows.WindowsPlatformThreads.osThreadStartRoutine(WindowsPlatformThreads.java:179)
2026.07.02 12:24:18 INFO  BSP server: Caused by: java.io.IOException: CreateProcess error=2, The system cannot find the file specified
2026.07.02 12:24:18 INFO  BSP server: 	at com.oracle.svm.core.jni.functions.JNIFunctions$NewObjectWithObjectArrayArgFunctionPointer.invoke(JNIFunctions.java)
2026.07.02 12:24:18 INFO  BSP server: 	at com.oracle.svm.core.jni.functions.JNIFunctions.ThrowNew(JNIFunctions.java:889)
2026.07.02 12:24:18 INFO  BSP server: 	at java.base@17.0.9/java.lang.ProcessImpl.create(Native Method)
2026.07.02 12:24:18 INFO  BSP server: 	at java.base@17.0.9/java.lang.ProcessImpl.<init>(ProcessImpl.java:499)
2026.07.02 12:24:18 INFO  BSP server: 	at java.base@17.0.9/java.lang.ProcessImpl.start(ProcessImpl.java:158)
2026.07.02 12:24:18 INFO  BSP server: 	at java.base@17.0.9/java.lang.ProcessBuilder.start(ProcessBuilder.java:1110)
2026.07.02 12:24:18 INFO  BSP server: 	... 6 more
2026.07.02 12:25:07 ERROR Timeout waiting for 'build/initialize' response
2026.07.02 12:25:07 WARN  Retrying connection to the build server scala-cli
2026.07.02 12:25:07 INFO  Running BSP server List(C:\Users\rahul\AppData\Local\Coursier\data\bin\.scala-cli.aux.exe, bsp, --json-options, C:\Users\rahul\OneDrive\Documents\GitHub\My_Python-codes\.scala-build\ide-options-v2.json, --json-launcher-options, C:\Users\rahul\OneDrive\Documents\GitHub\My_Python-codes\.scala-build\ide-launcher-options.json, --envs-file, C:\Users\rahul\OneDrive\Documents\GitHub\My_Python-codes\.scala-build\ide-envs.json, C:\Users\rahul\OneDrive\Documents\GitHub\My_Python-codes)
2026.07.02 12:25:07 INFO  tracing is disabled for protocol BSP, to enable tracing of incoming and outgoing JSON messages create an empty file at C:\Users\rahul\Github\My_Python-codes\.metals\bsp.trace.json or C:\Users\rahul\AppData\Local\scalameta\metals\cache\bsp.trace.json
2026.07.02 12:25:07 INFO  BSP server: Exception in thread "subprocess-shutdown-hook-monitor" java.io.IOException: Cannot run program "C:\Program Files\Java\jdk-25\bin\java.exe" (in directory "C:\Users\rahul\OneDrive\Documents\GitHub\My_Python-codes"): CreateProcess error=2, The system cannot find the file specified
2026.07.02 12:25:07 INFO  BSP server: 	at java.base@17.0.9/java.lang.ProcessBuilder.start(ProcessBuilder.java:1143)
2026.07.02 12:25:07 INFO  BSP server: 	at java.base@17.0.9/java.lang.ProcessBuilder.start(ProcessBuilder.java:1073)
2026.07.02 12:25:07 INFO  BSP server: 	at os.proc.proc$lzyINIT1$1(ProcessOps.scala:345)
2026.07.02 12:25:07 INFO  BSP server: 	at os.proc.os$proc$$_$proc$1(ProcessOps.scala:351)
2026.07.02 12:25:07 INFO  BSP server: 	at os.proc$$anon$2.run(ProcessOps.scala:335)
2026.07.02 12:25:07 INFO  BSP server: 	at com.oracle.svm.core.thread.PlatformThreads.threadStartRoutine(PlatformThreads.java:807)
2026.07.02 12:25:07 INFO  BSP server: 	at com.oracle.svm.core.windows.WindowsPlatformThreads.osThreadStartRoutine(WindowsPlatformThreads.java:179)
2026.07.02 12:25:07 INFO  BSP server: Caused by: java.io.IOException: CreateProcess error=2, The system cannot find the file specified
2026.07.02 12:25:07 INFO  BSP server: 	at com.oracle.svm.core.jni.functions.JNIFunctions$NewObjectWithObjectArrayArgFunctionPointer.invoke(JNIFunctions.java)
2026.07.02 12:25:07 INFO  BSP server: 	at com.oracle.svm.core.jni.functions.JNIFunctions.ThrowNew(JNIFunctions.java:889)
2026.07.02 12:25:07 INFO  BSP server: 	at java.base@17.0.9/java.lang.ProcessImpl.create(Native Method)
2026.07.02 12:25:07 INFO  BSP server: 	at java.base@17.0.9/java.lang.ProcessImpl.<init>(ProcessImpl.java:499)
2026.07.02 12:25:07 INFO  BSP server: 	at java.base@17.0.9/java.lang.ProcessImpl.start(ProcessImpl.java:158)
2026.07.02 12:25:07 INFO  BSP server: 	at java.base@17.0.9/java.lang.ProcessBuilder.start(ProcessBuilder.java:1110)
2026.07.02 12:25:07 INFO  BSP server: 	... 6 more
2026.07.02 12:25:07 INFO  BSP server: Error: java.io.IOException: Cannot run program "C:\Program Files\Java\jdk-25\bin\java.exe" (in directory "C:\Users\rahul\OneDrive\Documents\GitHub\My_Python-codes"): CreateProcess error=2, The system cannot find the file specified
2026.07.02 12:25:07 INFO  BSP server: For more details, please see 'C:\Users\rahul\OneDrive\Documents\GitHub\My_Python-codes\.scala-build\stacktraces\1782975307-8787019501218277663.log'
2026.07.02 12:25:07 INFO  BSP server: Exception in thread "subprocess-shutdown-hook" java.io.IOException: Cannot run program "C:\Program Files\Java\jdk-25\bin\java.exe" (in directory "C:\Users\rahul\OneDrive\Documents\GitHub\My_Python-codes"): CreateProcess error=2, The system cannot find the file specified
2026.07.02 12:25:07 INFO  BSP server: 	at java.base@17.0.9/java.lang.ProcessBuilder.start(ProcessBuilder.java:1143)
2026.07.02 12:25:07 INFO  BSP server: 	at java.base@17.0.9/java.lang.ProcessBuilder.start(ProcessBuilder.java:1073)
2026.07.02 12:25:07 INFO  BSP server: 	at os.proc.proc$lzyINIT1$1(ProcessOps.scala:345)
2026.07.02 12:25:07 INFO  BSP server: 	at os.proc.os$proc$$_$proc$1(ProcessOps.scala:351)
2026.07.02 12:25:07 INFO  BSP server: 	at os.proc$$anon$1.run(ProcessOps.scala:329)
2026.07.02 12:25:07 INFO  BSP server: 	at com.oracle.svm.core.thread.PlatformThreads.threadStartRoutine(PlatformThreads.java:807)
2026.07.02 12:25:07 INFO  BSP server: 	at com.oracle.svm.core.windows.WindowsPlatformThreads.osThreadStartRoutine(WindowsPlatformThreads.java:179)
2026.07.02 12:25:07 INFO  BSP server: Caused by: java.io.IOException: CreateProcess error=2, The system cannot find the file specified
2026.07.02 12:25:07 INFO  BSP server: 	at com.oracle.svm.core.jni.functions.JNIFunctions$NewObjectWithObjectArrayArgFunctionPointer.invoke(JNIFunctions.java)
2026.07.02 12:25:07 INFO  BSP server: 	at com.oracle.svm.core.jni.functions.JNIFunctions.ThrowNew(JNIFunctions.java:889)
2026.07.02 12:25:07 INFO  BSP server: 	at java.base@17.0.9/java.lang.ProcessImpl.create(Native Method)
2026.07.02 12:25:07 INFO  BSP server: 	at java.base@17.0.9/java.lang.ProcessImpl.<init>(ProcessImpl.java:499)
2026.07.02 12:25:07 INFO  BSP server: 	at java.base@17.0.9/java.lang.ProcessImpl.start(ProcessImpl.java:158)
2026.07.02 12:25:07 INFO  BSP server: 	at java.base@17.0.9/java.lang.ProcessBuilder.start(ProcessBuilder.java:1110)
2026.07.02 12:25:07 INFO  BSP server: 	... 6 more
2026.07.02 12:26:07 ERROR Timeout waiting for 'build/initialize' response
2026.07.02 12:26:07 WARN  Retrying connection to the build server scala-cli
2026.07.02 12:26:07 INFO  Running BSP server List(C:\Users\rahul\AppData\Local\Coursier\data\bin\.scala-cli.aux.exe, bsp, --json-options, C:\Users\rahul\OneDrive\Documents\GitHub\My_Python-codes\.scala-build\ide-options-v2.json, --json-launcher-options, C:\Users\rahul\OneDrive\Documents\GitHub\My_Python-codes\.scala-build\ide-launcher-options.json, --envs-file, C:\Users\rahul\OneDrive\Documents\GitHub\My_Python-codes\.scala-build\ide-envs.json, C:\Users\rahul\OneDrive\Documents\GitHub\My_Python-codes)
2026.07.02 12:26:07 INFO  tracing is disabled for protocol BSP, to enable tracing of incoming and outgoing JSON messages create an empty file at C:\Users\rahul\Github\My_Python-codes\.metals\bsp.trace.json or C:\Users\rahul\AppData\Local\scalameta\metals\cache\bsp.trace.json
2026.07.02 12:26:08 INFO  BSP server: Exception in thread "subprocess-shutdown-hook-monitor" java.io.IOException: Cannot run program "C:\Program Files\Java\jdk-25\bin\java.exe" (in directory "C:\Users\rahul\OneDrive\Documents\GitHub\My_Python-codes"): CreateProcess error=2, The system cannot find the file specified
2026.07.02 12:26:08 INFO  BSP server: 	at java.base@17.0.9/java.lang.ProcessBuilder.start(ProcessBuilder.java:1143)
2026.07.02 12:26:08 INFO  BSP server: 	at java.base@17.0.9/java.lang.ProcessBuilder.start(ProcessBuilder.java:1073)
2026.07.02 12:26:08 INFO  BSP server: 	at os.proc.proc$lzyINIT1$1(ProcessOps.scala:345)
2026.07.02 12:26:08 INFO  BSP server: 	at os.proc.os$proc$$_$proc$1(ProcessOps.scala:351)
2026.07.02 12:26:08 INFO  BSP server: 	at os.proc$$anon$2.run(ProcessOps.scala:335)
2026.07.02 12:26:08 INFO  BSP server: 	at com.oracle.svm.core.thread.PlatformThreads.threadStartRoutine(PlatformThreads.java:807)
2026.07.02 12:26:08 INFO  BSP server: 	at com.oracle.svm.core.windows.WindowsPlatformThreads.osThreadStartRoutine(WindowsPlatformThreads.java:179)
2026.07.02 12:26:08 INFO  BSP server: Caused by: java.io.IOException: CreateProcess error=2, The system cannot find the file specified
2026.07.02 12:26:08 INFO  BSP server: 	at com.oracle.svm.core.jni.functions.JNIFunctions$NewObjectWithObjectArrayArgFunctionPointer.invoke(JNIFunctions.java)
2026.07.02 12:26:08 INFO  BSP server: 	at com.oracle.svm.core.jni.functions.JNIFunctions.ThrowNew(JNIFunctions.java:889)
2026.07.02 12:26:08 INFO  BSP server: 	at java.base@17.0.9/java.lang.ProcessImpl.create(Native Method)
2026.07.02 12:26:08 INFO  BSP server: 	at java.base@17.0.9/java.lang.ProcessImpl.<init>(ProcessImpl.java:499)
2026.07.02 12:26:08 INFO  BSP server: 	at java.base@17.0.9/java.lang.ProcessImpl.start(ProcessImpl.java:158)
2026.07.02 12:26:08 INFO  BSP server: 	at java.base@17.0.9/java.lang.ProcessBuilder.start(ProcessBuilder.java:1110)
2026.07.02 12:26:08 INFO  BSP server: 	... 6 more
2026.07.02 12:26:09 INFO  BSP server: Error: java.io.IOException: Cannot run program "C:\Program Files\Java\jdk-25\bin\java.exe" (in directory "C:\Users\rahul\OneDrive\Documents\GitHub\My_Python-codes"): CreateProcess error=2, The system cannot find the file specified
2026.07.02 12:26:09 INFO  BSP server: For more details, please see 'C:\Users\rahul\OneDrive\Documents\GitHub\My_Python-codes\.scala-build\stacktraces\1782975368-2430731053677818888.log'
2026.07.02 12:26:09 INFO  BSP server: Exception in thread "subprocess-shutdown-hook" java.io.IOException: Cannot run program "C:\Program Files\Java\jdk-25\bin\java.exe" (in directory "C:\Users\rahul\OneDrive\Documents\GitHub\My_Python-codes"): CreateProcess error=2, The system cannot find the file specified
2026.07.02 12:26:09 INFO  BSP server: 	at java.base@17.0.9/java.lang.ProcessBuilder.start(ProcessBuilder.java:1143)
2026.07.02 12:26:09 INFO  BSP server: 	at java.base@17.0.9/java.lang.ProcessBuilder.start(ProcessBuilder.java:1073)
2026.07.02 12:26:09 INFO  BSP server: 	at os.proc.proc$lzyINIT1$1(ProcessOps.scala:345)
2026.07.02 12:26:09 INFO  BSP server: 	at os.proc.os$proc$$_$proc$1(ProcessOps.scala:351)
2026.07.02 12:26:09 INFO  BSP server: 	at os.proc$$anon$1.run(ProcessOps.scala:329)
2026.07.02 12:26:09 INFO  BSP server: 	at com.oracle.svm.core.thread.PlatformThreads.threadStartRoutine(PlatformThreads.java:807)
2026.07.02 12:26:09 INFO  BSP server: 	at com.oracle.svm.core.windows.WindowsPlatformThreads.osThreadStartRoutine(WindowsPlatformThreads.java:179)
2026.07.02 12:26:09 INFO  BSP server: Caused by: java.io.IOException: CreateProcess error=2, The system cannot find the file specified
2026.07.02 12:26:09 INFO  BSP server: 	at com.oracle.svm.core.jni.functions.JNIFunctions$NewObjectWithObjectArrayArgFunctionPointer.invoke(JNIFunctions.java)
2026.07.02 12:26:09 INFO  BSP server: 	at com.oracle.svm.core.jni.functions.JNIFunctions.ThrowNew(JNIFunctions.java:889)
2026.07.02 12:26:09 INFO  BSP server: 	at java.base@17.0.9/java.lang.ProcessImpl.create(Native Method)
2026.07.02 12:26:09 INFO  BSP server: 	at java.base@17.0.9/java.lang.ProcessImpl.<init>(ProcessImpl.java:499)
2026.07.02 12:26:09 INFO  BSP server: 	at java.base@17.0.9/java.lang.ProcessImpl.start(ProcessImpl.java:158)
2026.07.02 12:26:09 INFO  BSP server: 	at java.base@17.0.9/java.lang.ProcessBuilder.start(ProcessBuilder.java:1110)
2026.07.02 12:26:09 INFO  BSP server: 	... 6 more
2026.07.02 12:27:07 ERROR Timeout waiting for 'build/initialize' response
2026.07.02 12:27:07 WARN  Retrying connection to the build server scala-cli
2026.07.02 12:27:07 INFO  Running BSP server List(C:\Users\rahul\AppData\Local\Coursier\data\bin\.scala-cli.aux.exe, bsp, --json-options, C:\Users\rahul\OneDrive\Documents\GitHub\My_Python-codes\.scala-build\ide-options-v2.json, --json-launcher-options, C:\Users\rahul\OneDrive\Documents\GitHub\My_Python-codes\.scala-build\ide-launcher-options.json, --envs-file, C:\Users\rahul\OneDrive\Documents\GitHub\My_Python-codes\.scala-build\ide-envs.json, C:\Users\rahul\OneDrive\Documents\GitHub\My_Python-codes)
2026.07.02 12:27:07 INFO  tracing is disabled for protocol BSP, to enable tracing of incoming and outgoing JSON messages create an empty file at C:\Users\rahul\Github\My_Python-codes\.metals\bsp.trace.json or C:\Users\rahul\AppData\Local\scalameta\metals\cache\bsp.trace.json
2026.07.02 12:27:09 INFO  BSP server: Exception in thread "subprocess-shutdown-hook-monitor" java.io.IOException: Cannot run program "C:\Program Files\Java\jdk-25\bin\java.exe" (in directory "C:\Users\rahul\OneDrive\Documents\GitHub\My_Python-codes"): CreateProcess error=2, The system cannot find the file specified
2026.07.02 12:27:09 INFO  BSP server: 	at java.base@17.0.9/java.lang.ProcessBuilder.start(ProcessBuilder.java:1143)
2026.07.02 12:27:09 INFO  BSP server: 	at java.base@17.0.9/java.lang.ProcessBuilder.start(ProcessBuilder.java:1073)
2026.07.02 12:27:09 INFO  BSP server: 	at os.proc.proc$lzyINIT1$1(ProcessOps.scala:345)
2026.07.02 12:27:09 INFO  BSP server: 	at os.proc.os$proc$$_$proc$1(ProcessOps.scala:351)
2026.07.02 12:27:09 INFO  BSP server: 	at os.proc$$anon$2.run(ProcessOps.scala:335)
2026.07.02 12:27:09 INFO  BSP server: 	at com.oracle.svm.core.thread.PlatformThreads.threadStartRoutine(PlatformThreads.java:807)
2026.07.02 12:27:09 INFO  BSP server: 	at com.oracle.svm.core.windows.WindowsPlatformThreads.osThreadStartRoutine(WindowsPlatformThreads.java:179)
2026.07.02 12:27:09 INFO  BSP server: Caused by: java.io.IOException: CreateProcess error=2, The system cannot find the file specified
2026.07.02 12:27:09 INFO  BSP server: 	at com.oracle.svm.core.jni.functions.JNIFunctions$NewObjectWithObjectArrayArgFunctionPointer.invoke(JNIFunctions.java)
2026.07.02 12:27:09 INFO  BSP server: 	at com.oracle.svm.core.jni.functions.JNIFunctions.ThrowNew(JNIFunctions.java:889)
2026.07.02 12:27:09 INFO  BSP server: 	at java.base@17.0.9/java.lang.ProcessImpl.create(Native Method)
2026.07.02 12:27:09 INFO  BSP server: 	at java.base@17.0.9/java.lang.ProcessImpl.<init>(ProcessImpl.java:499)
2026.07.02 12:27:09 INFO  BSP server: 	at java.base@17.0.9/java.lang.ProcessImpl.start(ProcessImpl.java:158)
2026.07.02 12:27:09 INFO  BSP server: 	at java.base@17.0.9/java.lang.ProcessBuilder.start(ProcessBuilder.java:1110)
2026.07.02 12:27:09 INFO  BSP server: 	... 6 more
2026.07.02 12:27:09 INFO  BSP server: Error: java.io.IOException: Cannot run program "C:\Program Files\Java\jdk-25\bin\java.exe" (in directory "C:\Users\rahul\OneDrive\Documents\GitHub\My_Python-codes"): CreateProcess error=2, The system cannot find the file specified
2026.07.02 12:27:09 INFO  BSP server: For more details, please see 'C:\Users\rahul\OneDrive\Documents\GitHub\My_Python-codes\.scala-build\stacktraces\1782975429-17720859115701311554.log'
2026.07.02 12:27:09 INFO  BSP server: Exception in thread "subprocess-shutdown-hook" java.io.IOException: Cannot run program "C:\Program Files\Java\jdk-25\bin\java.exe" (in directory "C:\Users\rahul\OneDrive\Documents\GitHub\My_Python-codes"): CreateProcess error=2, The system cannot find the file specified
2026.07.02 12:27:09 INFO  BSP server: 	at java.base@17.0.9/java.lang.ProcessBuilder.start(ProcessBuilder.java:1143)
2026.07.02 12:27:09 INFO  BSP server: 	at java.base@17.0.9/java.lang.ProcessBuilder.start(ProcessBuilder.java:1073)
2026.07.02 12:27:09 INFO  BSP server: 	at os.proc.proc$lzyINIT1$1(ProcessOps.scala:345)
2026.07.02 12:27:09 INFO  BSP server: 	at os.proc.os$proc$$_$proc$1(ProcessOps.scala:351)
2026.07.02 12:27:09 INFO  BSP server: 	at os.proc$$anon$1.run(ProcessOps.scala:329)
2026.07.02 12:27:09 INFO  BSP server: 	at com.oracle.svm.core.thread.PlatformThreads.threadStartRoutine(PlatformThreads.java:807)
2026.07.02 12:27:09 INFO  BSP server: 	at com.oracle.svm.core.windows.WindowsPlatformThreads.osThreadStartRoutine(WindowsPlatformThreads.java:179)
2026.07.02 12:27:09 INFO  BSP server: Caused by: java.io.IOException: CreateProcess error=2, The system cannot find the file specified
2026.07.02 12:27:09 INFO  BSP server: 	at com.oracle.svm.core.jni.functions.JNIFunctions$NewObjectWithObjectArrayArgFunctionPointer.invoke(JNIFunctions.java)
2026.07.02 12:27:09 INFO  BSP server: 	at com.oracle.svm.core.jni.functions.JNIFunctions.ThrowNew(JNIFunctions.java:889)
2026.07.02 12:27:09 INFO  BSP server: 	at java.base@17.0.9/java.lang.ProcessImpl.create(Native Method)
2026.07.02 12:27:09 INFO  BSP server: 	at java.base@17.0.9/java.lang.ProcessImpl.<init>(ProcessImpl.java:499)
2026.07.02 12:27:09 INFO  BSP server: 	at java.base@17.0.9/java.lang.ProcessImpl.start(ProcessImpl.java:158)
2026.07.02 12:27:09 INFO  BSP server: 	at java.base@17.0.9/java.lang.ProcessBuilder.start(ProcessBuilder.java:1110)
2026.07.02 12:27:09 INFO  BSP server: 	... 6 more
2026.07.02 12:28:07 ERROR Timeout waiting for 'build/initialize' response
2026.07.02 12:28:07 WARN  Retrying connection to the build server scala-cli
2026.07.02 12:28:07 INFO  Running BSP server List(C:\Users\rahul\AppData\Local\Coursier\data\bin\.scala-cli.aux.exe, bsp, --json-options, C:\Users\rahul\OneDrive\Documents\GitHub\My_Python-codes\.scala-build\ide-options-v2.json, --json-launcher-options, C:\Users\rahul\OneDrive\Documents\GitHub\My_Python-codes\.scala-build\ide-launcher-options.json, --envs-file, C:\Users\rahul\OneDrive\Documents\GitHub\My_Python-codes\.scala-build\ide-envs.json, C:\Users\rahul\OneDrive\Documents\GitHub\My_Python-codes)
2026.07.02 12:28:07 INFO  tracing is disabled for protocol BSP, to enable tracing of incoming and outgoing JSON messages create an empty file at C:\Users\rahul\Github\My_Python-codes\.metals\bsp.trace.json or C:\Users\rahul\AppData\Local\scalameta\metals\cache\bsp.trace.json
2026.07.02 12:28:08 INFO  BSP server: Exception in thread "subprocess-shutdown-hook-monitor" java.io.IOException: Cannot run program "C:\Program Files\Java\jdk-25\bin\java.exe" (in directory "C:\Users\rahul\OneDrive\Documents\GitHub\My_Python-codes"): CreateProcess error=2, The system cannot find the file specified
2026.07.02 12:28:08 INFO  BSP server: 	at java.base@17.0.9/java.lang.ProcessBuilder.start(ProcessBuilder.java:1143)
2026.07.02 12:28:08 INFO  BSP server: 	at java.base@17.0.9/java.lang.ProcessBuilder.start(ProcessBuilder.java:1073)
2026.07.02 12:28:08 INFO  BSP server: 	at os.proc.proc$lzyINIT1$1(ProcessOps.scala:345)
2026.07.02 12:28:08 INFO  BSP server: 	at os.proc.os$proc$$_$proc$1(ProcessOps.scala:351)
2026.07.02 12:28:08 INFO  BSP server: 	at os.proc$$anon$2.run(ProcessOps.scala:335)
2026.07.02 12:28:08 INFO  BSP server: 	at com.oracle.svm.core.thread.PlatformThreads.threadStartRoutine(PlatformThreads.java:807)
2026.07.02 12:28:08 INFO  BSP server: 	at com.oracle.svm.core.windows.WindowsPlatformThreads.osThreadStartRoutine(WindowsPlatformThreads.java:179)
2026.07.02 12:28:08 INFO  BSP server: Caused by: java.io.IOException: CreateProcess error=2, The system cannot find the file specified
2026.07.02 12:28:08 INFO  BSP server: 	at com.oracle.svm.core.jni.functions.JNIFunctions$NewObjectWithObjectArrayArgFunctionPointer.invoke(JNIFunctions.java)
2026.07.02 12:28:08 INFO  BSP server: 	at com.oracle.svm.core.jni.functions.JNIFunctions.ThrowNew(JNIFunctions.java:889)
2026.07.02 12:28:08 INFO  BSP server: 	at java.base@17.0.9/java.lang.ProcessImpl.create(Native Method)
2026.07.02 12:28:08 INFO  BSP server: 	at java.base@17.0.9/java.lang.ProcessImpl.<init>(ProcessImpl.java:499)
2026.07.02 12:28:08 INFO  BSP server: 	at java.base@17.0.9/java.lang.ProcessImpl.start(ProcessImpl.java:158)
2026.07.02 12:28:08 INFO  BSP server: 	at java.base@17.0.9/java.lang.ProcessBuilder.start(ProcessBuilder.java:1110)
2026.07.02 12:28:08 INFO  BSP server: 	... 6 more
2026.07.02 12:28:08 INFO  BSP server: Error: java.io.IOException: Cannot run program "C:\Program Files\Java\jdk-25\bin\java.exe" (in directory "C:\Users\rahul\OneDrive\Documents\GitHub\My_Python-codes"): CreateProcess error=2, The system cannot find the file specified
2026.07.02 12:28:08 INFO  BSP server: For more details, please see 'C:\Users\rahul\OneDrive\Documents\GitHub\My_Python-codes\.scala-build\stacktraces\1782975488-15789802115233876995.log'
2026.07.02 12:28:08 INFO  BSP server: Exception in thread "subprocess-shutdown-hook" java.io.IOException: Cannot run program "C:\Program Files\Java\jdk-25\bin\java.exe" (in directory "C:\Users\rahul\OneDrive\Documents\GitHub\My_Python-codes"): CreateProcess error=2, The system cannot find the file specified
2026.07.02 12:28:08 INFO  BSP server: 	at java.base@17.0.9/java.lang.ProcessBuilder.start(ProcessBuilder.java:1143)
2026.07.02 12:28:08 INFO  BSP server: 	at java.base@17.0.9/java.lang.ProcessBuilder.start(ProcessBuilder.java:1073)
2026.07.02 12:28:08 INFO  BSP server: 	at os.proc.proc$lzyINIT1$1(ProcessOps.scala:345)
2026.07.02 12:28:08 INFO  BSP server: 	at os.proc.os$proc$$_$proc$1(ProcessOps.scala:351)
2026.07.02 12:28:08 INFO  BSP server: 	at os.proc$$anon$1.run(ProcessOps.scala:329)
2026.07.02 12:28:08 INFO  BSP server: 	at com.oracle.svm.core.thread.PlatformThreads.threadStartRoutine(PlatformThreads.java:807)
2026.07.02 12:28:08 INFO  BSP server: 	at com.oracle.svm.core.windows.WindowsPlatformThreads.osThreadStartRoutine(WindowsPlatformThreads.java:179)
2026.07.02 12:28:08 INFO  BSP server: Caused by: java.io.IOException: CreateProcess error=2, The system cannot find the file specified
2026.07.02 12:28:08 INFO  BSP server: 	at com.oracle.svm.core.jni.functions.JNIFunctions$NewObjectWithObjectArrayArgFunctionPointer.invoke(JNIFunctions.java)
2026.07.02 12:28:08 INFO  BSP server: 	at com.oracle.svm.core.jni.functions.JNIFunctions.ThrowNew(JNIFunctions.java:889)
2026.07.02 12:28:08 INFO  BSP server: 	at java.base@17.0.9/java.lang.ProcessImpl.create(Native Method)
2026.07.02 12:28:08 INFO  BSP server: 	at java.base@17.0.9/java.lang.ProcessImpl.<init>(ProcessImpl.java:499)
2026.07.02 12:28:08 INFO  BSP server: 	at java.base@17.0.9/java.lang.ProcessImpl.start(ProcessImpl.java:158)
2026.07.02 12:28:08 INFO  BSP server: 	at java.base@17.0.9/java.lang.ProcessBuilder.start(ProcessBuilder.java:1110)
2026.07.02 12:28:08 INFO  BSP server: 	... 6 more
2026.07.02 12:29:07 ERROR Timeout waiting for 'build/initialize' response
2026.07.02 12:29:07 ERROR Failed to connect with build server, no functionality will work.
java.util.concurrent.TimeoutException
	at java.util.concurrent.CompletableFuture.timedGet(CompletableFuture.java:1960)
	at java.util.concurrent.CompletableFuture.get(CompletableFuture.java:2095)
	at scala.meta.internal.metals.BuildServerConnection$.initialize(BuildServerConnection.scala:806)
	at scala.meta.internal.metals.BuildServerConnection$.$anonfun$fromSockets$1(BuildServerConnection.scala:658)
	at scala.concurrent.impl.Promise$Transformation.run(Promise.scala:500)
	at java.util.concurrent.ThreadPoolExecutor.runWorker(ThreadPoolExecutor.java:1136)
	at java.util.concurrent.ThreadPoolExecutor$Worker.run(ThreadPoolExecutor.java:635)
	at java.lang.Thread.run(Thread.java:842)

2026.07.02 12:29:07 INFO  no build target found for C:\Users\rahul\Github\My_Python-codes\Scala codes\Control.scala. Using presentation compiler with project's scala-library version: 3.3.7
2026.07.02 12:29:07 WARN  no build target for: C:\Users\rahul\Github\My_Python-codes\Scala codes\Control.scala
2026.07.02 12:29:10 INFO  time: code lens generation in 2.63s
Jul 03, 2026 1:32:44 AM org.eclipse.lsp4j.jsonrpc.services.GenericEndpoint notify
INFO: Unsupported notification method: $/setTrace
Jul 03, 2026 1:32:44 AM org.eclipse.lsp4j.jsonrpc.services.GenericEndpoint notify
INFO: Unsupported notification method: $/setTrace
2026.07.03 01:32:46 INFO  no build target found for C:\Users\rahul\Github\My_Python-codes\Scala codes\Control.scala. Using presentation compiler with project's scala-library version: 3.3.7
2026.07.03 01:32:46 INFO  no build target found for C:\Users\rahul\Github\My_Python-codes\Scala codes\Control.scala. Using presentation compiler with project's scala-library version: 3.3.7
2026.07.03 01:32:54 INFO  no build target found for C:\Users\rahul\Github\My_Python-codes\Scala codes\Control.scala. Using presentation compiler with project's scala-library version: 3.3.7
2026.07.03 01:32:54 INFO  no build target found for C:\Users\rahul\Github\My_Python-codes\Scala codes\Control.scala. Using presentation compiler with project's scala-library version: 3.3.7
2026.07.03 01:32:59 INFO  no build target found for C:\Users\rahul\Github\My_Python-codes\Scala codes\Control.scala. Using presentation compiler with project's scala-library version: 3.3.7
2026.07.03 01:33:04 INFO  no build target found for C:\Users\rahul\Github\My_Python-codes\Scala codes\Control.scala. Using presentation compiler with project's scala-library version: 3.3.7
2026.07.03 01:33:04 INFO  no build target found for C:\Users\rahul\Github\My_Python-codes\Scala codes\Control.scala. Using presentation compiler with project's scala-library version: 3.3.7
2026.07.03 01:33:04 INFO  no build target found for C:\Users\rahul\Github\My_Python-codes\Scala codes\Control.scala. Using presentation compiler with project's scala-library version: 3.3.7
2026.07.03 01:33:15 INFO  no build target found for C:\Users\rahul\Github\My_Python-codes\Scala codes\Control.scala. Using presentation compiler with project's scala-library version: 3.3.7
2026.07.03 01:33:17 INFO  no build target found for C:\Users\rahul\Github\My_Python-codes\Scala codes\Control.scala. Using presentation compiler with project's scala-library version: 3.3.7
2026.07.03 01:33:17 INFO  no build target found for C:\Users\rahul\Github\My_Python-codes\Scala codes\Control.scala. Using presentation compiler with project's scala-library version: 3.3.7
2026.07.03 01:33:17 INFO  no build target found for C:\Users\rahul\Github\My_Python-codes\Scala codes\Control.scala. Using presentation compiler with project's scala-library version: 3.3.7
2026.07.03 01:33:17 INFO  no build target found for C:\Users\rahul\Github\My_Python-codes\Scala codes\Control.scala. Using presentation compiler with project's scala-library version: 3.3.7
2026.07.03 01:33:19 INFO  no build target found for C:\Users\rahul\Github\My_Python-codes\Scala codes\Control.scala. Using presentation compiler with project's scala-library version: 3.3.7
2026.07.03 01:33:19 INFO  no build target found for C:\Users\rahul\Github\My_Python-codes\Scala codes\Control.scala. Using presentation compiler with project's scala-library version: 3.3.7
2026.07.03 01:33:24 INFO  no build target found for C:\Users\rahul\Github\My_Python-codes\Scala codes\Control.scala. Using presentation compiler with project's scala-library version: 3.3.7
2026.07.03 01:33:24 INFO  no build target found for C:\Users\rahul\Github\My_Python-codes\Scala codes\Control.scala. Using presentation compiler with project's scala-library version: 3.3.7
Jul 03, 2026 1:33:28 AM org.eclipse.lsp4j.jsonrpc.services.GenericEndpoint notify
INFO: Unsupported notification method: $/setTrace
2026.07.03 01:33:36 INFO  no build target found for C:\Users\rahul\Github\My_Python-codes\Scala codes\Control.scala. Using presentation compiler with project's scala-library version: 3.3.7
2026.07.09 07:06:37 INFO  Started: Metals version 1.6.7 in folders 'C:\Users\rahul\Github\My_Python-codes' for client Visual Studio Code 1.127.0.
2026.07.09 07:06:37 INFO  Memory monitor started
2026.07.09 07:06:42 WARN  Using H2 2.4.240 which is newer than the version Flyway has been verified with. The latest verified version of H2 is 2.3.232.
2026.07.09 07:06:42 INFO  no build target found for C:\Users\rahul\Github\My_Python-codes\Scala codes\Control.scala. Using presentation compiler with project's scala-library version: 3.3.7
2026.07.09 07:06:48 INFO  Attempting to connect to the build server...
2026.07.09 07:06:48 INFO  Running BSP server List(C:\Users\rahul\AppData\Local\Coursier\data\bin\.scala-cli.aux.exe, bsp, --json-options, C:\Users\rahul\OneDrive\Documents\GitHub\My_Python-codes\.scala-build\ide-options-v2.json, --json-launcher-options, C:\Users\rahul\OneDrive\Documents\GitHub\My_Python-codes\.scala-build\ide-launcher-options.json, --envs-file, C:\Users\rahul\OneDrive\Documents\GitHub\My_Python-codes\.scala-build\ide-envs.json, C:\Users\rahul\OneDrive\Documents\GitHub\My_Python-codes)
2026.07.09 07:07:08 INFO  tracing is disabled for protocol BSP, to enable tracing of incoming and outgoing JSON messages create an empty file at C:\Users\rahul\Github\My_Python-codes\.metals\bsp.trace.json or C:\Users\rahul\AppData\Local\scalameta\metals\cache\bsp.trace.json
2026.07.09 07:07:10 INFO  BSP server: Exception in thread "subprocess-shutdown-hook-monitor" java.io.IOException: Cannot run program "C:\Program Files\Java\jdk-25\bin\java.exe" (in directory "C:\Users\rahul\OneDrive\Documents\GitHub\My_Python-codes"): CreateProcess error=2, The system cannot find the file specified
2026.07.09 07:07:10 INFO  BSP server: 	at java.base@17.0.9/java.lang.ProcessBuilder.start(ProcessBuilder.java:1143)
2026.07.09 07:07:10 INFO  BSP server: 	at java.base@17.0.9/java.lang.ProcessBuilder.start(ProcessBuilder.java:1073)
2026.07.09 07:07:10 INFO  BSP server: 	at os.proc.proc$lzyINIT1$1(ProcessOps.scala:345)
2026.07.09 07:07:10 INFO  BSP server: 	at os.proc.os$proc$$_$proc$1(ProcessOps.scala:351)
2026.07.09 07:07:10 INFO  BSP server: 	at os.proc$$anon$2.run(ProcessOps.scala:335)
2026.07.09 07:07:10 INFO  BSP server: 	at com.oracle.svm.core.thread.PlatformThreads.threadStartRoutine(PlatformThreads.java:807)
2026.07.09 07:07:10 INFO  BSP server: 	at com.oracle.svm.core.windows.WindowsPlatformThreads.osThreadStartRoutine(WindowsPlatformThreads.java:179)
2026.07.09 07:07:10 INFO  BSP server: Caused by: java.io.IOException: CreateProcess error=2, The system cannot find the file specified
2026.07.09 07:07:10 INFO  BSP server: 	at com.oracle.svm.core.jni.functions.JNIFunctions$NewObjectWithObjectArrayArgFunctionPointer.invoke(JNIFunctions.java)
2026.07.09 07:07:10 INFO  BSP server: 	at com.oracle.svm.core.jni.functions.JNIFunctions.ThrowNew(JNIFunctions.java:889)
2026.07.09 07:07:10 INFO  BSP server: 	at java.base@17.0.9/java.lang.ProcessImpl.create(Native Method)
2026.07.09 07:07:10 INFO  BSP server: 	at java.base@17.0.9/java.lang.ProcessImpl.<init>(ProcessImpl.java:499)
2026.07.09 07:07:10 INFO  BSP server: 	at java.base@17.0.9/java.lang.ProcessImpl.start(ProcessImpl.java:158)
2026.07.09 07:07:10 INFO  BSP server: 	at java.base@17.0.9/java.lang.ProcessBuilder.start(ProcessBuilder.java:1110)
2026.07.09 07:07:10 INFO  BSP server: 	... 6 more
2026.07.09 07:07:10 INFO  BSP server: Error: java.io.IOException: Cannot run program "C:\Program Files\Java\jdk-25\bin\java.exe" (in directory "C:\Users\rahul\OneDrive\Documents\GitHub\My_Python-codes"): CreateProcess error=2, The system cannot find the file specified
2026.07.09 07:07:10 INFO  BSP server: For more details, please see 'C:\Users\rahul\OneDrive\Documents\GitHub\My_Python-codes\.scala-build\stacktraces\1783561030-7045449748647721820.log'
2026.07.09 07:07:10 INFO  BSP server: Exception in thread "subprocess-shutdown-hook" java.io.IOException: Cannot run program "C:\Program Files\Java\jdk-25\bin\java.exe" (in directory "C:\Users\rahul\OneDrive\Documents\GitHub\My_Python-codes"): CreateProcess error=2, The system cannot find the file specified
2026.07.09 07:07:10 INFO  BSP server: 	at java.base@17.0.9/java.lang.ProcessBuilder.start(ProcessBuilder.java:1143)
2026.07.09 07:07:10 INFO  BSP server: 	at java.base@17.0.9/java.lang.ProcessBuilder.start(ProcessBuilder.java:1073)
2026.07.09 07:07:10 INFO  BSP server: 	at os.proc.proc$lzyINIT1$1(ProcessOps.scala:345)
2026.07.09 07:07:10 INFO  BSP server: 	at os.proc.os$proc$$_$proc$1(ProcessOps.scala:351)
2026.07.09 07:07:10 INFO  BSP server: 	at os.proc$$anon$1.run(ProcessOps.scala:329)
2026.07.09 07:07:10 INFO  BSP server: 	at com.oracle.svm.core.thread.PlatformThreads.threadStartRoutine(PlatformThreads.java:807)
2026.07.09 07:07:10 INFO  BSP server: 	at com.oracle.svm.core.windows.WindowsPlatformThreads.osThreadStartRoutine(WindowsPlatformThreads.java:179)
2026.07.09 07:07:10 INFO  BSP server: Caused by: java.io.IOException: CreateProcess error=2, The system cannot find the file specified
2026.07.09 07:07:10 INFO  BSP server: 	at com.oracle.svm.core.jni.functions.JNIFunctions$NewObjectWithObjectArrayArgFunctionPointer.invoke(JNIFunctions.java)
2026.07.09 07:07:10 INFO  BSP server: 	at com.oracle.svm.core.jni.functions.JNIFunctions.ThrowNew(JNIFunctions.java:889)
2026.07.09 07:07:10 INFO  BSP server: 	at java.base@17.0.9/java.lang.ProcessImpl.create(Native Method)
2026.07.09 07:07:10 INFO  BSP server: 	at java.base@17.0.9/java.lang.ProcessImpl.<init>(ProcessImpl.java:499)
2026.07.09 07:07:10 INFO  BSP server: 	at java.base@17.0.9/java.lang.ProcessImpl.start(ProcessImpl.java:158)
2026.07.09 07:07:10 INFO  BSP server: 	at java.base@17.0.9/java.lang.ProcessBuilder.start(ProcessBuilder.java:1110)
2026.07.09 07:07:10 INFO  BSP server: 	... 6 more
2026.07.09 07:07:35 INFO  no build target found for C:\Users\rahul\Github\My_Python-codes\Scala codes\Control.scala. Using presentation compiler with project's scala-library version: 3.3.7
2026.07.09 07:07:52 INFO  no build target found for C:\Users\rahul\Github\My_Python-codes\Scala codes\Control.scala. Using presentation compiler with project's scala-library version: 3.3.7
2026.07.09 07:07:53 INFO  no build target found for C:\Users\rahul\Github\My_Python-codes\Scala codes\Control.scala. Using presentation compiler with project's scala-library version: 3.3.7
2026.07.09 07:07:53 INFO  no build target found for C:\Users\rahul\Github\My_Python-codes\Scala codes\Control.scala. Using presentation compiler with project's scala-library version: 3.3.7
2026.07.09 07:08:08 ERROR Timeout waiting for 'build/initialize' response
2026.07.09 07:08:08 WARN  Retrying connection to the build server scala-cli
2026.07.09 07:08:08 INFO  Running BSP server List(C:\Users\rahul\AppData\Local\Coursier\data\bin\.scala-cli.aux.exe, bsp, --json-options, C:\Users\rahul\OneDrive\Documents\GitHub\My_Python-codes\.scala-build\ide-options-v2.json, --json-launcher-options, C:\Users\rahul\OneDrive\Documents\GitHub\My_Python-codes\.scala-build\ide-launcher-options.json, --envs-file, C:\Users\rahul\OneDrive\Documents\GitHub\My_Python-codes\.scala-build\ide-envs.json, C:\Users\rahul\OneDrive\Documents\GitHub\My_Python-codes)
2026.07.09 07:08:08 INFO  tracing is disabled for protocol BSP, to enable tracing of incoming and outgoing JSON messages create an empty file at C:\Users\rahul\Github\My_Python-codes\.metals\bsp.trace.json or C:\Users\rahul\AppData\Local\scalameta\metals\cache\bsp.trace.json
2026.07.09 07:08:08 INFO  BSP server: Exception in thread "subprocess-shutdown-hook-monitor" java.io.IOException: Cannot run program "C:\Program Files\Java\jdk-25\bin\java.exe" (in directory "C:\Users\rahul\OneDrive\Documents\GitHub\My_Python-codes"): CreateProcess error=2, The system cannot find the file specified
2026.07.09 07:08:08 INFO  BSP server: 	at java.base@17.0.9/java.lang.ProcessBuilder.start(ProcessBuilder.java:1143)
2026.07.09 07:08:08 INFO  BSP server: 	at java.base@17.0.9/java.lang.ProcessBuilder.start(ProcessBuilder.java:1073)
2026.07.09 07:08:08 INFO  BSP server: 	at os.proc.proc$lzyINIT1$1(ProcessOps.scala:345)
2026.07.09 07:08:08 INFO  BSP server: 	at os.proc.os$proc$$_$proc$1(ProcessOps.scala:351)
2026.07.09 07:08:08 INFO  BSP server: 	at os.proc$$anon$2.run(ProcessOps.scala:335)
2026.07.09 07:08:08 INFO  BSP server: 	at com.oracle.svm.core.thread.PlatformThreads.threadStartRoutine(PlatformThreads.java:807)
2026.07.09 07:08:08 INFO  BSP server: 	at com.oracle.svm.core.windows.WindowsPlatformThreads.osThreadStartRoutine(WindowsPlatformThreads.java:179)
2026.07.09 07:08:08 INFO  BSP server: Caused by: java.io.IOException: CreateProcess error=2, The system cannot find the file specified
2026.07.09 07:08:08 INFO  BSP server: 	at com.oracle.svm.core.jni.functions.JNIFunctions$NewObjectWithObjectArrayArgFunctionPointer.invoke(JNIFunctions.java)
2026.07.09 07:08:08 INFO  BSP server: 	at com.oracle.svm.core.jni.functions.JNIFunctions.ThrowNew(JNIFunctions.java:889)
2026.07.09 07:08:08 INFO  BSP server: 	at java.base@17.0.9/java.lang.ProcessImpl.create(Native Method)
2026.07.09 07:08:08 INFO  BSP server: 	at java.base@17.0.9/java.lang.ProcessImpl.<init>(ProcessImpl.java:499)
2026.07.09 07:08:08 INFO  BSP server: 	at java.base@17.0.9/java.lang.ProcessImpl.start(ProcessImpl.java:158)
2026.07.09 07:08:08 INFO  BSP server: 	at java.base@17.0.9/java.lang.ProcessBuilder.start(ProcessBuilder.java:1110)
2026.07.09 07:08:08 INFO  BSP server: 	... 6 more
2026.07.09 07:08:08 INFO  BSP server: Error: java.io.IOException: Cannot run program "C:\Program Files\Java\jdk-25\bin\java.exe" (in directory "C:\Users\rahul\OneDrive\Documents\GitHub\My_Python-codes"): CreateProcess error=2, The system cannot find the file specified
2026.07.09 07:08:08 INFO  BSP server: For more details, please see 'C:\Users\rahul\OneDrive\Documents\GitHub\My_Python-codes\.scala-build\stacktraces\1783561088-11711458668741707762.log'
2026.07.09 07:08:08 INFO  BSP server: Exception in thread "subprocess-shutdown-hook" java.io.IOException: Cannot run program "C:\Program Files\Java\jdk-25\bin\java.exe" (in directory "C:\Users\rahul\OneDrive\Documents\GitHub\My_Python-codes"): CreateProcess error=2, The system cannot find the file specified
2026.07.09 07:08:08 INFO  BSP server: 	at java.base@17.0.9/java.lang.ProcessBuilder.start(ProcessBuilder.java:1143)
2026.07.09 07:08:08 INFO  BSP server: 	at java.base@17.0.9/java.lang.ProcessBuilder.start(ProcessBuilder.java:1073)
2026.07.09 07:08:08 INFO  BSP server: 	at os.proc.proc$lzyINIT1$1(ProcessOps.scala:345)
2026.07.09 07:08:08 INFO  BSP server: 	at os.proc.os$proc$$_$proc$1(ProcessOps.scala:351)
2026.07.09 07:08:08 INFO  BSP server: 	at os.proc$$anon$1.run(ProcessOps.scala:329)
2026.07.09 07:08:08 INFO  BSP server: 	at com.oracle.svm.core.thread.PlatformThreads.threadStartRoutine(PlatformThreads.java:807)
2026.07.09 07:08:08 INFO  BSP server: 	at com.oracle.svm.core.windows.WindowsPlatformThreads.osThreadStartRoutine(WindowsPlatformThreads.java:179)
2026.07.09 07:08:08 INFO  BSP server: Caused by: java.io.IOException: CreateProcess error=2, The system cannot find the file specified
2026.07.09 07:08:08 INFO  BSP server: 	at com.oracle.svm.core.jni.functions.JNIFunctions$NewObjectWithObjectArrayArgFunctionPointer.invoke(JNIFunctions.java)
2026.07.09 07:08:08 INFO  BSP server: 	at com.oracle.svm.core.jni.functions.JNIFunctions.ThrowNew(JNIFunctions.java:889)
2026.07.09 07:08:08 INFO  BSP server: 	at java.base@17.0.9/java.lang.ProcessImpl.create(Native Method)
2026.07.09 07:08:08 INFO  BSP server: 	at java.base@17.0.9/java.lang.ProcessImpl.<init>(ProcessImpl.java:499)
2026.07.09 07:08:08 INFO  BSP server: 	at java.base@17.0.9/java.lang.ProcessImpl.start(ProcessImpl.java:158)
2026.07.09 07:08:08 INFO  BSP server: 	at java.base@17.0.9/java.lang.ProcessBuilder.start(ProcessBuilder.java:1110)
2026.07.09 07:08:08 INFO  BSP server: 	... 6 more
2026.07.09 07:09:08 ERROR Timeout waiting for 'build/initialize' response
2026.07.09 07:09:08 WARN  Retrying connection to the build server scala-cli
2026.07.09 07:09:08 INFO  Running BSP server List(C:\Users\rahul\AppData\Local\Coursier\data\bin\.scala-cli.aux.exe, bsp, --json-options, C:\Users\rahul\OneDrive\Documents\GitHub\My_Python-codes\.scala-build\ide-options-v2.json, --json-launcher-options, C:\Users\rahul\OneDrive\Documents\GitHub\My_Python-codes\.scala-build\ide-launcher-options.json, --envs-file, C:\Users\rahul\OneDrive\Documents\GitHub\My_Python-codes\.scala-build\ide-envs.json, C:\Users\rahul\OneDrive\Documents\GitHub\My_Python-codes)
2026.07.09 07:09:08 INFO  tracing is disabled for protocol BSP, to enable tracing of incoming and outgoing JSON messages create an empty file at C:\Users\rahul\Github\My_Python-codes\.metals\bsp.trace.json or C:\Users\rahul\AppData\Local\scalameta\metals\cache\bsp.trace.json
2026.07.09 07:09:08 INFO  BSP server: Exception in thread "subprocess-shutdown-hook-monitor" java.io.IOException: Cannot run program "C:\Program Files\Java\jdk-25\bin\java.exe" (in directory "C:\Users\rahul\OneDrive\Documents\GitHub\My_Python-codes"): CreateProcess error=2, The system cannot find the file specified
2026.07.09 07:09:08 INFO  BSP server: 	at java.base@17.0.9/java.lang.ProcessBuilder.start(ProcessBuilder.java:1143)
2026.07.09 07:09:08 INFO  BSP server: 	at java.base@17.0.9/java.lang.ProcessBuilder.start(ProcessBuilder.java:1073)
2026.07.09 07:09:08 INFO  BSP server: 	at os.proc.proc$lzyINIT1$1(ProcessOps.scala:345)
2026.07.09 07:09:08 INFO  BSP server: 	at os.proc.os$proc$$_$proc$1(ProcessOps.scala:351)
2026.07.09 07:09:08 INFO  BSP server: 	at os.proc$$anon$2.run(ProcessOps.scala:335)
2026.07.09 07:09:08 INFO  BSP server: 	at com.oracle.svm.core.thread.PlatformThreads.threadStartRoutine(PlatformThreads.java:807)
2026.07.09 07:09:08 INFO  BSP server: 	at com.oracle.svm.core.windows.WindowsPlatformThreads.osThreadStartRoutine(WindowsPlatformThreads.java:179)
2026.07.09 07:09:08 INFO  BSP server: Caused by: java.io.IOException: CreateProcess error=2, The system cannot find the file specified
2026.07.09 07:09:08 INFO  BSP server: 	at com.oracle.svm.core.jni.functions.JNIFunctions$NewObjectWithObjectArrayArgFunctionPointer.invoke(JNIFunctions.java)
2026.07.09 07:09:08 INFO  BSP server: 	at com.oracle.svm.core.jni.functions.JNIFunctions.ThrowNew(JNIFunctions.java:889)
2026.07.09 07:09:08 INFO  BSP server: 	at java.base@17.0.9/java.lang.ProcessImpl.create(Native Method)
2026.07.09 07:09:08 INFO  BSP server: 	at java.base@17.0.9/java.lang.ProcessImpl.<init>(ProcessImpl.java:499)
2026.07.09 07:09:08 INFO  BSP server: 	at java.base@17.0.9/java.lang.ProcessImpl.start(ProcessImpl.java:158)
2026.07.09 07:09:08 INFO  BSP server: 	at java.base@17.0.9/java.lang.ProcessBuilder.start(ProcessBuilder.java:1110)
2026.07.09 07:09:08 INFO  BSP server: 	... 6 more
2026.07.09 07:09:08 INFO  BSP server: Error: java.io.IOException: Cannot run program "C:\Program Files\Java\jdk-25\bin\java.exe" (in directory "C:\Users\rahul\OneDrive\Documents\GitHub\My_Python-codes"): CreateProcess error=2, The system cannot find the file specified
2026.07.09 07:09:08 INFO  BSP server: For more details, please see 'C:\Users\rahul\OneDrive\Documents\GitHub\My_Python-codes\.scala-build\stacktraces\1783561148-7890665547472341360.log'
2026.07.09 07:09:08 INFO  BSP server: Exception in thread "subprocess-shutdown-hook" java.io.IOException: Cannot run program "C:\Program Files\Java\jdk-25\bin\java.exe" (in directory "C:\Users\rahul\OneDrive\Documents\GitHub\My_Python-codes"): CreateProcess error=2, The system cannot find the file specified
2026.07.09 07:09:08 INFO  BSP server: 	at java.base@17.0.9/java.lang.ProcessBuilder.start(ProcessBuilder.java:1143)
2026.07.09 07:09:08 INFO  BSP server: 	at java.base@17.0.9/java.lang.ProcessBuilder.start(ProcessBuilder.java:1073)
2026.07.09 07:09:08 INFO  BSP server: 	at os.proc.proc$lzyINIT1$1(ProcessOps.scala:345)
2026.07.09 07:09:08 INFO  BSP server: 	at os.proc.os$proc$$_$proc$1(ProcessOps.scala:351)
2026.07.09 07:09:08 INFO  BSP server: 	at os.proc$$anon$1.run(ProcessOps.scala:329)
2026.07.09 07:09:08 INFO  BSP server: 	at com.oracle.svm.core.thread.PlatformThreads.threadStartRoutine(PlatformThreads.java:807)
2026.07.09 07:09:08 INFO  BSP server: 	at com.oracle.svm.core.windows.WindowsPlatformThreads.osThreadStartRoutine(WindowsPlatformThreads.java:179)
2026.07.09 07:09:08 INFO  BSP server: Caused by: java.io.IOException: CreateProcess error=2, The system cannot find the file specified
2026.07.09 07:09:08 INFO  BSP server: 	at com.oracle.svm.core.jni.functions.JNIFunctions$NewObjectWithObjectArrayArgFunctionPointer.invoke(JNIFunctions.java)
2026.07.09 07:09:08 INFO  BSP server: 	at com.oracle.svm.core.jni.functions.JNIFunctions.ThrowNew(JNIFunctions.java:889)
2026.07.09 07:09:08 INFO  BSP server: 	at java.base@17.0.9/java.lang.ProcessImpl.create(Native Method)
2026.07.09 07:09:08 INFO  BSP server: 	at java.base@17.0.9/java.lang.ProcessImpl.<init>(ProcessImpl.java:499)
2026.07.09 07:09:08 INFO  BSP server: 	at java.base@17.0.9/java.lang.ProcessImpl.start(ProcessImpl.java:158)
2026.07.09 07:09:08 INFO  BSP server: 	at java.base@17.0.9/java.lang.ProcessBuilder.start(ProcessBuilder.java:1110)
2026.07.09 07:09:08 INFO  BSP server: 	... 6 more
2026.07.09 07:09:45 INFO  no build target found for C:\Users\rahul\Github\My_Python-codes\Scala codes\Control.scala. Using presentation compiler with project's scala-library version: 3.3.7
2026.07.09 07:10:08 ERROR Timeout waiting for 'build/initialize' response
2026.07.09 07:10:08 WARN  Retrying connection to the build server scala-cli
2026.07.09 07:10:08 INFO  Running BSP server List(C:\Users\rahul\AppData\Local\Coursier\data\bin\.scala-cli.aux.exe, bsp, --json-options, C:\Users\rahul\OneDrive\Documents\GitHub\My_Python-codes\.scala-build\ide-options-v2.json, --json-launcher-options, C:\Users\rahul\OneDrive\Documents\GitHub\My_Python-codes\.scala-build\ide-launcher-options.json, --envs-file, C:\Users\rahul\OneDrive\Documents\GitHub\My_Python-codes\.scala-build\ide-envs.json, C:\Users\rahul\OneDrive\Documents\GitHub\My_Python-codes)
2026.07.09 07:10:08 INFO  tracing is disabled for protocol BSP, to enable tracing of incoming and outgoing JSON messages create an empty file at C:\Users\rahul\Github\My_Python-codes\.metals\bsp.trace.json or C:\Users\rahul\AppData\Local\scalameta\metals\cache\bsp.trace.json
2026.07.09 07:10:08 INFO  BSP server: Exception in thread "subprocess-shutdown-hook-monitor" java.io.IOException: Cannot run program "C:\Program Files\Java\jdk-25\bin\java.exe" (in directory "C:\Users\rahul\OneDrive\Documents\GitHub\My_Python-codes"): CreateProcess error=2, The system cannot find the file specified
2026.07.09 07:10:08 INFO  BSP server: 	at java.base@17.0.9/java.lang.ProcessBuilder.start(ProcessBuilder.java:1143)
2026.07.09 07:10:08 INFO  BSP server: 	at java.base@17.0.9/java.lang.ProcessBuilder.start(ProcessBuilder.java:1073)
2026.07.09 07:10:08 INFO  BSP server: 	at os.proc.proc$lzyINIT1$1(ProcessOps.scala:345)
2026.07.09 07:10:08 INFO  BSP server: 	at os.proc.os$proc$$_$proc$1(ProcessOps.scala:351)
2026.07.09 07:10:08 INFO  BSP server: 	at os.proc$$anon$2.run(ProcessOps.scala:335)
2026.07.09 07:10:08 INFO  BSP server: 	at com.oracle.svm.core.thread.PlatformThreads.threadStartRoutine(PlatformThreads.java:807)
2026.07.09 07:10:08 INFO  BSP server: 	at com.oracle.svm.core.windows.WindowsPlatformThreads.osThreadStartRoutine(WindowsPlatformThreads.java:179)
2026.07.09 07:10:08 INFO  BSP server: Caused by: java.io.IOException: CreateProcess error=2, The system cannot find the file specified
2026.07.09 07:10:08 INFO  BSP server: 	at com.oracle.svm.core.jni.functions.JNIFunctions$NewObjectWithObjectArrayArgFunctionPointer.invoke(JNIFunctions.java)
2026.07.09 07:10:08 INFO  BSP server: 	at com.oracle.svm.core.jni.functions.JNIFunctions.ThrowNew(JNIFunctions.java:889)
2026.07.09 07:10:08 INFO  BSP server: 	at java.base@17.0.9/java.lang.ProcessImpl.create(Native Method)
2026.07.09 07:10:08 INFO  BSP server: 	at java.base@17.0.9/java.lang.ProcessImpl.<init>(ProcessImpl.java:499)
2026.07.09 07:10:08 INFO  BSP server: 	at java.base@17.0.9/java.lang.ProcessImpl.start(ProcessImpl.java:158)
2026.07.09 07:10:08 INFO  BSP server: 	at java.base@17.0.9/java.lang.ProcessBuilder.start(ProcessBuilder.java:1110)
2026.07.09 07:10:08 INFO  BSP server: 	... 6 more
2026.07.09 07:10:08 INFO  BSP server: Error: java.io.IOException: Cannot run program "C:\Program Files\Java\jdk-25\bin\java.exe" (in directory "C:\Users\rahul\OneDrive\Documents\GitHub\My_Python-codes"): CreateProcess error=2, The system cannot find the file specified
2026.07.09 07:10:08 INFO  BSP server: For more details, please see 'C:\Users\rahul\OneDrive\Documents\GitHub\My_Python-codes\.scala-build\stacktraces\1783561208-3289538369552277802.log'
2026.07.09 07:10:08 INFO  BSP server: Exception in thread "subprocess-shutdown-hook" java.io.IOException: Cannot run program "C:\Program Files\Java\jdk-25\bin\java.exe" (in directory "C:\Users\rahul\OneDrive\Documents\GitHub\My_Python-codes"): CreateProcess error=2, The system cannot find the file specified
2026.07.09 07:10:08 INFO  BSP server: 	at java.base@17.0.9/java.lang.ProcessBuilder.start(ProcessBuilder.java:1143)
2026.07.09 07:10:08 INFO  BSP server: 	at java.base@17.0.9/java.lang.ProcessBuilder.start(ProcessBuilder.java:1073)
2026.07.09 07:10:08 INFO  BSP server: 	at os.proc.proc$lzyINIT1$1(ProcessOps.scala:345)
2026.07.09 07:10:08 INFO  BSP server: 	at os.proc.os$proc$$_$proc$1(ProcessOps.scala:351)
2026.07.09 07:10:08 INFO  BSP server: 	at os.proc$$anon$1.run(ProcessOps.scala:329)
2026.07.09 07:10:08 INFO  BSP server: 	at com.oracle.svm.core.thread.PlatformThreads.threadStartRoutine(PlatformThreads.java:807)
2026.07.09 07:10:08 INFO  BSP server: 	at com.oracle.svm.core.windows.WindowsPlatformThreads.osThreadStartRoutine(WindowsPlatformThreads.java:179)
2026.07.09 07:10:08 INFO  BSP server: Caused by: java.io.IOException: CreateProcess error=2, The system cannot find the file specified
2026.07.09 07:10:08 INFO  BSP server: 	at com.oracle.svm.core.jni.functions.JNIFunctions$NewObjectWithObjectArrayArgFunctionPointer.invoke(JNIFunctions.java)
2026.07.09 07:10:08 INFO  BSP server: 	at com.oracle.svm.core.jni.functions.JNIFunctions.ThrowNew(JNIFunctions.java:889)
2026.07.09 07:10:08 INFO  BSP server: 	at java.base@17.0.9/java.lang.ProcessImpl.create(Native Method)
2026.07.09 07:10:08 INFO  BSP server: 	at java.base@17.0.9/java.lang.ProcessImpl.<init>(ProcessImpl.java:499)
2026.07.09 07:10:08 INFO  BSP server: 	at java.base@17.0.9/java.lang.ProcessImpl.start(ProcessImpl.java:158)
2026.07.09 07:10:08 INFO  BSP server: 	at java.base@17.0.9/java.lang.ProcessBuilder.start(ProcessBuilder.java:1110)
2026.07.09 07:10:08 INFO  BSP server: 	... 6 more
2026.07.09 07:11:03 INFO  no build target found for C:\Users\rahul\Github\My_Python-codes\Scala codes\Control.scala. Using presentation compiler with project's scala-library version: 3.3.7
2026.07.09 07:11:03 INFO  no build target found for C:\Users\rahul\Github\My_Python-codes\Scala codes\Control.scala. Using presentation compiler with project's scala-library version: 3.3.7
2026.07.09 07:11:03 INFO  no build target found for C:\Users\rahul\Github\My_Python-codes\Scala codes\Control.scala. Using presentation compiler with project's scala-library version: 3.3.7
2026.07.09 07:11:03 INFO  no build target found for C:\Users\rahul\Github\My_Python-codes\Scala codes\Control.scala. Using presentation compiler with project's scala-library version: 3.3.7
2026.07.09 07:11:04 INFO  no build target found for C:\Users\rahul\Github\My_Python-codes\Scala codes\Control.scala. Using presentation compiler with project's scala-library version: 3.3.7
2026.07.09 07:11:04 INFO  no build target found for C:\Users\rahul\Github\My_Python-codes\Scala codes\Control.scala. Using presentation compiler with project's scala-library version: 3.3.7
2026.07.09 07:11:04 INFO  no build target found for C:\Users\rahul\Github\My_Python-codes\Scala codes\Control.scala. Using presentation compiler with project's scala-library version: 3.3.7
2026.07.09 07:11:04 INFO  no build target found for C:\Users\rahul\Github\My_Python-codes\Scala codes\Control.scala. Using presentation compiler with project's scala-library version: 3.3.7
2026.07.09 07:11:04 INFO  no build target found for C:\Users\rahul\Github\My_Python-codes\Scala codes\Control.scala. Using presentation compiler with project's scala-library version: 3.3.7
2026.07.09 07:11:04 INFO  no build target found for C:\Users\rahul\Github\My_Python-codes\Scala codes\Control.scala. Using presentation compiler with project's scala-library version: 3.3.7
2026.07.09 07:11:05 INFO  no build target found for C:\Users\rahul\Github\My_Python-codes\Scala codes\Control.scala. Using presentation compiler with project's scala-library version: 3.3.7
2026.07.09 07:11:05 INFO  no build target found for C:\Users\rahul\Github\My_Python-codes\Scala codes\Control.scala. Using presentation compiler with project's scala-library version: 3.3.7
2026.07.09 07:11:05 INFO  no build target found for C:\Users\rahul\Github\My_Python-codes\Scala codes\Control.scala. Using presentation compiler with project's scala-library version: 3.3.7
2026.07.09 07:11:05 INFO  no build target found for C:\Users\rahul\Github\My_Python-codes\Scala codes\Control.scala. Using presentation compiler with project's scala-library version: 3.3.7
2026.07.09 07:11:05 INFO  no build target found for C:\Users\rahul\Github\My_Python-codes\Scala codes\Control.scala. Using presentation compiler with project's scala-library version: 3.3.7
2026.07.09 07:11:05 INFO  no build target found for C:\Users\rahul\Github\My_Python-codes\Scala codes\Control.scala. Using presentation compiler with project's scala-library version: 3.3.7
2026.07.09 07:11:05 INFO  no build target found for C:\Users\rahul\Github\My_Python-codes\Scala codes\Control.scala. Using presentation compiler with project's scala-library version: 3.3.7
2026.07.09 07:11:05 INFO  no build target found for C:\Users\rahul\Github\My_Python-codes\Scala codes\Control.scala. Using presentation compiler with project's scala-library version: 3.3.7
2026.07.09 07:11:06 INFO  no build target found for C:\Users\rahul\Github\My_Python-codes\Scala codes\Control.scala. Using presentation compiler with project's scala-library version: 3.3.7
2026.07.09 07:11:06 INFO  no build target found for C:\Users\rahul\Github\My_Python-codes\Scala codes\Control.scala. Using presentation compiler with project's scala-library version: 3.3.7
Jul 09, 2026 7:11:07 AM org.eclipse.lsp4j.jsonrpc.RemoteEndpoint handleCancellation
WARNING: Unmatched cancel notification for request id 46
Jul 09, 2026 7:11:07 AM org.eclipse.lsp4j.jsonrpc.RemoteEndpoint handleCancellation
WARNING: Unmatched cancel notification for request id 47
2026.07.09 07:11:06 INFO  no build target found for C:\Users\rahul\Github\My_Python-codes\Scala codes\Control.scala. Using presentation compiler with project's scala-library version: 3.3.7
2026.07.09 07:11:06 INFO  no build target found for C:\Users\rahul\Github\My_Python-codes\Scala codes\Control.scala. Using presentation compiler with project's scala-library version: 3.3.7
2026.07.09 07:11:06 INFO  no build target found for C:\Users\rahul\Github\My_Python-codes\Scala codes\Control.scala. Using presentation compiler with project's scala-library version: 3.3.7
2026.07.09 07:11:08 INFO  no build target found for C:\Users\rahul\Github\My_Python-codes\Scala codes\Control.scala. Using presentation compiler with project's scala-library version: 3.3.7
2026.07.09 07:11:08 INFO  no build target found for C:\Users\rahul\Github\My_Python-codes\Scala codes\Control.scala. Using presentation compiler with project's scala-library version: 3.3.7
2026.07.09 07:11:08 ERROR Timeout waiting for 'build/initialize' response
2026.07.09 07:11:08 WARN  Retrying connection to the build server scala-cli
2026.07.09 07:11:08 INFO  Running BSP server List(C:\Users\rahul\AppData\Local\Coursier\data\bin\.scala-cli.aux.exe, bsp, --json-options, C:\Users\rahul\OneDrive\Documents\GitHub\My_Python-codes\.scala-build\ide-options-v2.json, --json-launcher-options, C:\Users\rahul\OneDrive\Documents\GitHub\My_Python-codes\.scala-build\ide-launcher-options.json, --envs-file, C:\Users\rahul\OneDrive\Documents\GitHub\My_Python-codes\.scala-build\ide-envs.json, C:\Users\rahul\OneDrive\Documents\GitHub\My_Python-codes)
2026.07.09 07:11:08 INFO  tracing is disabled for protocol BSP, to enable tracing of incoming and outgoing JSON messages create an empty file at C:\Users\rahul\Github\My_Python-codes\.metals\bsp.trace.json or C:\Users\rahul\AppData\Local\scalameta\metals\cache\bsp.trace.json
2026.07.09 07:11:08 INFO  no build target found for C:\Users\rahul\Github\My_Python-codes\Scala codes\Control.scala. Using presentation compiler with project's scala-library version: 3.3.7
2026.07.09 07:11:08 INFO  no build target found for C:\Users\rahul\Github\My_Python-codes\Scala codes\Control.scala. Using presentation compiler with project's scala-library version: 3.3.7
2026.07.09 07:11:08 INFO  no build target found for C:\Users\rahul\Github\My_Python-codes\Scala codes\Control.scala. Using presentation compiler with project's scala-library version: 3.3.7
2026.07.09 07:11:09 INFO  BSP server: Exception in thread "subprocess-shutdown-hook-monitor" java.io.IOException: Cannot run program "C:\Program Files\Java\jdk-25\bin\java.exe" (in directory "C:\Users\rahul\OneDrive\Documents\GitHub\My_Python-codes"): CreateProcess error=2, The system cannot find the file specified
2026.07.09 07:11:09 INFO  BSP server: 	at java.base@17.0.9/java.lang.ProcessBuilder.start(ProcessBuilder.java:1143)
2026.07.09 07:11:09 INFO  BSP server: 	at java.base@17.0.9/java.lang.ProcessBuilder.start(ProcessBuilder.java:1073)
2026.07.09 07:11:09 INFO  BSP server: 	at os.proc.proc$lzyINIT1$1(ProcessOps.scala:345)
2026.07.09 07:11:09 INFO  BSP server: 	at os.proc.os$proc$$_$proc$1(ProcessOps.scala:351)
2026.07.09 07:11:09 INFO  BSP server: 	at os.proc$$anon$2.run(ProcessOps.scala:335)
2026.07.09 07:11:09 INFO  BSP server: 	at com.oracle.svm.core.thread.PlatformThreads.threadStartRoutine(PlatformThreads.java:807)
2026.07.09 07:11:09 INFO  BSP server: 	at com.oracle.svm.core.windows.WindowsPlatformThreads.osThreadStartRoutine(WindowsPlatformThreads.java:179)
2026.07.09 07:11:09 INFO  BSP server: Caused by: java.io.IOException: CreateProcess error=2, The system cannot find the file specified
2026.07.09 07:11:09 INFO  BSP server: 	at com.oracle.svm.core.jni.functions.JNIFunctions$NewObjectWithObjectArrayArgFunctionPointer.invoke(JNIFunctions.java)
2026.07.09 07:11:09 INFO  BSP server: 	at com.oracle.svm.core.jni.functions.JNIFunctions.ThrowNew(JNIFunctions.java:889)
2026.07.09 07:11:09 INFO  BSP server: 	at java.base@17.0.9/java.lang.ProcessImpl.create(Native Method)
2026.07.09 07:11:09 INFO  BSP server: 	at java.base@17.0.9/java.lang.ProcessImpl.<init>(ProcessImpl.java:499)
2026.07.09 07:11:09 INFO  BSP server: 	at java.base@17.0.9/java.lang.ProcessImpl.start(ProcessImpl.java:158)
2026.07.09 07:11:09 INFO  BSP server: 	at java.base@17.0.9/java.lang.ProcessBuilder.start(ProcessBuilder.java:1110)
2026.07.09 07:11:09 INFO  BSP server: 	... 6 more
2026.07.09 07:11:09 INFO  BSP server: Error: java.io.IOException: Cannot run program "C:\Program Files\Java\jdk-25\bin\java.exe" (in directory "C:\Users\rahul\OneDrive\Documents\GitHub\My_Python-codes"): CreateProcess error=2, The system cannot find the file specified
2026.07.09 07:11:09 INFO  BSP server: For more details, please see 'C:\Users\rahul\OneDrive\Documents\GitHub\My_Python-codes\.scala-build\stacktraces\1783561269-8768701861906796502.log'
2026.07.09 07:11:09 INFO  BSP server: Exception in thread "subprocess-shutdown-hook" java.io.IOException: Cannot run program "C:\Program Files\Java\jdk-25\bin\java.exe" (in directory "C:\Users\rahul\OneDrive\Documents\GitHub\My_Python-codes"): CreateProcess error=2, The system cannot find the file specified
2026.07.09 07:11:09 INFO  BSP server: 	at java.base@17.0.9/java.lang.ProcessBuilder.start(ProcessBuilder.java:1143)
2026.07.09 07:11:09 INFO  BSP server: 	at java.base@17.0.9/java.lang.ProcessBuilder.start(ProcessBuilder.java:1073)
2026.07.09 07:11:09 INFO  BSP server: 	at os.proc.proc$lzyINIT1$1(ProcessOps.scala:345)
2026.07.09 07:11:09 INFO  BSP server: 	at os.proc.os$proc$$_$proc$1(ProcessOps.scala:351)
2026.07.09 07:11:09 INFO  BSP server: 	at os.proc$$anon$1.run(ProcessOps.scala:329)
2026.07.09 07:11:09 INFO  BSP server: 	at com.oracle.svm.core.thread.PlatformThreads.threadStartRoutine(PlatformThreads.java:807)
2026.07.09 07:11:09 INFO  BSP server: 	at com.oracle.svm.core.windows.WindowsPlatformThreads.osThreadStartRoutine(WindowsPlatformThreads.java:179)
2026.07.09 07:11:09 INFO  BSP server: Caused by: java.io.IOException: CreateProcess error=2, The system cannot find the file specified
2026.07.09 07:11:09 INFO  BSP server: 	at com.oracle.svm.core.jni.functions.JNIFunctions$NewObjectWithObjectArrayArgFunctionPointer.invoke(JNIFunctions.java)
2026.07.09 07:11:09 INFO  BSP server: 	at com.oracle.svm.core.jni.functions.JNIFunctions.ThrowNew(JNIFunctions.java:889)
2026.07.09 07:11:09 INFO  BSP server: 	at java.base@17.0.9/java.lang.ProcessImpl.create(Native Method)
2026.07.09 07:11:09 INFO  BSP server: 	at java.base@17.0.9/java.lang.ProcessImpl.<init>(ProcessImpl.java:499)
2026.07.09 07:11:09 INFO  BSP server: 	at java.base@17.0.9/java.lang.ProcessImpl.start(ProcessImpl.java:158)
2026.07.09 07:11:09 INFO  BSP server: 	at java.base@17.0.9/java.lang.ProcessBuilder.start(ProcessBuilder.java:1110)
2026.07.09 07:11:09 INFO  BSP server: 	... 6 more
2026.07.09 07:11:09 INFO  no build target found for C:\Users\rahul\Github\My_Python-codes\Scala codes\Control.scala. Using presentation compiler with project's scala-library version: 3.3.7
2026.07.09 07:11:09 INFO  no build target found for C:\Users\rahul\Github\My_Python-codes\Scala codes\Control.scala. Using presentation compiler with project's scala-library version: 3.3.7
2026.07.09 07:11:09 INFO  no build target found for C:\Users\rahul\Github\My_Python-codes\Scala codes\Control.scala. Using presentation compiler with project's scala-library version: 3.3.7
2026.07.09 07:11:09 INFO  no build target found for C:\Users\rahul\Github\My_Python-codes\Scala codes\Control.scala. Using presentation compiler with project's scala-library version: 3.3.7
2026.07.09 07:11:09 INFO  no build target found for C:\Users\rahul\Github\My_Python-codes\Scala codes\Control.scala. Using presentation compiler with project's scala-library version: 3.3.7
2026.07.09 07:11:09 INFO  no build target found for C:\Users\rahul\Github\My_Python-codes\Scala codes\Control.scala. Using presentation compiler with project's scala-library version: 3.3.7
2026.07.09 07:11:09 INFO  no build target found for C:\Users\rahul\Github\My_Python-codes\Scala codes\Control.scala. Using presentation compiler with project's scala-library version: 3.3.7
2026.07.09 07:11:10 INFO  no build target found for C:\Users\rahul\Github\My_Python-codes\Scala codes\Control.scala. Using presentation compiler with project's scala-library version: 3.3.7
2026.07.09 07:11:10 INFO  no build target found for C:\Users\rahul\Github\My_Python-codes\Scala codes\Control.scala. Using presentation compiler with project's scala-library version: 3.3.7
2026.07.09 07:11:10 INFO  no build target found for C:\Users\rahul\Github\My_Python-codes\Scala codes\Control.scala. Using presentation compiler with project's scala-library version: 3.3.7
2026.07.09 07:11:10 INFO  no build target found for C:\Users\rahul\Github\My_Python-codes\Scala codes\Control.scala. Using presentation compiler with project's scala-library version: 3.3.7
Jul 09, 2026 7:11:10 AM org.eclipse.lsp4j.jsonrpc.RemoteEndpoint handleCancellation
WARNING: Unmatched cancel notification for request id 74
2026.07.09 07:11:10 INFO  no build target found for C:\Users\rahul\Github\My_Python-codes\Scala codes\Control.scala. Using presentation compiler with project's scala-library version: 3.3.7
2026.07.09 07:11:10 INFO  no build target found for C:\Users\rahul\Github\My_Python-codes\Scala codes\Control.scala. Using presentation compiler with project's scala-library version: 3.3.7
2026.07.09 07:11:11 INFO  no build target found for C:\Users\rahul\Github\My_Python-codes\Scala codes\Control.scala. Using presentation compiler with project's scala-library version: 3.3.7
2026.07.09 07:11:11 INFO  no build target found for C:\Users\rahul\Github\My_Python-codes\Scala codes\Control.scala. Using presentation compiler with project's scala-library version: 3.3.7
2026.07.09 07:11:11 INFO  no build target found for C:\Users\rahul\Github\My_Python-codes\Scala codes\Control.scala. Using presentation compiler with project's scala-library version: 3.3.7
2026.07.09 07:11:11 INFO  no build target found for C:\Users\rahul\Github\My_Python-codes\Scala codes\Control.scala. Using presentation compiler with project's scala-library version: 3.3.7
Jul 09, 2026 7:11:12 AM org.eclipse.lsp4j.jsonrpc.RemoteEndpoint handleCancellation
WARNING: Unmatched cancel notification for request id 87
2026.07.09 07:11:11 INFO  no build target found for C:\Users\rahul\Github\My_Python-codes\Scala codes\Control.scala. Using presentation compiler with project's scala-library version: 3.3.7
2026.07.09 07:11:11 INFO  no build target found for C:\Users\rahul\Github\My_Python-codes\Scala codes\Control.scala. Using presentation compiler with project's scala-library version: 3.3.7
2026.07.09 07:11:12 INFO  no build target found for C:\Users\rahul\Github\My_Python-codes\Scala codes\Control.scala. Using presentation compiler with project's scala-library version: 3.3.7
2026.07.09 07:11:12 INFO  no build target found for C:\Users\rahul\Github\My_Python-codes\Scala codes\Control.scala. Using presentation compiler with project's scala-library version: 3.3.7
2026.07.09 07:11:12 INFO  no build target found for C:\Users\rahul\Github\My_Python-codes\Scala codes\Control.scala. Using presentation compiler with project's scala-library version: 3.3.7
2026.07.09 07:11:12 INFO  no build target found for C:\Users\rahul\Github\My_Python-codes\Scala codes\Control.scala. Using presentation compiler with project's scala-library version: 3.3.7
2026.07.09 07:11:12 INFO  no build target found for C:\Users\rahul\Github\My_Python-codes\Scala codes\Control.scala. Using presentation compiler with project's scala-library version: 3.3.7
2026.07.09 07:11:12 INFO  no build target found for C:\Users\rahul\Github\My_Python-codes\Scala codes\Control.scala. Using presentation compiler with project's scala-library version: 3.3.7
2026.07.09 07:11:13 INFO  no build target found for C:\Users\rahul\Github\My_Python-codes\Scala codes\Control.scala. Using presentation compiler with project's scala-library version: 3.3.7
2026.07.09 07:11:13 INFO  no build target found for C:\Users\rahul\Github\My_Python-codes\Scala codes\Control.scala. Using presentation compiler with project's scala-library version: 3.3.7
2026.07.09 07:11:13 INFO  no build target found for C:\Users\rahul\Github\My_Python-codes\Scala codes\Control.scala. Using presentation compiler with project's scala-library version: 3.3.7
Jul 09, 2026 7:11:14 AM org.eclipse.lsp4j.jsonrpc.RemoteEndpoint handleCancellation
WARNING: Unmatched cancel notification for request id 108
2026.07.09 07:11:13 INFO  no build target found for C:\Users\rahul\Github\My_Python-codes\Scala codes\Control.scala. Using presentation compiler with project's scala-library version: 3.3.7
2026.07.09 07:11:13 INFO  no build target found for C:\Users\rahul\Github\My_Python-codes\Scala codes\Control.scala. Using presentation compiler with project's scala-library version: 3.3.7
2026.07.09 07:11:15 INFO  no build target found for C:\Users\rahul\Github\My_Python-codes\Scala codes\Control.scala. Using presentation compiler with project's scala-library version: 3.3.7
2026.07.09 07:11:15 INFO  no build target found for C:\Users\rahul\Github\My_Python-codes\Scala codes\Control.scala. Using presentation compiler with project's scala-library version: 3.3.7
2026.07.09 07:11:15 INFO  no build target found for C:\Users\rahul\Github\My_Python-codes\Scala codes\Control.scala. Using presentation compiler with project's scala-library version: 3.3.7
2026.07.09 07:11:15 INFO  no build target found for C:\Users\rahul\Github\My_Python-codes\Scala codes\Control.scala. Using presentation compiler with project's scala-library version: 3.3.7
2026.07.09 07:11:15 INFO  no build target found for C:\Users\rahul\Github\My_Python-codes\Scala codes\Control.scala. Using presentation compiler with project's scala-library version: 3.3.7
2026.07.09 07:11:15 INFO  no build target found for C:\Users\rahul\Github\My_Python-codes\Scala codes\Control.scala. Using presentation compiler with project's scala-library version: 3.3.7
2026.07.09 07:11:15 INFO  no build target found for C:\Users\rahul\Github\My_Python-codes\Scala codes\Control.scala. Using presentation compiler with project's scala-library version: 3.3.7
2026.07.09 07:11:15 INFO  no build target found for C:\Users\rahul\Github\My_Python-codes\Scala codes\Control.scala. Using presentation compiler with project's scala-library version: 3.3.7
2026.07.09 07:11:15 INFO  no build target found for C:\Users\rahul\Github\My_Python-codes\Scala codes\Control.scala. Using presentation compiler with project's scala-library version: 3.3.7
2026.07.09 07:11:16 INFO  no build target found for C:\Users\rahul\Github\My_Python-codes\Scala codes\Control.scala. Using presentation compiler with project's scala-library version: 3.3.7
2026.07.09 07:11:16 INFO  no build target found for C:\Users\rahul\Github\My_Python-codes\Scala codes\Control.scala. Using presentation compiler with project's scala-library version: 3.3.7
2026.07.09 07:11:16 INFO  no build target found for C:\Users\rahul\Github\My_Python-codes\Scala codes\Control.scala. Using presentation compiler with project's scala-library version: 3.3.7
2026.07.09 07:11:16 INFO  no build target found for C:\Users\rahul\Github\My_Python-codes\Scala codes\Control.scala. Using presentation compiler with project's scala-library version: 3.3.7
2026.07.09 07:11:16 INFO  no build target found for C:\Users\rahul\Github\My_Python-codes\Scala codes\Control.scala. Using presentation compiler with project's scala-library version: 3.3.7
2026.07.09 07:11:16 INFO  no build target found for C:\Users\rahul\Github\My_Python-codes\Scala codes\Control.scala. Using presentation compiler with project's scala-library version: 3.3.7
2026.07.09 07:11:16 INFO  no build target found for C:\Users\rahul\Github\My_Python-codes\Scala codes\Control.scala. Using presentation compiler with project's scala-library version: 3.3.7
2026.07.09 07:11:16 INFO  no build target found for C:\Users\rahul\Github\My_Python-codes\Scala codes\Control.scala. Using presentation compiler with project's scala-library version: 3.3.7
2026.07.09 07:11:16 INFO  no build target found for C:\Users\rahul\Github\My_Python-codes\Scala codes\Control.scala. Using presentation compiler with project's scala-library version: 3.3.7
2026.07.09 07:11:25 INFO  no build target found for C:\Users\rahul\Github\My_Python-codes\Scala codes\Control.scala. Using presentation compiler with project's scala-library version: 3.3.7
2026.07.09 07:11:25 INFO  no build target found for C:\Users\rahul\Github\My_Python-codes\Scala codes\Control.scala. Using presentation compiler with project's scala-library version: 3.3.7
2026.07.09 07:11:25 INFO  no build target found for C:\Users\rahul\Github\My_Python-codes\Scala codes\Control.scala. Using presentation compiler with project's scala-library version: 3.3.7
2026.07.09 07:11:25 INFO  no build target found for C:\Users\rahul\Github\My_Python-codes\Scala codes\Control.scala. Using presentation compiler with project's scala-library version: 3.3.7
Jul 09, 2026 7:11:26 AM org.eclipse.lsp4j.jsonrpc.RemoteEndpoint handleCancellation
WARNING: Unmatched cancel notification for request id 142
2026.07.09 07:11:26 INFO  no build target found for C:\Users\rahul\Github\My_Python-codes\Scala codes\Control.scala. Using presentation compiler with project's scala-library version: 3.3.7
2026.07.09 07:12:08 ERROR Timeout waiting for 'build/initialize' response
2026.07.09 07:12:08 WARN  Retrying connection to the build server scala-cli
2026.07.09 07:12:08 INFO  Running BSP server List(C:\Users\rahul\AppData\Local\Coursier\data\bin\.scala-cli.aux.exe, bsp, --json-options, C:\Users\rahul\OneDrive\Documents\GitHub\My_Python-codes\.scala-build\ide-options-v2.json, --json-launcher-options, C:\Users\rahul\OneDrive\Documents\GitHub\My_Python-codes\.scala-build\ide-launcher-options.json, --envs-file, C:\Users\rahul\OneDrive\Documents\GitHub\My_Python-codes\.scala-build\ide-envs.json, C:\Users\rahul\OneDrive\Documents\GitHub\My_Python-codes)
2026.07.09 07:12:08 INFO  tracing is disabled for protocol BSP, to enable tracing of incoming and outgoing JSON messages create an empty file at C:\Users\rahul\Github\My_Python-codes\.metals\bsp.trace.json or C:\Users\rahul\AppData\Local\scalameta\metals\cache\bsp.trace.json
2026.07.09 07:12:08 INFO  BSP server: Exception in thread "subprocess-shutdown-hook-monitor" java.io.IOException: Cannot run program "C:\Program Files\Java\jdk-25\bin\java.exe" (in directory "C:\Users\rahul\OneDrive\Documents\GitHub\My_Python-codes"): CreateProcess error=2, The system cannot find the file specified
2026.07.09 07:12:08 INFO  BSP server: 	at java.base@17.0.9/java.lang.ProcessBuilder.start(ProcessBuilder.java:1143)
2026.07.09 07:12:08 INFO  BSP server: 	at java.base@17.0.9/java.lang.ProcessBuilder.start(ProcessBuilder.java:1073)
2026.07.09 07:12:08 INFO  BSP server: 	at os.proc.proc$lzyINIT1$1(ProcessOps.scala:345)
2026.07.09 07:12:08 INFO  BSP server: 	at os.proc.os$proc$$_$proc$1(ProcessOps.scala:351)
2026.07.09 07:12:08 INFO  BSP server: 	at os.proc$$anon$2.run(ProcessOps.scala:335)
2026.07.09 07:12:08 INFO  BSP server: 	at com.oracle.svm.core.thread.PlatformThreads.threadStartRoutine(PlatformThreads.java:807)
2026.07.09 07:12:08 INFO  BSP server: 	at com.oracle.svm.core.windows.WindowsPlatformThreads.osThreadStartRoutine(WindowsPlatformThreads.java:179)
2026.07.09 07:12:08 INFO  BSP server: Caused by: java.io.IOException: CreateProcess error=2, The system cannot find the file specified
2026.07.09 07:12:08 INFO  BSP server: 	at com.oracle.svm.core.jni.functions.JNIFunctions$NewObjectWithObjectArrayArgFunctionPointer.invoke(JNIFunctions.java)
2026.07.09 07:12:08 INFO  BSP server: 	at com.oracle.svm.core.jni.functions.JNIFunctions.ThrowNew(JNIFunctions.java:889)
2026.07.09 07:12:08 INFO  BSP server: 	at java.base@17.0.9/java.lang.ProcessImpl.create(Native Method)
2026.07.09 07:12:08 INFO  BSP server: 	at java.base@17.0.9/java.lang.ProcessImpl.<init>(ProcessImpl.java:499)
2026.07.09 07:12:08 INFO  BSP server: 	at java.base@17.0.9/java.lang.ProcessImpl.start(ProcessImpl.java:158)
2026.07.09 07:12:08 INFO  BSP server: 	at java.base@17.0.9/java.lang.ProcessBuilder.start(ProcessBuilder.java:1110)
2026.07.09 07:12:08 INFO  BSP server: 	... 6 more
2026.07.09 07:12:08 INFO  BSP server: Error: java.io.IOException: Cannot run program "C:\Program Files\Java\jdk-25\bin\java.exe" (in directory "C:\Users\rahul\OneDrive\Documents\GitHub\My_Python-codes"): CreateProcess error=2, The system cannot find the file specified
2026.07.09 07:12:08 INFO  BSP server: For more details, please see 'C:\Users\rahul\OneDrive\Documents\GitHub\My_Python-codes\.scala-build\stacktraces\1783561328-17993743250917839897.log'
2026.07.09 07:12:08 INFO  BSP server: Exception in thread "subprocess-shutdown-hook" java.io.IOException: Cannot run program "C:\Program Files\Java\jdk-25\bin\java.exe" (in directory "C:\Users\rahul\OneDrive\Documents\GitHub\My_Python-codes"): CreateProcess error=2, The system cannot find the file specified
2026.07.09 07:12:08 INFO  BSP server: 	at java.base@17.0.9/java.lang.ProcessBuilder.start(ProcessBuilder.java:1143)
2026.07.09 07:12:08 INFO  BSP server: 	at java.base@17.0.9/java.lang.ProcessBuilder.start(ProcessBuilder.java:1073)
2026.07.09 07:12:08 INFO  BSP server: 	at os.proc.proc$lzyINIT1$1(ProcessOps.scala:345)
2026.07.09 07:12:08 INFO  BSP server: 	at os.proc.os$proc$$_$proc$1(ProcessOps.scala:351)
2026.07.09 07:12:08 INFO  BSP server: 	at os.proc$$anon$1.run(ProcessOps.scala:329)
2026.07.09 07:12:08 INFO  BSP server: 	at com.oracle.svm.core.thread.PlatformThreads.threadStartRoutine(PlatformThreads.java:807)
2026.07.09 07:12:08 INFO  BSP server: 	at com.oracle.svm.core.windows.WindowsPlatformThreads.osThreadStartRoutine(WindowsPlatformThreads.java:179)
2026.07.09 07:12:08 INFO  BSP server: Caused by: java.io.IOException: CreateProcess error=2, The system cannot find the file specified
2026.07.09 07:12:08 INFO  BSP server: 	at com.oracle.svm.core.jni.functions.JNIFunctions$NewObjectWithObjectArrayArgFunctionPointer.invoke(JNIFunctions.java)
2026.07.09 07:12:08 INFO  BSP server: 	at com.oracle.svm.core.jni.functions.JNIFunctions.ThrowNew(JNIFunctions.java:889)
2026.07.09 07:12:08 INFO  BSP server: 	at java.base@17.0.9/java.lang.ProcessImpl.create(Native Method)
2026.07.09 07:12:08 INFO  BSP server: 	at java.base@17.0.9/java.lang.ProcessImpl.<init>(ProcessImpl.java:499)
2026.07.09 07:12:08 INFO  BSP server: 	at java.base@17.0.9/java.lang.ProcessImpl.start(ProcessImpl.java:158)
2026.07.09 07:12:08 INFO  BSP server: 	at java.base@17.0.9/java.lang.ProcessBuilder.start(ProcessBuilder.java:1110)
2026.07.09 07:12:08 INFO  BSP server: 	... 6 more
2026.07.09 07:12:39 INFO  no build target found for C:\Users\rahul\Github\My_Python-codes\Scala codes\Control.scala. Using presentation compiler with project's scala-library version: 3.3.7
2026.07.09 07:12:39 INFO  no build target found for C:\Users\rahul\Github\My_Python-codes\Scala codes\Control.scala. Using presentation compiler with project's scala-library version: 3.3.7
2026.07.09 07:12:39 INFO  no build target found for C:\Users\rahul\Github\My_Python-codes\Scala codes\Control.scala. Using presentation compiler with project's scala-library version: 3.3.7
2026.07.09 07:12:39 INFO  no build target found for C:\Users\rahul\Github\My_Python-codes\Scala codes\Control.scala. Using presentation compiler with project's scala-library version: 3.3.7
2026.07.09 07:12:39 INFO  no build target found for C:\Users\rahul\Github\My_Python-codes\Scala codes\Control.scala. Using presentation compiler with project's scala-library version: 3.3.7
2026.07.09 07:12:39 INFO  no build target found for C:\Users\rahul\Github\My_Python-codes\Scala codes\Control.scala. Using presentation compiler with project's scala-library version: 3.3.7
2026.07.09 07:12:41 INFO  no build target found for C:\Users\rahul\Github\My_Python-codes\Scala codes\Control.scala. Using presentation compiler with project's scala-library version: 3.3.7
2026.07.09 07:12:41 INFO  no build target found for C:\Users\rahul\Github\My_Python-codes\Scala codes\Control.scala. Using presentation compiler with project's scala-library version: 3.3.7
2026.07.09 07:12:42 INFO  no build target found for C:\Users\rahul\Github\My_Python-codes\Scala codes\Control.scala. Using presentation compiler with project's scala-library version: 3.3.7
2026.07.09 07:12:42 INFO  no build target found for C:\Users\rahul\Github\My_Python-codes\Scala codes\Control.scala. Using presentation compiler with project's scala-library version: 3.3.7
2026.07.09 07:13:08 ERROR Timeout waiting for 'build/initialize' response
2026.07.09 07:13:08 ERROR Failed to connect with build server, no functionality will work.
java.util.concurrent.TimeoutException
	at java.util.concurrent.CompletableFuture.timedGet(CompletableFuture.java:1960)
	at java.util.concurrent.CompletableFuture.get(CompletableFuture.java:2095)
	at scala.meta.internal.metals.BuildServerConnection$.initialize(BuildServerConnection.scala:806)
	at scala.meta.internal.metals.BuildServerConnection$.$anonfun$fromSockets$1(BuildServerConnection.scala:658)
	at scala.concurrent.impl.Promise$Transformation.run(Promise.scala:500)
	at java.util.concurrent.ThreadPoolExecutor.runWorker(ThreadPoolExecutor.java:1136)
	at java.util.concurrent.ThreadPoolExecutor$Worker.run(ThreadPoolExecutor.java:635)
	at java.lang.Thread.run(Thread.java:842)

2026.07.09 07:13:08 INFO  no build target found for C:\Users\rahul\Github\My_Python-codes\Scala codes\Control.scala. Using presentation compiler with project's scala-library version: 3.3.7
2026.07.09 07:13:08 WARN  no build target for: C:\Users\rahul\Github\My_Python-codes\Scala codes\Control.scala
Jul 09, 2026 12:06:51 PM org.eclipse.lsp4j.jsonrpc.services.GenericEndpoint notify
INFO: Unsupported notification method: $/setTrace
2026.07.09 12:08:32 INFO  no build target found for C:\Users\rahul\Github\My_Python-codes\Scala codes\Control.scala. Using presentation compiler with project's scala-library version: 3.3.7
2026.07.10 10:23:16 INFO  no build target found for C:\Users\rahul\Github\My_Python-codes\Scala codes\Control.scala. Using presentation compiler with project's scala-library version: 3.3.7
Jul 10, 2026 10:23:16 AM org.eclipse.lsp4j.jsonrpc.services.GenericEndpoint notify
INFO: Unsupported notification method: $/setTrace
2026.07.10 10:23:16 INFO  no build target found for C:\Users\rahul\Github\My_Python-codes\Scala codes\Control.scala. Using presentation compiler with project's scala-library version: 3.3.7
Jul 10, 2026 10:24:40 AM org.eclipse.lsp4j.jsonrpc.services.GenericEndpoint notify
INFO: Unsupported notification method: $/setTrace
2026.07.10 10:24:41 INFO  no build target found for C:\Users\rahul\Github\My_Python-codes\Scala codes\Control.scala. Using presentation compiler with project's scala-library version: 3.3.7
2026.07.10 10:24:47 INFO  no build target found for C:\Users\rahul\Github\My_Python-codes\Scala codes\Control.scala. Using presentation compiler with project's scala-library version: 3.3.7
2026.07.10 10:25:42 INFO  no build target found for C:\Users\rahul\Github\My_Python-codes\Scala codes\Control.scala. Using presentation compiler with project's scala-library version: 3.3.7
2026.07.10 10:25:47 INFO  no build target found for C:\Users\rahul\Github\My_Python-codes\Scala codes\new.scala. Using presentation compiler with project's scala-library version: 3.3.7
2026.07.10 10:25:47 INFO  no build target found for C:\Users\rahul\Github\My_Python-codes\Scala codes\new.scala. Using presentation compiler with project's scala-library version: 3.3.7
2026.07.10 10:25:47 WARN  no build target for: C:\Users\rahul\Github\My_Python-codes\Scala codes\new.scala
2026.07.10 10:25:47 INFO  no build target found for C:\Users\rahul\Github\My_Python-codes\Scala codes\new.scala. Using presentation compiler with project's scala-library version: 3.3.7
2026.07.10 10:25:52 INFO  no build target found for C:\Users\rahul\Github\My_Python-codes\Scala codes\Class and objects_2.scala. Using presentation compiler with project's scala-library version: 3.3.7
2026.07.10 10:25:52 WARN  no build target for: C:\Users\rahul\Github\My_Python-codes\Scala codes\Class and objects_2.scala
2026.07.10 10:25:52 INFO  no build target found for C:\Users\rahul\Github\My_Python-codes\Scala codes\Class and objects_2.scala. Using presentation compiler with project's scala-library version: 3.3.7
2026.07.10 10:25:57 INFO  no build target found for C:\Users\rahul\Github\My_Python-codes\Scala codes\Variables.scala. Using presentation compiler with project's scala-library version: 3.3.7
2026.07.10 10:25:57 WARN  no build target for: C:\Users\rahul\Github\My_Python-codes\Scala codes\Variables.scala
2026.07.10 10:25:57 INFO  no build target found for C:\Users\rahul\Github\My_Python-codes\Scala codes\Variables.scala. Using presentation compiler with project's scala-library version: 3.3.7
Jul 10, 2026 10:25:57 AM org.eclipse.lsp4j.jsonrpc.RemoteEndpoint handleCancellation
WARNING: Unmatched cancel notification for request id 201
2026.07.10 10:25:57 INFO  no build target found for C:\Users\rahul\Github\My_Python-codes\Scala codes\Variables.scala. Using presentation compiler with project's scala-library version: 3.3.7
2026.07.10 10:28:47 INFO  no build target found for C:\Users\rahul\Github\My_Python-codes\Scala codes\new.scala. Using presentation compiler with project's scala-library version: 3.3.7
2026.07.10 10:28:53 INFO  no build target found for C:\Users\rahul\Github\My_Python-codes\Scala codes\Class and objects_2.scala. Using presentation compiler with project's scala-library version: 3.3.7
2026.07.10 10:30:18 INFO  no build target found for C:\Users\rahul\Github\My_Python-codes\Scala codes\Variables.scala. Using presentation compiler with project's scala-library version: 3.3.7
2026.07.10 10:30:18 INFO  no build target found for C:\Users\rahul\Github\My_Python-codes\Scala codes\Variables.scala. Using presentation compiler with project's scala-library version: 3.3.7
2026.07.10 10:30:18 INFO  no build target found for C:\Users\rahul\Github\My_Python-codes\Scala codes\Variables.scala. Using presentation compiler with project's scala-library version: 3.3.7
2026.07.10 10:30:23 INFO  no build target found for C:\Users\rahul\Github\My_Python-codes\Scala codes\Variables.scala. Using presentation compiler with project's scala-library version: 3.3.7
2026.07.10 10:30:23 INFO  no build target found for C:\Users\rahul\Github\My_Python-codes\Scala codes\Variables.scala. Using presentation compiler with project's scala-library version: 3.3.7
2026.07.10 10:30:23 INFO  no build target found for C:\Users\rahul\Github\My_Python-codes\Scala codes\Variables.scala. Using presentation compiler with project's scala-library version: 3.3.7
Jul 10, 2026 10:30:23 AM org.eclipse.lsp4j.jsonrpc.RemoteEndpoint handleCancellation
WARNING: Unmatched cancel notification for request id 216
2026.07.10 10:30:23 INFO  no build target found for C:\Users\rahul\Github\My_Python-codes\Scala codes\Variables.scala. Using presentation compiler with project's scala-library version: 3.3.7
2026.07.10 10:30:23 INFO  no build target found for C:\Users\rahul\Github\My_Python-codes\Scala codes\Variables.scala. Using presentation compiler with project's scala-library version: 3.3.7
2026.07.10 10:30:23 INFO  no build target found for C:\Users\rahul\Github\My_Python-codes\Scala codes\Variables.scala. Using presentation compiler with project's scala-library version: 3.3.7
2026.07.10 10:30:24 INFO  no build target found for C:\Users\rahul\Github\My_Python-codes\Scala codes\Variables.scala. Using presentation compiler with project's scala-library version: 3.3.7
2026.07.10 10:30:24 INFO  no build target found for C:\Users\rahul\Github\My_Python-codes\Scala codes\Variables.scala. Using presentation compiler with project's scala-library version: 3.3.7
Jul 10, 2026 10:30:24 AM org.eclipse.lsp4j.jsonrpc.RemoteEndpoint handleCancellation
WARNING: Unmatched cancel notification for request id 229
2026.07.10 10:30:24 INFO  time: code lens generation in 1.3s
2026.07.10 10:30:24 INFO  no build target found for C:\Users\rahul\Github\My_Python-codes\Scala codes\Variables.scala. Using presentation compiler with project's scala-library version: 3.3.7
2026.07.10 10:30:24 INFO  no build target found for C:\Users\rahul\Github\My_Python-codes\Scala codes\Variables.scala. Using presentation compiler with project's scala-library version: 3.3.7
2026.07.10 10:30:24 INFO  no build target found for C:\Users\rahul\Github\My_Python-codes\Scala codes\Variables.scala. Using presentation compiler with project's scala-library version: 3.3.7
2026.07.10 10:30:25 INFO  no build target found for C:\Users\rahul\Github\My_Python-codes\Scala codes\Variables.scala. Using presentation compiler with project's scala-library version: 3.3.7
2026.07.10 10:30:25 INFO  no build target found for C:\Users\rahul\Github\My_Python-codes\Scala codes\Variables.scala. Using presentation compiler with project's scala-library version: 3.3.7
2026.07.10 10:30:26 INFO  no build target found for C:\Users\rahul\Github\My_Python-codes\Scala codes\Variables.scala. Using presentation compiler with project's scala-library version: 3.3.7
2026.07.10 10:30:25 INFO  no build target found for C:\Users\rahul\Github\My_Python-codes\Scala codes\Variables.scala. Using presentation compiler with project's scala-library version: 3.3.7
2026.07.10 10:30:27 INFO  no build target found for C:\Users\rahul\Github\My_Python-codes\Scala codes\Variables.scala. Using presentation compiler with project's scala-library version: 3.3.7
2026.07.10 10:30:28 INFO  no build target found for C:\Users\rahul\Github\My_Python-codes\Scala codes\Variables.scala. Using presentation compiler with project's scala-library version: 3.3.7
2026.07.10 10:30:28 INFO  no build target found for C:\Users\rahul\Github\My_Python-codes\Scala codes\Variables.scala. Using presentation compiler with project's scala-library version: 3.3.7
2026.07.10 10:30:29 WARN  no build target for: C:\Users\rahul\Github\My_Python-codes\Scala codes\Variables.scala
2026.07.10 10:30:30 INFO  no build target found for C:\Users\rahul\Github\My_Python-codes\Scala codes\Variables.scala. Using presentation compiler with project's scala-library version: 3.3.7
2026.07.10 10:30:30 INFO  no build target found for C:\Users\rahul\Github\My_Python-codes\Scala codes\Variables.scala. Using presentation compiler with project's scala-library version: 3.3.7
2026.07.10 10:30:49 INFO  no build target found for C:\Users\rahul\Github\My_Python-codes\Scala codes\Variables.scala. Using presentation compiler with project's scala-library version: 3.3.7
2026.07.10 10:30:51 INFO  no build target found for C:\Users\rahul\Github\My_Python-codes\Scala codes\Variables.scala. Using presentation compiler with project's scala-library version: 3.3.7
Jul 10, 2026 10:30:53 AM org.eclipse.lsp4j.jsonrpc.services.GenericEndpoint notify
INFO: Unsupported notification method: $/setTrace
2026.07.10 10:30:54 INFO  no build target found for C:\Users\rahul\Github\My_Python-codes\Scala codes\Variables.scala. Using presentation compiler with project's scala-library version: 3.3.7
2026.07.10 10:31:30 INFO  no build target found for C:\Users\rahul\Github\My_Python-codes\Scala codes\Variables.scala. Using presentation compiler with project's scala-library version: 3.3.7
2026.07.10 10:32:02 INFO  no build target found for C:\Users\rahul\Github\My_Python-codes\Scala codes\Variables.scala. Using presentation compiler with project's scala-library version: 3.3.7
2026.07.10 10:32:02 INFO  no build target found for C:\Users\rahul\Github\My_Python-codes\Scala codes\Variables.scala. Using presentation compiler with project's scala-library version: 3.3.7
2026.07.10 10:32:02 INFO  no build target found for C:\Users\rahul\Github\My_Python-codes\Scala codes\Variables.scala. Using presentation compiler with project's scala-library version: 3.3.7
2026.07.10 10:32:02 INFO  no build target found for C:\Users\rahul\Github\My_Python-codes\Scala codes\Variables.scala. Using presentation compiler with project's scala-library version: 3.3.7
2026.07.10 10:32:03 INFO  no build target found for C:\Users\rahul\Github\My_Python-codes\Scala codes\Variables.scala. Using presentation compiler with project's scala-library version: 3.3.7
2026.07.10 10:32:03 INFO  no build target found for C:\Users\rahul\Github\My_Python-codes\Scala codes\Variables.scala. Using presentation compiler with project's scala-library version: 3.3.7
2026.07.10 10:32:03 INFO  no build target found for C:\Users\rahul\Github\My_Python-codes\Scala codes\Variables.scala. Using presentation compiler with project's scala-library version: 3.3.7
2026.07.10 10:32:03 INFO  no build target found for C:\Users\rahul\Github\My_Python-codes\Scala codes\Variables.scala. Using presentation compiler with project's scala-library version: 3.3.7
2026.07.10 10:32:04 WARN  no build target for: C:\Users\rahul\Github\My_Python-codes\Scala codes\Variables.scala
2026.07.10 10:32:05 INFO  no build target found for C:\Users\rahul\Github\My_Python-codes\Scala codes\Variables.scala. Using presentation compiler with project's scala-library version: 3.3.7
2026.07.10 10:32:05 INFO  no build target found for C:\Users\rahul\Github\My_Python-codes\Scala codes\Variables.scala. Using presentation compiler with project's scala-library version: 3.3.7
2026.07.10 10:32:05 INFO  no build target found for C:\Users\rahul\Github\My_Python-codes\Scala codes\Variables.scala. Using presentation compiler with project's scala-library version: 3.3.7
Jul 10, 2026 10:32:08 AM org.eclipse.lsp4j.jsonrpc.services.GenericEndpoint notify
INFO: Unsupported notification method: $/setTrace
2026.07.10 10:32:08 INFO  no build target found for C:\Users\rahul\Github\My_Python-codes\Scala codes\Variables.scala. Using presentation compiler with project's scala-library version: 3.3.7
2026.07.10 10:32:11 INFO  no build target found for C:\Users\rahul\Github\My_Python-codes\Scala codes\Variables.scala. Using presentation compiler with project's scala-library version: 3.3.7
2026.07.10 10:32:24 INFO  no build target found for C:\Users\rahul\Github\My_Python-codes\Scala codes\Variables.scala. Using presentation compiler with project's scala-library version: 3.3.7
2026.07.10 10:32:24 INFO  no build target found for C:\Users\rahul\Github\My_Python-codes\Scala codes\Variables.scala. Using presentation compiler with project's scala-library version: 3.3.7
2026.07.10 10:32:25 INFO  no build target found for C:\Users\rahul\Github\My_Python-codes\Scala codes\Variables.scala. Using presentation compiler with project's scala-library version: 3.3.7
2026.07.10 10:32:25 INFO  no build target found for C:\Users\rahul\Github\My_Python-codes\Scala codes\Variables.scala. Using presentation compiler with project's scala-library version: 3.3.7
2026.07.10 10:32:25 INFO  no build target found for C:\Users\rahul\Github\My_Python-codes\Scala codes\Variables.scala. Using presentation compiler with project's scala-library version: 3.3.7
2026.07.10 10:32:26 INFO  no build target found for C:\Users\rahul\Github\My_Python-codes\Scala codes\Variables.scala. Using presentation compiler with project's scala-library version: 3.3.7
2026.07.10 10:32:25 INFO  no build target found for C:\Users\rahul\Github\My_Python-codes\Scala codes\Variables.scala. Using presentation compiler with project's scala-library version: 3.3.7
Jul 10, 2026 10:32:26 AM org.eclipse.lsp4j.jsonrpc.RemoteEndpoint handleCancellation
WARNING: Unmatched cancel notification for request id 289
2026.07.10 10:32:26 INFO  no build target found for C:\Users\rahul\Github\My_Python-codes\Scala codes\Variables.scala. Using presentation compiler with project's scala-library version: 3.3.7
2026.07.10 10:32:26 INFO  no build target found for C:\Users\rahul\Github\My_Python-codes\Scala codes\Variables.scala. Using presentation compiler with project's scala-library version: 3.3.7
2026.07.10 10:32:26 INFO  no build target found for C:\Users\rahul\Github\My_Python-codes\Scala codes\Variables.scala. Using presentation compiler with project's scala-library version: 3.3.7
2026.07.10 10:32:27 INFO  no build target found for C:\Users\rahul\Github\My_Python-codes\Scala codes\Variables.scala. Using presentation compiler with project's scala-library version: 3.3.7
2026.07.10 10:32:26 INFO  no build target found for C:\Users\rahul\Github\My_Python-codes\Scala codes\Variables.scala. Using presentation compiler with project's scala-library version: 3.3.7
2026.07.10 10:32:30 INFO  no build target found for C:\Users\rahul\Github\My_Python-codes\Scala codes\Variables.scala. Using presentation compiler with project's scala-library version: 3.3.7
2026.07.10 10:32:30 INFO  no build target found for C:\Users\rahul\Github\My_Python-codes\Scala codes\Variables.scala. Using presentation compiler with project's scala-library version: 3.3.7
2026.07.10 10:32:30 INFO  no build target found for C:\Users\rahul\Github\My_Python-codes\Scala codes\Variables.scala. Using presentation compiler with project's scala-library version: 3.3.7
2026.07.10 10:32:30 INFO  no build target found for C:\Users\rahul\Github\My_Python-codes\Scala codes\Variables.scala. Using presentation compiler with project's scala-library version: 3.3.7
2026.07.10 10:32:31 INFO  no build target found for C:\Users\rahul\Github\My_Python-codes\Scala codes\Variables.scala. Using presentation compiler with project's scala-library version: 3.3.7
2026.07.10 10:32:31 INFO  no build target found for C:\Users\rahul\Github\My_Python-codes\Scala codes\Variables.scala. Using presentation compiler with project's scala-library version: 3.3.7
2026.07.10 10:32:32 INFO  no build target found for C:\Users\rahul\Github\My_Python-codes\Scala codes\Variables.scala. Using presentation compiler with project's scala-library version: 3.3.7
2026.07.10 10:32:32 INFO  no build target found for C:\Users\rahul\Github\My_Python-codes\Scala codes\Variables.scala. Using presentation compiler with project's scala-library version: 3.3.7
2026.07.10 10:32:32 INFO  no build target found for C:\Users\rahul\Github\My_Python-codes\Scala codes\Variables.scala. Using presentation compiler with project's scala-library version: 3.3.7
2026.07.10 10:32:34 INFO  no build target found for C:\Users\rahul\Github\My_Python-codes\Scala codes\Variables.scala. Using presentation compiler with project's scala-library version: 3.3.7
2026.07.10 10:32:34 INFO  no build target found for C:\Users\rahul\Github\My_Python-codes\Scala codes\Variables.scala. Using presentation compiler with project's scala-library version: 3.3.7
2026.07.10 10:32:34 INFO  no build target found for C:\Users\rahul\Github\My_Python-codes\Scala codes\Variables.scala. Using presentation compiler with project's scala-library version: 3.3.7
2026.07.10 10:32:34 INFO  no build target found for C:\Users\rahul\Github\My_Python-codes\Scala codes\Variables.scala. Using presentation compiler with project's scala-library version: 3.3.7
2026.07.10 10:32:36 INFO  no build target found for C:\Users\rahul\Github\My_Python-codes\Scala codes\Variables.scala. Using presentation compiler with project's scala-library version: 3.3.7
2026.07.10 10:32:36 INFO  no build target found for C:\Users\rahul\Github\My_Python-codes\Scala codes\Variables.scala. Using presentation compiler with project's scala-library version: 3.3.7
Jul 10, 2026 10:32:36 AM org.eclipse.lsp4j.jsonrpc.RemoteEndpoint handleCancellation
WARNING: Unmatched cancel notification for request id 319
2026.07.10 10:32:36 INFO  no build target found for C:\Users\rahul\Github\My_Python-codes\Scala codes\Variables.scala. Using presentation compiler with project's scala-library version: 3.3.7
2026.07.10 10:32:36 INFO  no build target found for C:\Users\rahul\Github\My_Python-codes\Scala codes\Variables.scala. Using presentation compiler with project's scala-library version: 3.3.7
2026.07.10 10:32:36 INFO  no build target found for C:\Users\rahul\Github\My_Python-codes\Scala codes\Variables.scala. Using presentation compiler with project's scala-library version: 3.3.7
2026.07.10 10:32:36 INFO  no build target found for C:\Users\rahul\Github\My_Python-codes\Scala codes\Variables.scala. Using presentation compiler with project's scala-library version: 3.3.7
2026.07.10 10:32:37 INFO  no build target found for C:\Users\rahul\Github\My_Python-codes\Scala codes\Variables.scala. Using presentation compiler with project's scala-library version: 3.3.7
2026.07.10 10:32:37 INFO  no build target found for C:\Users\rahul\Github\My_Python-codes\Scala codes\Variables.scala. Using presentation compiler with project's scala-library version: 3.3.7
Jul 10, 2026 10:32:37 AM org.eclipse.lsp4j.jsonrpc.RemoteEndpoint handleCancellation
WARNING: Unmatched cancel notification for request id 330
2026.07.10 10:32:37 INFO  no build target found for C:\Users\rahul\Github\My_Python-codes\Scala codes\Variables.scala. Using presentation compiler with project's scala-library version: 3.3.7
2026.07.10 10:32:37 INFO  no build target found for C:\Users\rahul\Github\My_Python-codes\Scala codes\Variables.scala. Using presentation compiler with project's scala-library version: 3.3.7
2026.07.10 10:32:37 INFO  no build target found for C:\Users\rahul\Github\My_Python-codes\Scala codes\Variables.scala. Using presentation compiler with project's scala-library version: 3.3.7
2026.07.10 10:32:38 INFO  no build target found for C:\Users\rahul\Github\My_Python-codes\Scala codes\Variables.scala. Using presentation compiler with project's scala-library version: 3.3.7
2026.07.10 10:32:38 INFO  no build target found for C:\Users\rahul\Github\My_Python-codes\Scala codes\Variables.scala. Using presentation compiler with project's scala-library version: 3.3.7
2026.07.10 10:32:38 INFO  no build target found for C:\Users\rahul\Github\My_Python-codes\Scala codes\Variables.scala. Using presentation compiler with project's scala-library version: 3.3.7
2026.07.10 10:32:38 INFO  no build target found for C:\Users\rahul\Github\My_Python-codes\Scala codes\Variables.scala. Using presentation compiler with project's scala-library version: 3.3.7
Jul 10, 2026 10:32:39 AM org.eclipse.lsp4j.jsonrpc.RemoteEndpoint handleCancellation
WARNING: Unmatched cancel notification for request id 340
2026.07.10 10:32:40 INFO  no build target found for C:\Users\rahul\Github\My_Python-codes\Scala codes\Variables.scala. Using presentation compiler with project's scala-library version: 3.3.7
2026.07.10 10:32:40 INFO  no build target found for C:\Users\rahul\Github\My_Python-codes\Scala codes\Variables.scala. Using presentation compiler with project's scala-library version: 3.3.7
2026.07.10 10:32:40 INFO  no build target found for C:\Users\rahul\Github\My_Python-codes\Scala codes\Variables.scala. Using presentation compiler with project's scala-library version: 3.3.7
2026.07.10 10:32:40 INFO  no build target found for C:\Users\rahul\Github\My_Python-codes\Scala codes\Variables.scala. Using presentation compiler with project's scala-library version: 3.3.7
2026.07.10 10:32:41 INFO  no build target found for C:\Users\rahul\Github\My_Python-codes\Scala codes\Variables.scala. Using presentation compiler with project's scala-library version: 3.3.7
2026.07.10 10:32:41 INFO  no build target found for C:\Users\rahul\Github\My_Python-codes\Scala codes\Variables.scala. Using presentation compiler with project's scala-library version: 3.3.7
2026.07.10 10:32:42 INFO  no build target found for C:\Users\rahul\Github\My_Python-codes\Scala codes\Variables.scala. Using presentation compiler with project's scala-library version: 3.3.7
2026.07.10 10:32:42 INFO  no build target found for C:\Users\rahul\Github\My_Python-codes\Scala codes\Variables.scala. Using presentation compiler with project's scala-library version: 3.3.7
2026.07.10 10:32:44 INFO  no build target found for C:\Users\rahul\Github\My_Python-codes\Scala codes\Variables.scala. Using presentation compiler with project's scala-library version: 3.3.7
2026.07.10 10:32:44 INFO  no build target found for C:\Users\rahul\Github\My_Python-codes\Scala codes\Variables.scala. Using presentation compiler with project's scala-library version: 3.3.7
2026.07.10 10:32:44 INFO  no build target found for C:\Users\rahul\Github\My_Python-codes\Scala codes\Variables.scala. Using presentation compiler with project's scala-library version: 3.3.7
2026.07.10 10:32:45 INFO  no build target found for C:\Users\rahul\Github\My_Python-codes\Scala codes\Variables.scala. Using presentation compiler with project's scala-library version: 3.3.7
2026.07.10 10:32:46 INFO  no build target found for C:\Users\rahul\Github\My_Python-codes\Scala codes\Variables.scala. Using presentation compiler with project's scala-library version: 3.3.7
2026.07.10 10:32:47 INFO  no build target found for C:\Users\rahul\Github\My_Python-codes\Scala codes\Variables.scala. Using presentation compiler with project's scala-library version: 3.3.7
2026.07.10 10:32:53 INFO  no build target found for C:\Users\rahul\Github\My_Python-codes\Scala codes\Variables.scala. Using presentation compiler with project's scala-library version: 3.3.7
2026.07.10 10:32:53 INFO  no build target found for C:\Users\rahul\Github\My_Python-codes\Scala codes\Variables.scala. Using presentation compiler with project's scala-library version: 3.3.7
2026.07.10 10:32:53 INFO  no build target found for C:\Users\rahul\Github\My_Python-codes\Scala codes\Variables.scala. Using presentation compiler with project's scala-library version: 3.3.7
2026.07.10 10:32:54 INFO  no build target found for C:\Users\rahul\Github\My_Python-codes\Scala codes\Variables.scala. Using presentation compiler with project's scala-library version: 3.3.7
2026.07.10 10:32:54 INFO  no build target found for C:\Users\rahul\Github\My_Python-codes\Scala codes\Variables.scala. Using presentation compiler with project's scala-library version: 3.3.7
2026.07.10 10:32:56 INFO  no build target found for C:\Users\rahul\Github\My_Python-codes\Scala codes\Variables.scala. Using presentation compiler with project's scala-library version: 3.3.7
Jul 10, 2026 10:32:56 AM org.eclipse.lsp4j.jsonrpc.RemoteEndpoint handleCancellation
WARNING: Unmatched cancel notification for request id 384
2026.07.10 10:32:56 INFO  no build target found for C:\Users\rahul\Github\My_Python-codes\Scala codes\Variables.scala. Using presentation compiler with project's scala-library version: 3.3.7
2026.07.10 10:32:56 INFO  no build target found for C:\Users\rahul\Github\My_Python-codes\Scala codes\Variables.scala. Using presentation compiler with project's scala-library version: 3.3.7
2026.07.10 10:32:56 INFO  no build target found for C:\Users\rahul\Github\My_Python-codes\Scala codes\Variables.scala. Using presentation compiler with project's scala-library version: 3.3.7
2026.07.10 10:32:57 WARN  no build target for: C:\Users\rahul\Github\My_Python-codes\Scala codes\Variables.scala
2026.07.10 10:32:58 INFO  no build target found for C:\Users\rahul\Github\My_Python-codes\Scala codes\Variables.scala. Using presentation compiler with project's scala-library version: 3.3.7
2026.07.10 10:33:01 INFO  no build target found for C:\Users\rahul\Github\My_Python-codes\Scala codes\Variables.scala. Using presentation compiler with project's scala-library version: 3.3.7
2026.07.10 10:33:08 INFO  no build target found for C:\Users\rahul\Github\My_Python-codes\Scala codes\Variables.scala. Using presentation compiler with project's scala-library version: 3.3.7
2026.07.10 10:33:17 INFO  no build target found for C:\Users\rahul\Github\My_Python-codes\Scala codes\Variables.scala. Using presentation compiler with project's scala-library version: 3.3.7
2026.07.10 10:33:20 INFO  no build target found for C:\Users\rahul\Github\My_Python-codes\Scala codes\Variables.scala. Using presentation compiler with project's scala-library version: 3.3.7
2026.07.10 10:33:21 INFO  no build target found for C:\Users\rahul\Github\My_Python-codes\Scala codes\Variables.scala. Using presentation compiler with project's scala-library version: 3.3.7
2026.07.10 10:33:22 INFO  no build target found for C:\Users\rahul\Github\My_Python-codes\Scala codes\Variables.scala. Using presentation compiler with project's scala-library version: 3.3.7
2026.07.10 10:33:22 INFO  no build target found for C:\Users\rahul\Github\My_Python-codes\Scala codes\Variables.scala. Using presentation compiler with project's scala-library version: 3.3.7
2026.07.10 10:33:22 INFO  no build target found for C:\Users\rahul\Github\My_Python-codes\Scala codes\Variables.scala. Using presentation compiler with project's scala-library version: 3.3.7
2026.07.10 10:33:22 INFO  no build target found for C:\Users\rahul\Github\My_Python-codes\Scala codes\Variables.scala. Using presentation compiler with project's scala-library version: 3.3.7
2026.07.10 10:33:22 INFO  no build target found for C:\Users\rahul\Github\My_Python-codes\Scala codes\Variables.scala. Using presentation compiler with project's scala-library version: 3.3.7
2026.07.10 10:33:26 INFO  no build target found for C:\Users\rahul\Github\My_Python-codes\Scala codes\Variables.scala. Using presentation compiler with project's scala-library version: 3.3.7
2026.07.10 10:33:26 INFO  no build target found for C:\Users\rahul\Github\My_Python-codes\Scala codes\Variables.scala. Using presentation compiler with project's scala-library version: 3.3.7
2026.07.10 10:33:27 INFO  no build target found for C:\Users\rahul\Github\My_Python-codes\Scala codes\Variables.scala. Using presentation compiler with project's scala-library version: 3.3.7
2026.07.10 10:33:28 INFO  no build target found for C:\Users\rahul\Github\My_Python-codes\Scala codes\Variables.scala. Using presentation compiler with project's scala-library version: 3.3.7
2026.07.10 10:33:29 INFO  no build target found for C:\Users\rahul\Github\My_Python-codes\Scala codes\Variables.scala. Using presentation compiler with project's scala-library version: 3.3.7
2026.07.10 10:33:28 INFO  no build target found for C:\Users\rahul\Github\My_Python-codes\Scala codes\Variables.scala. Using presentation compiler with project's scala-library version: 3.3.7
2026.07.10 10:33:29 INFO  no build target found for C:\Users\rahul\Github\My_Python-codes\Scala codes\Variables.scala. Using presentation compiler with project's scala-library version: 3.3.7
2026.07.10 10:33:30 INFO  no build target found for C:\Users\rahul\Github\My_Python-codes\Scala codes\Variables.scala. Using presentation compiler with project's scala-library version: 3.3.7
2026.07.10 10:33:30 INFO  no build target found for C:\Users\rahul\Github\My_Python-codes\Scala codes\Variables.scala. Using presentation compiler with project's scala-library version: 3.3.7
2026.07.10 10:33:30 INFO  no build target found for C:\Users\rahul\Github\My_Python-codes\Scala codes\Variables.scala. Using presentation compiler with project's scala-library version: 3.3.7
2026.07.10 10:33:31 INFO  no build target found for C:\Users\rahul\Github\My_Python-codes\Scala codes\Variables.scala. Using presentation compiler with project's scala-library version: 3.3.7
2026.07.10 10:33:32 INFO  no build target found for C:\Users\rahul\Github\My_Python-codes\Scala codes\Variables.scala. Using presentation compiler with project's scala-library version: 3.3.7
2026.07.10 10:33:31 INFO  no build target found for C:\Users\rahul\Github\My_Python-codes\Scala codes\Variables.scala. Using presentation compiler with project's scala-library version: 3.3.7
2026.07.10 10:33:32 INFO  no build target found for C:\Users\rahul\Github\My_Python-codes\Scala codes\Variables.scala. Using presentation compiler with project's scala-library version: 3.3.7
2026.07.10 10:33:33 INFO  no build target found for C:\Users\rahul\Github\My_Python-codes\Scala codes\Variables.scala. Using presentation compiler with project's scala-library version: 3.3.7
2026.07.10 10:33:33 INFO  no build target found for C:\Users\rahul\Github\My_Python-codes\Scala codes\Variables.scala. Using presentation compiler with project's scala-library version: 3.3.7
Exception in thread "pool-97-thread-1" 2026.07.10 10:33:33 INFO  no build target found for C:\Users\rahul\Github\My_Python-codes\Scala codes\Variables.scala. Using presentation compiler with project's scala-library version: 3.3.7
java.lang.InterruptedException
	at scala.meta.internal.metals.FutureCancelToken.checkCanceled(FutureCancelToken.scala:29)
	at scala.meta.internal.pc.CompilerAccess.onCompilerJobQueue$$anonfun$1(CompilerAccess.scala:208)
	at scala.meta.internal.pc.CompilerJobQueue$Job.run(CompilerJobQueue.scala:153)
	at java.base/java.util.concurrent.ThreadPoolExecutor.runWorker(ThreadPoolExecutor.java:1136)
	at java.base/java.util.concurrent.ThreadPoolExecutor$Worker.run(ThreadPoolExecutor.java:635)
	at java.base/java.lang.Thread.run(Thread.java:842)
2026.07.10 10:33:33 INFO  no build target found for C:\Users\rahul\Github\My_Python-codes\Scala codes\Variables.scala. Using presentation compiler with project's scala-library version: 3.3.7
2026.07.10 10:33:33 INFO  no build target found for C:\Users\rahul\Github\My_Python-codes\Scala codes\Variables.scala. Using presentation compiler with project's scala-library version: 3.3.7
2026.07.10 10:33:35 INFO  no build target found for C:\Users\rahul\Github\My_Python-codes\Scala codes\Variables.scala. Using presentation compiler with project's scala-library version: 3.3.7
2026.07.10 10:33:35 INFO  no build target found for C:\Users\rahul\Github\My_Python-codes\Scala codes\Variables.scala. Using presentation compiler with project's scala-library version: 3.3.7
2026.07.10 10:33:35 INFO  no build target found for C:\Users\rahul\Github\My_Python-codes\Scala codes\Variables.scala. Using presentation compiler with project's scala-library version: 3.3.7
2026.07.10 10:33:35 INFO  no build target found for C:\Users\rahul\Github\My_Python-codes\Scala codes\Variables.scala. Using presentation compiler with project's scala-library version: 3.3.7
2026.07.10 10:33:35 INFO  no build target found for C:\Users\rahul\Github\My_Python-codes\Scala codes\Variables.scala. Using presentation compiler with project's scala-library version: 3.3.7
2026.07.10 10:33:39 INFO  no build target found for C:\Users\rahul\Github\My_Python-codes\Scala codes\Variables.scala. Using presentation compiler with project's scala-library version: 3.3.7
2026.07.10 10:33:39 INFO  no build target found for C:\Users\rahul\Github\My_Python-codes\Scala codes\Variables.scala. Using presentation compiler with project's scala-library version: 3.3.7
2026.07.10 10:33:39 INFO  no build target found for C:\Users\rahul\Github\My_Python-codes\Scala codes\Variables.scala. Using presentation compiler with project's scala-library version: 3.3.7
2026.07.10 10:33:41 WARN  no build target for: C:\Users\rahul\Github\My_Python-codes\Scala codes\Variables.scala
2026.07.10 10:33:42 INFO  no build target found for C:\Users\rahul\Github\My_Python-codes\Scala codes\Variables.scala. Using presentation compiler with project's scala-library version: 3.3.7
2026.07.10 10:33:44 INFO  no build target found for C:\Users\rahul\Github\My_Python-codes\Scala codes\Variables.scala. Using presentation compiler with project's scala-library version: 3.3.7
2026.07.10 10:34:40 INFO  no build target found for C:\Users\rahul\Github\My_Python-codes\Scala codes\Variables.scala. Using presentation compiler with project's scala-library version: 3.3.7
2026.07.10 10:34:41 INFO  no build target found for C:\Users\rahul\Github\My_Python-codes\Scala codes\Variables.scala. Using presentation compiler with project's scala-library version: 3.3.7
2026.07.10 10:34:41 INFO  no build target found for C:\Users\rahul\Github\My_Python-codes\Scala codes\Variables.scala. Using presentation compiler with project's scala-library version: 3.3.7
2026.07.10 10:34:41 INFO  no build target found for C:\Users\rahul\Github\My_Python-codes\Scala codes\Variables.scala. Using presentation compiler with project's scala-library version: 3.3.7
2026.07.10 10:34:41 INFO  no build target found for C:\Users\rahul\Github\My_Python-codes\Scala codes\Variables.scala. Using presentation compiler with project's scala-library version: 3.3.7
Jul 10, 2026 10:34:42 AM org.eclipse.lsp4j.jsonrpc.RemoteEndpoint handleCancellation
WARNING: Unmatched cancel notification for request id 467
2026.07.10 10:34:42 INFO  no build target found for C:\Users\rahul\Github\My_Python-codes\Scala codes\Variables.scala. Using presentation compiler with project's scala-library version: 3.3.7
2026.07.10 10:34:42 INFO  no build target found for C:\Users\rahul\Github\My_Python-codes\Scala codes\Variables.scala. Using presentation compiler with project's scala-library version: 3.3.7
2026.07.10 10:34:42 INFO  no build target found for C:\Users\rahul\Github\My_Python-codes\Scala codes\Variables.scala. Using presentation compiler with project's scala-library version: 3.3.7
2026.07.10 10:34:42 INFO  no build target found for C:\Users\rahul\Github\My_Python-codes\Scala codes\Variables.scala. Using presentation compiler with project's scala-library version: 3.3.7
2026.07.10 10:34:42 INFO  no build target found for C:\Users\rahul\Github\My_Python-codes\Scala codes\Variables.scala. Using presentation compiler with project's scala-library version: 3.3.7
2026.07.10 10:34:42 INFO  no build target found for C:\Users\rahul\Github\My_Python-codes\Scala codes\Variables.scala. Using presentation compiler with project's scala-library version: 3.3.7
2026.07.10 10:34:44 INFO  no build target found for C:\Users\rahul\Github\My_Python-codes\Scala codes\Variables.scala. Using presentation compiler with project's scala-library version: 3.3.7
2026.07.10 10:34:44 INFO  no build target found for C:\Users\rahul\Github\My_Python-codes\Scala codes\Variables.scala. Using presentation compiler with project's scala-library version: 3.3.7
2026.07.10 10:34:45 INFO  no build target found for C:\Users\rahul\Github\My_Python-codes\Scala codes\Variables.scala. Using presentation compiler with project's scala-library version: 3.3.7
2026.07.10 10:34:45 INFO  no build target found for C:\Users\rahul\Github\My_Python-codes\Scala codes\Variables.scala. Using presentation compiler with project's scala-library version: 3.3.7
2026.07.10 10:34:45 INFO  no build target found for C:\Users\rahul\Github\My_Python-codes\Scala codes\Variables.scala. Using presentation compiler with project's scala-library version: 3.3.7
2026.07.10 10:34:46 INFO  no build target found for C:\Users\rahul\Github\My_Python-codes\Scala codes\Variables.scala. Using presentation compiler with project's scala-library version: 3.3.7
2026.07.10 10:34:45 INFO  no build target found for C:\Users\rahul\Github\My_Python-codes\Scala codes\Variables.scala. Using presentation compiler with project's scala-library version: 3.3.7
2026.07.10 10:34:47 WARN  no build target for: C:\Users\rahul\Github\My_Python-codes\Scala codes\Variables.scala
2026.07.10 10:34:48 INFO  no build target found for C:\Users\rahul\Github\My_Python-codes\Scala codes\Variables.scala. Using presentation compiler with project's scala-library version: 3.3.7
2026.07.10 10:34:48 INFO  no build target found for C:\Users\rahul\Github\My_Python-codes\Scala codes\Variables.scala. Using presentation compiler with project's scala-library version: 3.3.7
2026.07.10 10:34:50 INFO  no build target found for C:\Users\rahul\Github\My_Python-codes\Scala codes\Variables.scala. Using presentation compiler with project's scala-library version: 3.3.7
2026.07.10 10:39:56 INFO  no build target found for C:\Users\rahul\Github\My_Python-codes\Scala codes\Class and objects_2.scala. Using presentation compiler with project's scala-library version: 3.3.7
2026.07.10 10:39:56 INFO  no build target found for C:\Users\rahul\Github\My_Python-codes\Scala codes\Class and objects_2.scala. Using presentation compiler with project's scala-library version: 3.3.7
2026.07.10 10:39:56 WARN  no build target for: C:\Users\rahul\Github\My_Python-codes\Scala codes\Class and objects_2.scala
Jul 10, 2026 10:39:57 AM org.eclipse.lsp4j.jsonrpc.RemoteEndpoint handleCancellation
WARNING: Unmatched cancel notification for request id 495
2026.07.10 10:40:01 INFO  no build target found for C:\Users\rahul\Github\My_Python-codes\Scala codes\Class_Objects.scala. Using presentation compiler with project's scala-library version: 3.3.7
2026.07.10 10:40:01 WARN  no build target for: C:\Users\rahul\Github\My_Python-codes\Scala codes\Class_Objects.scala
2026.07.10 10:40:01 INFO  no build target found for C:\Users\rahul\Github\My_Python-codes\Scala codes\Class_Objects.scala. Using presentation compiler with project's scala-library version: 3.3.7
2026.07.10 10:40:01 INFO  no build target found for C:\Users\rahul\Github\My_Python-codes\Scala codes\Class_Objects.scala. Using presentation compiler with project's scala-library version: 3.3.7
2026.07.10 10:42:57 INFO  no build target found for C:\Users\rahul\Github\My_Python-codes\Scala codes\Class and objects_2.scala. Using presentation compiler with project's scala-library version: 3.3.7
2026.07.10 10:53:50 INFO  no build target found for C:\Users\rahul\Github\My_Python-codes\Scala codes\Class_Objects.scala. Using presentation compiler with project's scala-library version: 3.3.7
2026.07.10 10:53:50 INFO  no build target found for C:\Users\rahul\Github\My_Python-codes\Scala codes\new.scala. Using presentation compiler with project's scala-library version: 3.3.7
2026.07.10 10:53:50 INFO  no build target found for C:\Users\rahul\Github\My_Python-codes\Scala codes\new.scala. Using presentation compiler with project's scala-library version: 3.3.7
2026.07.10 10:53:50 WARN  no build target for: C:\Users\rahul\Github\My_Python-codes\Scala codes\new.scala
2026.07.10 10:53:50 INFO  no build target found for C:\Users\rahul\Github\My_Python-codes\Scala codes\new.scala. Using presentation compiler with project's scala-library version: 3.3.7
Jul 10, 2026 12:52:04 PM org.eclipse.lsp4j.jsonrpc.RemoteEndpoint handleCancellation
WARNING: Unmatched cancel notification for request id 514
Jul 11, 2026 1:57:36 AM org.eclipse.lsp4j.jsonrpc.services.GenericEndpoint notify
INFO: Unsupported notification method: $/setTrace
2026.07.11 01:57:58 INFO  no build target found for C:\Users\rahul\Github\My_Python-codes\Scala codes\new.scala. Using presentation compiler with project's scala-library version: 3.3.7
2026.07.11 01:58:25 INFO  Shutting down server
2026.07.11 01:58:25 INFO  Memory monitor stopped
2026.07.11 01:58:25 INFO  shutting down Metals
2026.07.11 01:58:25 INFO  Exiting server
2026.07.11 01:59:24 INFO  Started: Metals version 1.6.7 in folders 'C:\Users\rahul\Github\My_Python-codes' for client Visual Studio Code 1.127.0.
2026.07.11 01:59:24 INFO  Memory monitor started
2026.07.11 01:59:26 WARN  Using H2 2.4.240 which is newer than the version Flyway has been verified with. The latest verified version of H2 is 2.3.232.
2026.07.11 01:59:27 INFO  Attempting to connect to the build server...
2026.07.11 01:59:27 INFO  Running BSP server List(C:\Users\rahul\AppData\Local\Coursier\data\bin\.scala-cli.aux.exe, bsp, --json-options, C:\Users\rahul\OneDrive\Documents\GitHub\My_Python-codes\.scala-build\ide-options-v2.json, --json-launcher-options, C:\Users\rahul\OneDrive\Documents\GitHub\My_Python-codes\.scala-build\ide-launcher-options.json, --envs-file, C:\Users\rahul\OneDrive\Documents\GitHub\My_Python-codes\.scala-build\ide-envs.json, C:\Users\rahul\OneDrive\Documents\GitHub\My_Python-codes)
2026.07.11 01:59:51 INFO  tracing is disabled for protocol BSP, to enable tracing of incoming and outgoing JSON messages create an empty file at C:\Users\rahul\Github\My_Python-codes\.metals\bsp.trace.json or C:\Users\rahul\AppData\Local\scalameta\metals\cache\bsp.trace.json
2026.07.11 01:59:52 INFO  BSP server: Exception in thread "subprocess-shutdown-hook-monitor" java.io.IOException: Cannot run program "C:\Program Files\Java\jdk-25\bin\java.exe" (in directory "C:\Users\rahul\OneDrive\Documents\GitHub\My_Python-codes"): CreateProcess error=2, The system cannot find the file specified
2026.07.11 01:59:52 INFO  BSP server: 	at java.base@17.0.9/java.lang.ProcessBuilder.start(ProcessBuilder.java:1143)
2026.07.11 01:59:52 INFO  BSP server: 	at java.base@17.0.9/java.lang.ProcessBuilder.start(ProcessBuilder.java:1073)
2026.07.11 01:59:52 INFO  BSP server: 	at os.proc.proc$lzyINIT1$1(ProcessOps.scala:345)
2026.07.11 01:59:52 INFO  BSP server: 	at os.proc.os$proc$$_$proc$1(ProcessOps.scala:351)
2026.07.11 01:59:52 INFO  BSP server: 	at os.proc$$anon$2.run(ProcessOps.scala:335)
2026.07.11 01:59:52 INFO  BSP server: 	at com.oracle.svm.core.thread.PlatformThreads.threadStartRoutine(PlatformThreads.java:807)
2026.07.11 01:59:52 INFO  BSP server: 	at com.oracle.svm.core.windows.WindowsPlatformThreads.osThreadStartRoutine(WindowsPlatformThreads.java:179)
2026.07.11 01:59:52 INFO  BSP server: Caused by: java.io.IOException: CreateProcess error=2, The system cannot find the file specified
2026.07.11 01:59:52 INFO  BSP server: 	at com.oracle.svm.core.jni.functions.JNIFunctions$NewObjectWithObjectArrayArgFunctionPointer.invoke(JNIFunctions.java)
2026.07.11 01:59:52 INFO  BSP server: 	at com.oracle.svm.core.jni.functions.JNIFunctions.ThrowNew(JNIFunctions.java:889)
2026.07.11 01:59:52 INFO  BSP server: 	at java.base@17.0.9/java.lang.ProcessImpl.create(Native Method)
2026.07.11 01:59:52 INFO  BSP server: 	at java.base@17.0.9/java.lang.ProcessImpl.<init>(ProcessImpl.java:499)
2026.07.11 01:59:52 INFO  BSP server: 	at java.base@17.0.9/java.lang.ProcessImpl.start(ProcessImpl.java:158)
2026.07.11 01:59:52 INFO  BSP server: 	at java.base@17.0.9/java.lang.ProcessBuilder.start(ProcessBuilder.java:1110)
2026.07.11 01:59:52 INFO  BSP server: 	... 6 more
2026.07.11 01:59:52 INFO  BSP server: Error: java.io.IOException: Cannot run program "C:\Program Files\Java\jdk-25\bin\java.exe" (in directory "C:\Users\rahul\OneDrive\Documents\GitHub\My_Python-codes"): CreateProcess error=2, The system cannot find the file specified
2026.07.11 01:59:52 INFO  BSP server: For more details, please see 'C:\Users\rahul\OneDrive\Documents\GitHub\My_Python-codes\.scala-build\stacktraces\1783715392-9464733491454903558.log'
2026.07.11 01:59:52 INFO  BSP server: Exception in thread "subprocess-shutdown-hook" java.io.IOException: Cannot run program "C:\Program Files\Java\jdk-25\bin\java.exe" (in directory "C:\Users\rahul\OneDrive\Documents\GitHub\My_Python-codes"): CreateProcess error=2, The system cannot find the file specified
2026.07.11 01:59:52 INFO  BSP server: 	at java.base@17.0.9/java.lang.ProcessBuilder.start(ProcessBuilder.java:1143)
2026.07.11 01:59:52 INFO  BSP server: 	at java.base@17.0.9/java.lang.ProcessBuilder.start(ProcessBuilder.java:1073)
2026.07.11 01:59:52 INFO  BSP server: 	at os.proc.proc$lzyINIT1$1(ProcessOps.scala:345)
2026.07.11 01:59:52 INFO  BSP server: 	at os.proc.os$proc$$_$proc$1(ProcessOps.scala:351)
2026.07.11 01:59:52 INFO  BSP server: 	at os.proc$$anon$1.run(ProcessOps.scala:329)
2026.07.11 01:59:52 INFO  BSP server: 	at com.oracle.svm.core.thread.PlatformThreads.threadStartRoutine(PlatformThreads.java:807)
2026.07.11 01:59:52 INFO  BSP server: 	at com.oracle.svm.core.windows.WindowsPlatformThreads.osThreadStartRoutine(WindowsPlatformThreads.java:179)
2026.07.11 01:59:52 INFO  BSP server: Caused by: java.io.IOException: CreateProcess error=2, The system cannot find the file specified
2026.07.11 01:59:52 INFO  BSP server: 	at com.oracle.svm.core.jni.functions.JNIFunctions$NewObjectWithObjectArrayArgFunctionPointer.invoke(JNIFunctions.java)
2026.07.11 01:59:52 INFO  BSP server: 	at com.oracle.svm.core.jni.functions.JNIFunctions.ThrowNew(JNIFunctions.java:889)
2026.07.11 01:59:52 INFO  BSP server: 	at java.base@17.0.9/java.lang.ProcessImpl.create(Native Method)
2026.07.11 01:59:52 INFO  BSP server: 	at java.base@17.0.9/java.lang.ProcessImpl.<init>(ProcessImpl.java:499)
2026.07.11 01:59:52 INFO  BSP server: 	at java.base@17.0.9/java.lang.ProcessImpl.start(ProcessImpl.java:158)
2026.07.11 01:59:52 INFO  BSP server: 	at java.base@17.0.9/java.lang.ProcessBuilder.start(ProcessBuilder.java:1110)
2026.07.11 01:59:52 INFO  BSP server: 	... 6 more
2026.07.11 02:00:51 ERROR Timeout waiting for 'build/initialize' response
2026.07.11 02:00:51 WARN  Retrying connection to the build server scala-cli
2026.07.11 02:00:51 INFO  Running BSP server List(C:\Users\rahul\AppData\Local\Coursier\data\bin\.scala-cli.aux.exe, bsp, --json-options, C:\Users\rahul\OneDrive\Documents\GitHub\My_Python-codes\.scala-build\ide-options-v2.json, --json-launcher-options, C:\Users\rahul\OneDrive\Documents\GitHub\My_Python-codes\.scala-build\ide-launcher-options.json, --envs-file, C:\Users\rahul\OneDrive\Documents\GitHub\My_Python-codes\.scala-build\ide-envs.json, C:\Users\rahul\OneDrive\Documents\GitHub\My_Python-codes)
2026.07.11 02:00:51 INFO  tracing is disabled for protocol BSP, to enable tracing of incoming and outgoing JSON messages create an empty file at C:\Users\rahul\Github\My_Python-codes\.metals\bsp.trace.json or C:\Users\rahul\AppData\Local\scalameta\metals\cache\bsp.trace.json
2026.07.11 02:00:52 INFO  BSP server: Exception in thread "subprocess-shutdown-hook-monitor" java.io.IOException: Cannot run program "C:\Program Files\Java\jdk-25\bin\java.exe" (in directory "C:\Users\rahul\OneDrive\Documents\GitHub\My_Python-codes"): CreateProcess error=2, The system cannot find the file specified
2026.07.11 02:00:52 INFO  BSP server: 	at java.base@17.0.9/java.lang.ProcessBuilder.start(ProcessBuilder.java:1143)
2026.07.11 02:00:52 INFO  BSP server: 	at java.base@17.0.9/java.lang.ProcessBuilder.start(ProcessBuilder.java:1073)
2026.07.11 02:00:52 INFO  BSP server: 	at os.proc.proc$lzyINIT1$1(ProcessOps.scala:345)
2026.07.11 02:00:52 INFO  BSP server: 	at os.proc.os$proc$$_$proc$1(ProcessOps.scala:351)
2026.07.11 02:00:52 INFO  BSP server: 	at os.proc$$anon$2.run(ProcessOps.scala:335)
2026.07.11 02:00:52 INFO  BSP server: 	at com.oracle.svm.core.thread.PlatformThreads.threadStartRoutine(PlatformThreads.java:807)
2026.07.11 02:00:52 INFO  BSP server: 	at com.oracle.svm.core.windows.WindowsPlatformThreads.osThreadStartRoutine(WindowsPlatformThreads.java:179)
2026.07.11 02:00:52 INFO  BSP server: Caused by: java.io.IOException: CreateProcess error=2, The system cannot find the file specified
2026.07.11 02:00:52 INFO  BSP server: 	at com.oracle.svm.core.jni.functions.JNIFunctions$NewObjectWithObjectArrayArgFunctionPointer.invoke(JNIFunctions.java)
2026.07.11 02:00:52 INFO  BSP server: 	at com.oracle.svm.core.jni.functions.JNIFunctions.ThrowNew(JNIFunctions.java:889)
2026.07.11 02:00:52 INFO  BSP server: 	at java.base@17.0.9/java.lang.ProcessImpl.create(Native Method)
2026.07.11 02:00:52 INFO  BSP server: 	at java.base@17.0.9/java.lang.ProcessImpl.<init>(ProcessImpl.java:499)
2026.07.11 02:00:52 INFO  BSP server: 	at java.base@17.0.9/java.lang.ProcessImpl.start(ProcessImpl.java:158)
2026.07.11 02:00:52 INFO  BSP server: 	at java.base@17.0.9/java.lang.ProcessBuilder.start(ProcessBuilder.java:1110)
2026.07.11 02:00:52 INFO  BSP server: 	... 6 more
2026.07.11 02:00:52 INFO  BSP server: Error: java.io.IOException: Cannot run program "C:\Program Files\Java\jdk-25\bin\java.exe" (in directory "C:\Users\rahul\OneDrive\Documents\GitHub\My_Python-codes"): CreateProcess error=2, The system cannot find the file specified
2026.07.11 02:00:52 INFO  BSP server: For more details, please see 'C:\Users\rahul\OneDrive\Documents\GitHub\My_Python-codes\.scala-build\stacktraces\1783715452-8174006941407606118.log'
2026.07.11 02:00:52 INFO  BSP server: Exception in thread "subprocess-shutdown-hook" java.io.IOException: Cannot run program "C:\Program Files\Java\jdk-25\bin\java.exe" (in directory "C:\Users\rahul\OneDrive\Documents\GitHub\My_Python-codes"): CreateProcess error=2, The system cannot find the file specified
2026.07.11 02:00:52 INFO  BSP server: 	at java.base@17.0.9/java.lang.ProcessBuilder.start(ProcessBuilder.java:1143)
2026.07.11 02:00:52 INFO  BSP server: 	at java.base@17.0.9/java.lang.ProcessBuilder.start(ProcessBuilder.java:1073)
2026.07.11 02:00:52 INFO  BSP server: 	at os.proc.proc$lzyINIT1$1(ProcessOps.scala:345)
2026.07.11 02:00:52 INFO  BSP server: 	at os.proc.os$proc$$_$proc$1(ProcessOps.scala:351)
2026.07.11 02:00:52 INFO  BSP server: 	at os.proc$$anon$1.run(ProcessOps.scala:329)
2026.07.11 02:00:52 INFO  BSP server: 	at com.oracle.svm.core.thread.PlatformThreads.threadStartRoutine(PlatformThreads.java:807)
2026.07.11 02:00:52 INFO  BSP server: 	at com.oracle.svm.core.windows.WindowsPlatformThreads.osThreadStartRoutine(WindowsPlatformThreads.java:179)
2026.07.11 02:00:52 INFO  BSP server: Caused by: java.io.IOException: CreateProcess error=2, The system cannot find the file specified
2026.07.11 02:00:52 INFO  BSP server: 	at com.oracle.svm.core.jni.functions.JNIFunctions$NewObjectWithObjectArrayArgFunctionPointer.invoke(JNIFunctions.java)
2026.07.11 02:00:52 INFO  BSP server: 	at com.oracle.svm.core.jni.functions.JNIFunctions.ThrowNew(JNIFunctions.java:889)
2026.07.11 02:00:52 INFO  BSP server: 	at java.base@17.0.9/java.lang.ProcessImpl.create(Native Method)
2026.07.11 02:00:52 INFO  BSP server: 	at java.base@17.0.9/java.lang.ProcessImpl.<init>(ProcessImpl.java:499)
2026.07.11 02:00:52 INFO  BSP server: 	at java.base@17.0.9/java.lang.ProcessImpl.start(ProcessImpl.java:158)
2026.07.11 02:00:52 INFO  BSP server: 	at java.base@17.0.9/java.lang.ProcessBuilder.start(ProcessBuilder.java:1110)
2026.07.11 02:00:52 INFO  BSP server: 	... 6 more
2026.07.11 02:01:51 ERROR Timeout waiting for 'build/initialize' response
2026.07.11 02:01:51 WARN  Retrying connection to the build server scala-cli
2026.07.11 02:01:51 INFO  Running BSP server List(C:\Users\rahul\AppData\Local\Coursier\data\bin\.scala-cli.aux.exe, bsp, --json-options, C:\Users\rahul\OneDrive\Documents\GitHub\My_Python-codes\.scala-build\ide-options-v2.json, --json-launcher-options, C:\Users\rahul\OneDrive\Documents\GitHub\My_Python-codes\.scala-build\ide-launcher-options.json, --envs-file, C:\Users\rahul\OneDrive\Documents\GitHub\My_Python-codes\.scala-build\ide-envs.json, C:\Users\rahul\OneDrive\Documents\GitHub\My_Python-codes)
2026.07.11 02:01:51 INFO  tracing is disabled for protocol BSP, to enable tracing of incoming and outgoing JSON messages create an empty file at C:\Users\rahul\Github\My_Python-codes\.metals\bsp.trace.json or C:\Users\rahul\AppData\Local\scalameta\metals\cache\bsp.trace.json
2026.07.11 02:01:52 INFO  BSP server: Exception in thread "subprocess-shutdown-hook-monitor" java.io.IOException: Cannot run program "C:\Program Files\Java\jdk-25\bin\java.exe" (in directory "C:\Users\rahul\OneDrive\Documents\GitHub\My_Python-codes"): CreateProcess error=2, The system cannot find the file specified
2026.07.11 02:01:52 INFO  BSP server: 	at java.base@17.0.9/java.lang.ProcessBuilder.start(ProcessBuilder.java:1143)
2026.07.11 02:01:52 INFO  BSP server: 	at java.base@17.0.9/java.lang.ProcessBuilder.start(ProcessBuilder.java:1073)
2026.07.11 02:01:52 INFO  BSP server: 	at os.proc.proc$lzyINIT1$1(ProcessOps.scala:345)
2026.07.11 02:01:52 INFO  BSP server: 	at os.proc.os$proc$$_$proc$1(ProcessOps.scala:351)
2026.07.11 02:01:52 INFO  BSP server: 	at os.proc$$anon$2.run(ProcessOps.scala:335)
2026.07.11 02:01:52 INFO  BSP server: 	at com.oracle.svm.core.thread.PlatformThreads.threadStartRoutine(PlatformThreads.java:807)
2026.07.11 02:01:52 INFO  BSP server: 	at com.oracle.svm.core.windows.WindowsPlatformThreads.osThreadStartRoutine(WindowsPlatformThreads.java:179)
2026.07.11 02:01:52 INFO  BSP server: Caused by: java.io.IOException: CreateProcess error=2, The system cannot find the file specified
2026.07.11 02:01:52 INFO  BSP server: 	at com.oracle.svm.core.jni.functions.JNIFunctions$NewObjectWithObjectArrayArgFunctionPointer.invoke(JNIFunctions.java)
2026.07.11 02:01:52 INFO  BSP server: 	at com.oracle.svm.core.jni.functions.JNIFunctions.ThrowNew(JNIFunctions.java:889)
2026.07.11 02:01:52 INFO  BSP server: 	at java.base@17.0.9/java.lang.ProcessImpl.create(Native Method)
2026.07.11 02:01:52 INFO  BSP server: 	at java.base@17.0.9/java.lang.ProcessImpl.<init>(ProcessImpl.java:499)
2026.07.11 02:01:52 INFO  BSP server: 	at java.base@17.0.9/java.lang.ProcessImpl.start(ProcessImpl.java:158)
2026.07.11 02:01:52 INFO  BSP server: 	at java.base@17.0.9/java.lang.ProcessBuilder.start(ProcessBuilder.java:1110)
2026.07.11 02:01:52 INFO  BSP server: 	... 6 more
2026.07.11 02:01:52 INFO  BSP server: Error: java.io.IOException: Cannot run program "C:\Program Files\Java\jdk-25\bin\java.exe" (in directory "C:\Users\rahul\OneDrive\Documents\GitHub\My_Python-codes"): CreateProcess error=2, The system cannot find the file specified
2026.07.11 02:01:52 INFO  BSP server: For more details, please see 'C:\Users\rahul\OneDrive\Documents\GitHub\My_Python-codes\.scala-build\stacktraces\1783715512-12964806922120374359.log'
2026.07.11 02:01:52 INFO  BSP server: Exception in thread "subprocess-shutdown-hook" java.io.IOException: Cannot run program "C:\Program Files\Java\jdk-25\bin\java.exe" (in directory "C:\Users\rahul\OneDrive\Documents\GitHub\My_Python-codes"): CreateProcess error=2, The system cannot find the file specified
2026.07.11 02:01:52 INFO  BSP server: 	at java.base@17.0.9/java.lang.ProcessBuilder.start(ProcessBuilder.java:1143)
2026.07.11 02:01:52 INFO  BSP server: 	at java.base@17.0.9/java.lang.ProcessBuilder.start(ProcessBuilder.java:1073)
2026.07.11 02:01:52 INFO  BSP server: 	at os.proc.proc$lzyINIT1$1(ProcessOps.scala:345)
2026.07.11 02:01:52 INFO  BSP server: 	at os.proc.os$proc$$_$proc$1(ProcessOps.scala:351)
2026.07.11 02:01:52 INFO  BSP server: 	at os.proc$$anon$1.run(ProcessOps.scala:329)
2026.07.11 02:01:52 INFO  BSP server: 	at com.oracle.svm.core.thread.PlatformThreads.threadStartRoutine(PlatformThreads.java:807)
2026.07.11 02:01:52 INFO  BSP server: 	at com.oracle.svm.core.windows.WindowsPlatformThreads.osThreadStartRoutine(WindowsPlatformThreads.java:179)
2026.07.11 02:01:52 INFO  BSP server: Caused by: java.io.IOException: CreateProcess error=2, The system cannot find the file specified
2026.07.11 02:01:52 INFO  BSP server: 	at com.oracle.svm.core.jni.functions.JNIFunctions$NewObjectWithObjectArrayArgFunctionPointer.invoke(JNIFunctions.java)
2026.07.11 02:01:52 INFO  BSP server: 	at com.oracle.svm.core.jni.functions.JNIFunctions.ThrowNew(JNIFunctions.java:889)
2026.07.11 02:01:52 INFO  BSP server: 	at java.base@17.0.9/java.lang.ProcessImpl.create(Native Method)
2026.07.11 02:01:52 INFO  BSP server: 	at java.base@17.0.9/java.lang.ProcessImpl.<init>(ProcessImpl.java:499)
2026.07.11 02:01:52 INFO  BSP server: 	at java.base@17.0.9/java.lang.ProcessImpl.start(ProcessImpl.java:158)
2026.07.11 02:01:52 INFO  BSP server: 	at java.base@17.0.9/java.lang.ProcessBuilder.start(ProcessBuilder.java:1110)
2026.07.11 02:01:52 INFO  BSP server: 	... 6 more
Jul 11, 2026 2:02:49 AM org.eclipse.lsp4j.jsonrpc.services.GenericEndpoint notify
INFO: Unsupported notification method: $/setTrace
2026.07.11 02:02:51 ERROR Timeout waiting for 'build/initialize' response
2026.07.11 02:02:51 WARN  Retrying connection to the build server scala-cli
2026.07.11 02:02:51 INFO  Running BSP server List(C:\Users\rahul\AppData\Local\Coursier\data\bin\.scala-cli.aux.exe, bsp, --json-options, C:\Users\rahul\OneDrive\Documents\GitHub\My_Python-codes\.scala-build\ide-options-v2.json, --json-launcher-options, C:\Users\rahul\OneDrive\Documents\GitHub\My_Python-codes\.scala-build\ide-launcher-options.json, --envs-file, C:\Users\rahul\OneDrive\Documents\GitHub\My_Python-codes\.scala-build\ide-envs.json, C:\Users\rahul\OneDrive\Documents\GitHub\My_Python-codes)
2026.07.11 02:02:51 INFO  tracing is disabled for protocol BSP, to enable tracing of incoming and outgoing JSON messages create an empty file at C:\Users\rahul\Github\My_Python-codes\.metals\bsp.trace.json or C:\Users\rahul\AppData\Local\scalameta\metals\cache\bsp.trace.json
2026.07.11 02:02:52 INFO  BSP server: Exception in thread "subprocess-shutdown-hook-monitor" java.io.IOException: Cannot run program "C:\Program Files\Java\jdk-25\bin\java.exe" (in directory "C:\Users\rahul\OneDrive\Documents\GitHub\My_Python-codes"): CreateProcess error=2, The system cannot find the file specified
2026.07.11 02:02:52 INFO  BSP server: 	at java.base@17.0.9/java.lang.ProcessBuilder.start(ProcessBuilder.java:1143)
2026.07.11 02:02:52 INFO  BSP server: 	at java.base@17.0.9/java.lang.ProcessBuilder.start(ProcessBuilder.java:1073)
2026.07.11 02:02:52 INFO  BSP server: 	at os.proc.proc$lzyINIT1$1(ProcessOps.scala:345)
2026.07.11 02:02:52 INFO  BSP server: 	at os.proc.os$proc$$_$proc$1(ProcessOps.scala:351)
2026.07.11 02:02:52 INFO  BSP server: 	at os.proc$$anon$2.run(ProcessOps.scala:335)
2026.07.11 02:02:52 INFO  BSP server: 	at com.oracle.svm.core.thread.PlatformThreads.threadStartRoutine(PlatformThreads.java:807)
2026.07.11 02:02:52 INFO  BSP server: 	at com.oracle.svm.core.windows.WindowsPlatformThreads.osThreadStartRoutine(WindowsPlatformThreads.java:179)
2026.07.11 02:02:52 INFO  BSP server: Caused by: java.io.IOException: CreateProcess error=2, The system cannot find the file specified
2026.07.11 02:02:52 INFO  BSP server: 	at com.oracle.svm.core.jni.functions.JNIFunctions$NewObjectWithObjectArrayArgFunctionPointer.invoke(JNIFunctions.java)
2026.07.11 02:02:52 INFO  BSP server: 	at com.oracle.svm.core.jni.functions.JNIFunctions.ThrowNew(JNIFunctions.java:889)
2026.07.11 02:02:52 INFO  BSP server: 	at java.base@17.0.9/java.lang.ProcessImpl.create(Native Method)
2026.07.11 02:02:52 INFO  BSP server: 	at java.base@17.0.9/java.lang.ProcessImpl.<init>(ProcessImpl.java:499)
2026.07.11 02:02:52 INFO  BSP server: 	at java.base@17.0.9/java.lang.ProcessImpl.start(ProcessImpl.java:158)
2026.07.11 02:02:52 INFO  BSP server: 	at java.base@17.0.9/java.lang.ProcessBuilder.start(ProcessBuilder.java:1110)
2026.07.11 02:02:52 INFO  BSP server: 	... 6 more
2026.07.11 02:02:52 INFO  BSP server: Error: java.io.IOException: Cannot run program "C:\Program Files\Java\jdk-25\bin\java.exe" (in directory "C:\Users\rahul\OneDrive\Documents\GitHub\My_Python-codes"): CreateProcess error=2, The system cannot find the file specified
2026.07.11 02:02:52 INFO  BSP server: For more details, please see 'C:\Users\rahul\OneDrive\Documents\GitHub\My_Python-codes\.scala-build\stacktraces\1783715572-14881586565570897177.log'
2026.07.11 02:02:52 INFO  BSP server: Exception in thread "subprocess-shutdown-hook" java.io.IOException: Cannot run program "C:\Program Files\Java\jdk-25\bin\java.exe" (in directory "C:\Users\rahul\OneDrive\Documents\GitHub\My_Python-codes"): CreateProcess error=2, The system cannot find the file specified
2026.07.11 02:02:52 INFO  BSP server: 	at java.base@17.0.9/java.lang.ProcessBuilder.start(ProcessBuilder.java:1143)
2026.07.11 02:02:52 INFO  BSP server: 	at java.base@17.0.9/java.lang.ProcessBuilder.start(ProcessBuilder.java:1073)
2026.07.11 02:02:52 INFO  BSP server: 	at os.proc.proc$lzyINIT1$1(ProcessOps.scala:345)
2026.07.11 02:02:52 INFO  BSP server: 	at os.proc.os$proc$$_$proc$1(ProcessOps.scala:351)
2026.07.11 02:02:52 INFO  BSP server: 	at os.proc$$anon$1.run(ProcessOps.scala:329)
2026.07.11 02:02:52 INFO  BSP server: 	at com.oracle.svm.core.thread.PlatformThreads.threadStartRoutine(PlatformThreads.java:807)
2026.07.11 02:02:52 INFO  BSP server: 	at com.oracle.svm.core.windows.WindowsPlatformThreads.osThreadStartRoutine(WindowsPlatformThreads.java:179)
2026.07.11 02:02:52 INFO  BSP server: Caused by: java.io.IOException: CreateProcess error=2, The system cannot find the file specified
2026.07.11 02:02:52 INFO  BSP server: 	at com.oracle.svm.core.jni.functions.JNIFunctions$NewObjectWithObjectArrayArgFunctionPointer.invoke(JNIFunctions.java)
2026.07.11 02:02:52 INFO  BSP server: 	at com.oracle.svm.core.jni.functions.JNIFunctions.ThrowNew(JNIFunctions.java:889)
2026.07.11 02:02:52 INFO  BSP server: 	at java.base@17.0.9/java.lang.ProcessImpl.create(Native Method)
2026.07.11 02:02:52 INFO  BSP server: 	at java.base@17.0.9/java.lang.ProcessImpl.<init>(ProcessImpl.java:499)
2026.07.11 02:02:52 INFO  BSP server: 	at java.base@17.0.9/java.lang.ProcessImpl.start(ProcessImpl.java:158)
2026.07.11 02:02:52 INFO  BSP server: 	at java.base@17.0.9/java.lang.ProcessBuilder.start(ProcessBuilder.java:1110)
2026.07.11 02:02:52 INFO  BSP server: 	... 6 more
Jul 11, 2026 2:03:26 AM org.eclipse.lsp4j.jsonrpc.services.GenericEndpoint notify
INFO: Unsupported notification method: $/setTrace
2026.07.11 02:03:51 ERROR Timeout waiting for 'build/initialize' response
2026.07.11 02:03:51 WARN  Retrying connection to the build server scala-cli
2026.07.11 02:03:51 INFO  Running BSP server List(C:\Users\rahul\AppData\Local\Coursier\data\bin\.scala-cli.aux.exe, bsp, --json-options, C:\Users\rahul\OneDrive\Documents\GitHub\My_Python-codes\.scala-build\ide-options-v2.json, --json-launcher-options, C:\Users\rahul\OneDrive\Documents\GitHub\My_Python-codes\.scala-build\ide-launcher-options.json, --envs-file, C:\Users\rahul\OneDrive\Documents\GitHub\My_Python-codes\.scala-build\ide-envs.json, C:\Users\rahul\OneDrive\Documents\GitHub\My_Python-codes)
2026.07.11 02:03:51 INFO  tracing is disabled for protocol BSP, to enable tracing of incoming and outgoing JSON messages create an empty file at C:\Users\rahul\Github\My_Python-codes\.metals\bsp.trace.json or C:\Users\rahul\AppData\Local\scalameta\metals\cache\bsp.trace.json
2026.07.11 02:03:52 INFO  BSP server: Exception in thread "subprocess-shutdown-hook-monitor" java.io.IOException: Cannot run program "C:\Program Files\Java\jdk-25\bin\java.exe" (in directory "C:\Users\rahul\OneDrive\Documents\GitHub\My_Python-codes"): CreateProcess error=2, The system cannot find the file specified
2026.07.11 02:03:52 INFO  BSP server: 	at java.base@17.0.9/java.lang.ProcessBuilder.start(ProcessBuilder.java:1143)
2026.07.11 02:03:52 INFO  BSP server: 	at java.base@17.0.9/java.lang.ProcessBuilder.start(ProcessBuilder.java:1073)
2026.07.11 02:03:52 INFO  BSP server: 	at os.proc.proc$lzyINIT1$1(ProcessOps.scala:345)
2026.07.11 02:03:52 INFO  BSP server: 	at os.proc.os$proc$$_$proc$1(ProcessOps.scala:351)
2026.07.11 02:03:52 INFO  BSP server: 	at os.proc$$anon$2.run(ProcessOps.scala:335)
2026.07.11 02:03:52 INFO  BSP server: 	at com.oracle.svm.core.thread.PlatformThreads.threadStartRoutine(PlatformThreads.java:807)
2026.07.11 02:03:52 INFO  BSP server: 	at com.oracle.svm.core.windows.WindowsPlatformThreads.osThreadStartRoutine(WindowsPlatformThreads.java:179)
2026.07.11 02:03:52 INFO  BSP server: Caused by: java.io.IOException: CreateProcess error=2, The system cannot find the file specified
2026.07.11 02:03:52 INFO  BSP server: 	at com.oracle.svm.core.jni.functions.JNIFunctions$NewObjectWithObjectArrayArgFunctionPointer.invoke(JNIFunctions.java)
2026.07.11 02:03:52 INFO  BSP server: 	at com.oracle.svm.core.jni.functions.JNIFunctions.ThrowNew(JNIFunctions.java:889)
2026.07.11 02:03:52 INFO  BSP server: 	at java.base@17.0.9/java.lang.ProcessImpl.create(Native Method)
2026.07.11 02:03:52 INFO  BSP server: 	at java.base@17.0.9/java.lang.ProcessImpl.<init>(ProcessImpl.java:499)
2026.07.11 02:03:52 INFO  BSP server: 	at java.base@17.0.9/java.lang.ProcessImpl.start(ProcessImpl.java:158)
2026.07.11 02:03:52 INFO  BSP server: 	at java.base@17.0.9/java.lang.ProcessBuilder.start(ProcessBuilder.java:1110)
2026.07.11 02:03:52 INFO  BSP server: 	... 6 more
2026.07.11 02:03:52 INFO  BSP server: Error: java.io.IOException: Cannot run program "C:\Program Files\Java\jdk-25\bin\java.exe" (in directory "C:\Users\rahul\OneDrive\Documents\GitHub\My_Python-codes"): CreateProcess error=2, The system cannot find the file specified
2026.07.11 02:03:52 INFO  BSP server: For more details, please see 'C:\Users\rahul\OneDrive\Documents\GitHub\My_Python-codes\.scala-build\stacktraces\1783715632-10445176260389132894.log'
2026.07.11 02:03:52 INFO  BSP server: Exception in thread "subprocess-shutdown-hook" java.io.IOException: Cannot run program "C:\Program Files\Java\jdk-25\bin\java.exe" (in directory "C:\Users\rahul\OneDrive\Documents\GitHub\My_Python-codes"): CreateProcess error=2, The system cannot find the file specified
2026.07.11 02:03:52 INFO  BSP server: 	at java.base@17.0.9/java.lang.ProcessBuilder.start(ProcessBuilder.java:1143)
2026.07.11 02:03:52 INFO  BSP server: 	at java.base@17.0.9/java.lang.ProcessBuilder.start(ProcessBuilder.java:1073)
2026.07.11 02:03:52 INFO  BSP server: 	at os.proc.proc$lzyINIT1$1(ProcessOps.scala:345)
2026.07.11 02:03:52 INFO  BSP server: 	at os.proc.os$proc$$_$proc$1(ProcessOps.scala:351)
2026.07.11 02:03:52 INFO  BSP server: 	at os.proc$$anon$1.run(ProcessOps.scala:329)
2026.07.11 02:03:52 INFO  BSP server: 	at com.oracle.svm.core.thread.PlatformThreads.threadStartRoutine(PlatformThreads.java:807)
2026.07.11 02:03:52 INFO  BSP server: 	at com.oracle.svm.core.windows.WindowsPlatformThreads.osThreadStartRoutine(WindowsPlatformThreads.java:179)
2026.07.11 02:03:52 INFO  BSP server: Caused by: java.io.IOException: CreateProcess error=2, The system cannot find the file specified
2026.07.11 02:03:52 INFO  BSP server: 	at com.oracle.svm.core.jni.functions.JNIFunctions$NewObjectWithObjectArrayArgFunctionPointer.invoke(JNIFunctions.java)
2026.07.11 02:03:52 INFO  BSP server: 	at com.oracle.svm.core.jni.functions.JNIFunctions.ThrowNew(JNIFunctions.java:889)
2026.07.11 02:03:52 INFO  BSP server: 	at java.base@17.0.9/java.lang.ProcessImpl.create(Native Method)
2026.07.11 02:03:52 INFO  BSP server: 	at java.base@17.0.9/java.lang.ProcessImpl.<init>(ProcessImpl.java:499)
2026.07.11 02:03:52 INFO  BSP server: 	at java.base@17.0.9/java.lang.ProcessImpl.start(ProcessImpl.java:158)
2026.07.11 02:03:52 INFO  BSP server: 	at java.base@17.0.9/java.lang.ProcessBuilder.start(ProcessBuilder.java:1110)
2026.07.11 02:03:52 INFO  BSP server: 	... 6 more
2026.07.11 02:04:49 INFO  Shutting down server
2026.07.11 02:04:49 INFO  Memory monitor stopped
2026.07.11 02:04:49 INFO  shutting down Metals
2026.07.11 02:04:49 INFO  Exiting server
2026.07.11 02:06:02 INFO  Started: Metals version 1.6.7 in folders 'C:\Users\rahul\Github\My_Python-codes' for client Visual Studio Code 1.128.0.
2026.07.11 02:06:02 INFO  Memory monitor started
2026.07.11 02:06:03 WARN  Using H2 2.4.240 which is newer than the version Flyway has been verified with. The latest verified version of H2 is 2.3.232.
2026.07.11 02:06:04 INFO  Attempting to connect to the build server...
2026.07.11 02:06:04 INFO  Running BSP server List(C:\Users\rahul\AppData\Local\Coursier\data\bin\.scala-cli.aux.exe, bsp, --json-options, C:\Users\rahul\OneDrive\Documents\GitHub\My_Python-codes\.scala-build\ide-options-v2.json, --json-launcher-options, C:\Users\rahul\OneDrive\Documents\GitHub\My_Python-codes\.scala-build\ide-launcher-options.json, --envs-file, C:\Users\rahul\OneDrive\Documents\GitHub\My_Python-codes\.scala-build\ide-envs.json, C:\Users\rahul\OneDrive\Documents\GitHub\My_Python-codes)
2026.07.11 02:06:04 INFO  tracing is disabled for protocol BSP, to enable tracing of incoming and outgoing JSON messages create an empty file at C:\Users\rahul\Github\My_Python-codes\.metals\bsp.trace.json or C:\Users\rahul\AppData\Local\scalameta\metals\cache\bsp.trace.json
2026.07.11 02:06:05 INFO  BSP server: Exception in thread "subprocess-shutdown-hook-monitor" java.io.IOException: Cannot run program "C:\Program Files\Java\jdk-25\bin\java.exe" (in directory "C:\Users\rahul\OneDrive\Documents\GitHub\My_Python-codes"): CreateProcess error=2, The system cannot find the file specified
2026.07.11 02:06:05 INFO  BSP server: 	at java.base@17.0.9/java.lang.ProcessBuilder.start(ProcessBuilder.java:1143)
2026.07.11 02:06:05 INFO  BSP server: 	at java.base@17.0.9/java.lang.ProcessBuilder.start(ProcessBuilder.java:1073)
2026.07.11 02:06:05 INFO  BSP server: 	at os.proc.proc$lzyINIT1$1(ProcessOps.scala:345)
2026.07.11 02:06:05 INFO  BSP server: 	at os.proc.os$proc$$_$proc$1(ProcessOps.scala:351)
2026.07.11 02:06:05 INFO  BSP server: 	at os.proc$$anon$2.run(ProcessOps.scala:335)
2026.07.11 02:06:05 INFO  BSP server: 	at com.oracle.svm.core.thread.PlatformThreads.threadStartRoutine(PlatformThreads.java:807)
2026.07.11 02:06:05 INFO  BSP server: 	at com.oracle.svm.core.windows.WindowsPlatformThreads.osThreadStartRoutine(WindowsPlatformThreads.java:179)
2026.07.11 02:06:05 INFO  BSP server: Caused by: java.io.IOException: CreateProcess error=2, The system cannot find the file specified
2026.07.11 02:06:05 INFO  BSP server: 	at com.oracle.svm.core.jni.functions.JNIFunctions$NewObjectWithObjectArrayArgFunctionPointer.invoke(JNIFunctions.java)
2026.07.11 02:06:05 INFO  BSP server: 	at com.oracle.svm.core.jni.functions.JNIFunctions.ThrowNew(JNIFunctions.java:889)
2026.07.11 02:06:05 INFO  BSP server: 	at java.base@17.0.9/java.lang.ProcessImpl.create(Native Method)
2026.07.11 02:06:05 INFO  BSP server: 	at java.base@17.0.9/java.lang.ProcessImpl.<init>(ProcessImpl.java:499)
2026.07.11 02:06:05 INFO  BSP server: 	at java.base@17.0.9/java.lang.ProcessImpl.start(ProcessImpl.java:158)
2026.07.11 02:06:05 INFO  BSP server: 	at java.base@17.0.9/java.lang.ProcessBuilder.start(ProcessBuilder.java:1110)
2026.07.11 02:06:05 INFO  BSP server: 	... 6 more
2026.07.11 02:06:05 INFO  BSP server: Error: java.io.IOException: Cannot run program "C:\Program Files\Java\jdk-25\bin\java.exe" (in directory "C:\Users\rahul\OneDrive\Documents\GitHub\My_Python-codes"): CreateProcess error=2, The system cannot find the file specified
2026.07.11 02:06:05 INFO  BSP server: For more details, please see 'C:\Users\rahul\OneDrive\Documents\GitHub\My_Python-codes\.scala-build\stacktraces\1783715765-180217528687955979.log'
2026.07.11 02:06:05 INFO  BSP server: Exception in thread "subprocess-shutdown-hook" java.io.IOException: Cannot run program "C:\Program Files\Java\jdk-25\bin\java.exe" (in directory "C:\Users\rahul\OneDrive\Documents\GitHub\My_Python-codes"): CreateProcess error=2, The system cannot find the file specified
2026.07.11 02:06:05 INFO  BSP server: 	at java.base@17.0.9/java.lang.ProcessBuilder.start(ProcessBuilder.java:1143)
2026.07.11 02:06:05 INFO  BSP server: 	at java.base@17.0.9/java.lang.ProcessBuilder.start(ProcessBuilder.java:1073)
2026.07.11 02:06:05 INFO  BSP server: 	at os.proc.proc$lzyINIT1$1(ProcessOps.scala:345)
2026.07.11 02:06:05 INFO  BSP server: 	at os.proc.os$proc$$_$proc$1(ProcessOps.scala:351)
2026.07.11 02:06:05 INFO  BSP server: 	at os.proc$$anon$1.run(ProcessOps.scala:329)
2026.07.11 02:06:05 INFO  BSP server: 	at com.oracle.svm.core.thread.PlatformThreads.threadStartRoutine(PlatformThreads.java:807)
2026.07.11 02:06:05 INFO  BSP server: 	at com.oracle.svm.core.windows.WindowsPlatformThreads.osThreadStartRoutine(WindowsPlatformThreads.java:179)
2026.07.11 02:06:05 INFO  BSP server: Caused by: java.io.IOException: CreateProcess error=2, The system cannot find the file specified
2026.07.11 02:06:05 INFO  BSP server: 	at com.oracle.svm.core.jni.functions.JNIFunctions$NewObjectWithObjectArrayArgFunctionPointer.invoke(JNIFunctions.java)
2026.07.11 02:06:05 INFO  BSP server: 	at com.oracle.svm.core.jni.functions.JNIFunctions.ThrowNew(JNIFunctions.java:889)
2026.07.11 02:06:05 INFO  BSP server: 	at java.base@17.0.9/java.lang.ProcessImpl.create(Native Method)
2026.07.11 02:06:05 INFO  BSP server: 	at java.base@17.0.9/java.lang.ProcessImpl.<init>(ProcessImpl.java:499)
2026.07.11 02:06:05 INFO  BSP server: 	at java.base@17.0.9/java.lang.ProcessImpl.start(ProcessImpl.java:158)
2026.07.11 02:06:05 INFO  BSP server: 	at java.base@17.0.9/java.lang.ProcessBuilder.start(ProcessBuilder.java:1110)
2026.07.11 02:06:05 INFO  BSP server: 	... 6 more
2026.07.11 02:07:04 ERROR Timeout waiting for 'build/initialize' response
2026.07.11 02:07:04 WARN  Retrying connection to the build server scala-cli
2026.07.11 02:07:04 INFO  Running BSP server List(C:\Users\rahul\AppData\Local\Coursier\data\bin\.scala-cli.aux.exe, bsp, --json-options, C:\Users\rahul\OneDrive\Documents\GitHub\My_Python-codes\.scala-build\ide-options-v2.json, --json-launcher-options, C:\Users\rahul\OneDrive\Documents\GitHub\My_Python-codes\.scala-build\ide-launcher-options.json, --envs-file, C:\Users\rahul\OneDrive\Documents\GitHub\My_Python-codes\.scala-build\ide-envs.json, C:\Users\rahul\OneDrive\Documents\GitHub\My_Python-codes)
2026.07.11 02:07:04 INFO  tracing is disabled for protocol BSP, to enable tracing of incoming and outgoing JSON messages create an empty file at C:\Users\rahul\Github\My_Python-codes\.metals\bsp.trace.json or C:\Users\rahul\AppData\Local\scalameta\metals\cache\bsp.trace.json
2026.07.11 02:07:05 INFO  BSP server: Exception in thread "subprocess-shutdown-hook-monitor" java.io.IOException: Cannot run program "C:\Program Files\Java\jdk-25\bin\java.exe" (in directory "C:\Users\rahul\OneDrive\Documents\GitHub\My_Python-codes"): CreateProcess error=2, The system cannot find the file specified
2026.07.11 02:07:05 INFO  BSP server: 	at java.base@17.0.9/java.lang.ProcessBuilder.start(ProcessBuilder.java:1143)
2026.07.11 02:07:05 INFO  BSP server: 	at java.base@17.0.9/java.lang.ProcessBuilder.start(ProcessBuilder.java:1073)
2026.07.11 02:07:05 INFO  BSP server: 	at os.proc.proc$lzyINIT1$1(ProcessOps.scala:345)
2026.07.11 02:07:05 INFO  BSP server: 	at os.proc.os$proc$$_$proc$1(ProcessOps.scala:351)
2026.07.11 02:07:05 INFO  BSP server: 	at os.proc$$anon$2.run(ProcessOps.scala:335)
2026.07.11 02:07:05 INFO  BSP server: 	at com.oracle.svm.core.thread.PlatformThreads.threadStartRoutine(PlatformThreads.java:807)
2026.07.11 02:07:05 INFO  BSP server: 	at com.oracle.svm.core.windows.WindowsPlatformThreads.osThreadStartRoutine(WindowsPlatformThreads.java:179)
2026.07.11 02:07:05 INFO  BSP server: Caused by: java.io.IOException: CreateProcess error=2, The system cannot find the file specified
2026.07.11 02:07:05 INFO  BSP server: 	at com.oracle.svm.core.jni.functions.JNIFunctions$NewObjectWithObjectArrayArgFunctionPointer.invoke(JNIFunctions.java)
2026.07.11 02:07:05 INFO  BSP server: 	at com.oracle.svm.core.jni.functions.JNIFunctions.ThrowNew(JNIFunctions.java:889)
2026.07.11 02:07:05 INFO  BSP server: 	at java.base@17.0.9/java.lang.ProcessImpl.create(Native Method)
2026.07.11 02:07:05 INFO  BSP server: 	at java.base@17.0.9/java.lang.ProcessImpl.<init>(ProcessImpl.java:499)
2026.07.11 02:07:05 INFO  BSP server: 	at java.base@17.0.9/java.lang.ProcessImpl.start(ProcessImpl.java:158)
2026.07.11 02:07:05 INFO  BSP server: 	at java.base@17.0.9/java.lang.ProcessBuilder.start(ProcessBuilder.java:1110)
2026.07.11 02:07:05 INFO  BSP server: 	... 6 more
2026.07.11 02:07:05 INFO  BSP server: Error: java.io.IOException: Cannot run program "C:\Program Files\Java\jdk-25\bin\java.exe" (in directory "C:\Users\rahul\OneDrive\Documents\GitHub\My_Python-codes"): CreateProcess error=2, The system cannot find the file specified
2026.07.11 02:07:05 INFO  BSP server: For more details, please see 'C:\Users\rahul\OneDrive\Documents\GitHub\My_Python-codes\.scala-build\stacktraces\1783715825-13917598053890859571.log'
2026.07.11 02:07:05 INFO  BSP server: Exception in thread "subprocess-shutdown-hook" java.io.IOException: Cannot run program "C:\Program Files\Java\jdk-25\bin\java.exe" (in directory "C:\Users\rahul\OneDrive\Documents\GitHub\My_Python-codes"): CreateProcess error=2, The system cannot find the file specified
2026.07.11 02:07:05 INFO  BSP server: 	at java.base@17.0.9/java.lang.ProcessBuilder.start(ProcessBuilder.java:1143)
2026.07.11 02:07:05 INFO  BSP server: 	at java.base@17.0.9/java.lang.ProcessBuilder.start(ProcessBuilder.java:1073)
2026.07.11 02:07:05 INFO  BSP server: 	at os.proc.proc$lzyINIT1$1(ProcessOps.scala:345)
2026.07.11 02:07:05 INFO  BSP server: 	at os.proc.os$proc$$_$proc$1(ProcessOps.scala:351)
2026.07.11 02:07:05 INFO  BSP server: 	at os.proc$$anon$1.run(ProcessOps.scala:329)
2026.07.11 02:07:05 INFO  BSP server: 	at com.oracle.svm.core.thread.PlatformThreads.threadStartRoutine(PlatformThreads.java:807)
2026.07.11 02:07:05 INFO  BSP server: 	at com.oracle.svm.core.windows.WindowsPlatformThreads.osThreadStartRoutine(WindowsPlatformThreads.java:179)
2026.07.11 02:07:05 INFO  BSP server: Caused by: java.io.IOException: CreateProcess error=2, The system cannot find the file specified
2026.07.11 02:07:05 INFO  BSP server: 	at com.oracle.svm.core.jni.functions.JNIFunctions$NewObjectWithObjectArrayArgFunctionPointer.invoke(JNIFunctions.java)
2026.07.11 02:07:05 INFO  BSP server: 	at com.oracle.svm.core.jni.functions.JNIFunctions.ThrowNew(JNIFunctions.java:889)
2026.07.11 02:07:05 INFO  BSP server: 	at java.base@17.0.9/java.lang.ProcessImpl.create(Native Method)
2026.07.11 02:07:05 INFO  BSP server: 	at java.base@17.0.9/java.lang.ProcessImpl.<init>(ProcessImpl.java:499)
2026.07.11 02:07:05 INFO  BSP server: 	at java.base@17.0.9/java.lang.ProcessImpl.start(ProcessImpl.java:158)
2026.07.11 02:07:05 INFO  BSP server: 	at java.base@17.0.9/java.lang.ProcessBuilder.start(ProcessBuilder.java:1110)
2026.07.11 02:07:05 INFO  BSP server: 	... 6 more
2026.07.11 02:08:04 ERROR Timeout waiting for 'build/initialize' response
2026.07.11 02:08:04 WARN  Retrying connection to the build server scala-cli
2026.07.11 02:08:04 INFO  Running BSP server List(C:\Users\rahul\AppData\Local\Coursier\data\bin\.scala-cli.aux.exe, bsp, --json-options, C:\Users\rahul\OneDrive\Documents\GitHub\My_Python-codes\.scala-build\ide-options-v2.json, --json-launcher-options, C:\Users\rahul\OneDrive\Documents\GitHub\My_Python-codes\.scala-build\ide-launcher-options.json, --envs-file, C:\Users\rahul\OneDrive\Documents\GitHub\My_Python-codes\.scala-build\ide-envs.json, C:\Users\rahul\OneDrive\Documents\GitHub\My_Python-codes)
2026.07.11 02:08:04 INFO  tracing is disabled for protocol BSP, to enable tracing of incoming and outgoing JSON messages create an empty file at C:\Users\rahul\Github\My_Python-codes\.metals\bsp.trace.json or C:\Users\rahul\AppData\Local\scalameta\metals\cache\bsp.trace.json
2026.07.11 02:08:05 INFO  BSP server: Exception in thread "subprocess-shutdown-hook-monitor" java.io.IOException: Cannot run program "C:\Program Files\Java\jdk-25\bin\java.exe" (in directory "C:\Users\rahul\OneDrive\Documents\GitHub\My_Python-codes"): CreateProcess error=2, The system cannot find the file specified
2026.07.11 02:08:05 INFO  BSP server: 	at java.base@17.0.9/java.lang.ProcessBuilder.start(ProcessBuilder.java:1143)
2026.07.11 02:08:05 INFO  BSP server: 	at java.base@17.0.9/java.lang.ProcessBuilder.start(ProcessBuilder.java:1073)
2026.07.11 02:08:05 INFO  BSP server: 	at os.proc.proc$lzyINIT1$1(ProcessOps.scala:345)
2026.07.11 02:08:05 INFO  BSP server: 	at os.proc.os$proc$$_$proc$1(ProcessOps.scala:351)
2026.07.11 02:08:05 INFO  BSP server: 	at os.proc$$anon$2.run(ProcessOps.scala:335)
2026.07.11 02:08:05 INFO  BSP server: 	at com.oracle.svm.core.thread.PlatformThreads.threadStartRoutine(PlatformThreads.java:807)
2026.07.11 02:08:05 INFO  BSP server: 	at com.oracle.svm.core.windows.WindowsPlatformThreads.osThreadStartRoutine(WindowsPlatformThreads.java:179)
2026.07.11 02:08:05 INFO  BSP server: Caused by: java.io.IOException: CreateProcess error=2, The system cannot find the file specified
2026.07.11 02:08:05 INFO  BSP server: 	at com.oracle.svm.core.jni.functions.JNIFunctions$NewObjectWithObjectArrayArgFunctionPointer.invoke(JNIFunctions.java)
2026.07.11 02:08:05 INFO  BSP server: 	at com.oracle.svm.core.jni.functions.JNIFunctions.ThrowNew(JNIFunctions.java:889)
2026.07.11 02:08:05 INFO  BSP server: 	at java.base@17.0.9/java.lang.ProcessImpl.create(Native Method)
2026.07.11 02:08:05 INFO  BSP server: 	at java.base@17.0.9/java.lang.ProcessImpl.<init>(ProcessImpl.java:499)
2026.07.11 02:08:05 INFO  BSP server: 	at java.base@17.0.9/java.lang.ProcessImpl.start(ProcessImpl.java:158)
2026.07.11 02:08:05 INFO  BSP server: 	at java.base@17.0.9/java.lang.ProcessBuilder.start(ProcessBuilder.java:1110)
2026.07.11 02:08:05 INFO  BSP server: 	... 6 more
2026.07.11 02:08:05 INFO  BSP server: Error: java.io.IOException: Cannot run program "C:\Program Files\Java\jdk-25\bin\java.exe" (in directory "C:\Users\rahul\OneDrive\Documents\GitHub\My_Python-codes"): CreateProcess error=2, The system cannot find the file specified
2026.07.11 02:08:05 INFO  BSP server: For more details, please see 'C:\Users\rahul\OneDrive\Documents\GitHub\My_Python-codes\.scala-build\stacktraces\1783715885-13056504904326535114.log'
2026.07.11 02:08:05 INFO  BSP server: Exception in thread "subprocess-shutdown-hook" java.io.IOException: Cannot run program "C:\Program Files\Java\jdk-25\bin\java.exe" (in directory "C:\Users\rahul\OneDrive\Documents\GitHub\My_Python-codes"): CreateProcess error=2, The system cannot find the file specified
2026.07.11 02:08:05 INFO  BSP server: 	at java.base@17.0.9/java.lang.ProcessBuilder.start(ProcessBuilder.java:1143)
2026.07.11 02:08:05 INFO  BSP server: 	at java.base@17.0.9/java.lang.ProcessBuilder.start(ProcessBuilder.java:1073)
2026.07.11 02:08:05 INFO  BSP server: 	at os.proc.proc$lzyINIT1$1(ProcessOps.scala:345)
2026.07.11 02:08:05 INFO  BSP server: 	at os.proc.os$proc$$_$proc$1(ProcessOps.scala:351)
2026.07.11 02:08:05 INFO  BSP server: 	at os.proc$$anon$1.run(ProcessOps.scala:329)
2026.07.11 02:08:05 INFO  BSP server: 	at com.oracle.svm.core.thread.PlatformThreads.threadStartRoutine(PlatformThreads.java:807)
2026.07.11 02:08:05 INFO  BSP server: 	at com.oracle.svm.core.windows.WindowsPlatformThreads.osThreadStartRoutine(WindowsPlatformThreads.java:179)
2026.07.11 02:08:05 INFO  BSP server: Caused by: java.io.IOException: CreateProcess error=2, The system cannot find the file specified
2026.07.11 02:08:05 INFO  BSP server: 	at com.oracle.svm.core.jni.functions.JNIFunctions$NewObjectWithObjectArrayArgFunctionPointer.invoke(JNIFunctions.java)
2026.07.11 02:08:05 INFO  BSP server: 	at com.oracle.svm.core.jni.functions.JNIFunctions.ThrowNew(JNIFunctions.java:889)
2026.07.11 02:08:05 INFO  BSP server: 	at java.base@17.0.9/java.lang.ProcessImpl.create(Native Method)
2026.07.11 02:08:05 INFO  BSP server: 	at java.base@17.0.9/java.lang.ProcessImpl.<init>(ProcessImpl.java:499)
2026.07.11 02:08:05 INFO  BSP server: 	at java.base@17.0.9/java.lang.ProcessImpl.start(ProcessImpl.java:158)
2026.07.11 02:08:05 INFO  BSP server: 	at java.base@17.0.9/java.lang.ProcessBuilder.start(ProcessBuilder.java:1110)
2026.07.11 02:08:05 INFO  BSP server: 	... 6 more
2026.07.11 02:09:04 ERROR Timeout waiting for 'build/initialize' response
2026.07.11 02:09:04 WARN  Retrying connection to the build server scala-cli
2026.07.11 02:09:04 INFO  Running BSP server List(C:\Users\rahul\AppData\Local\Coursier\data\bin\.scala-cli.aux.exe, bsp, --json-options, C:\Users\rahul\OneDrive\Documents\GitHub\My_Python-codes\.scala-build\ide-options-v2.json, --json-launcher-options, C:\Users\rahul\OneDrive\Documents\GitHub\My_Python-codes\.scala-build\ide-launcher-options.json, --envs-file, C:\Users\rahul\OneDrive\Documents\GitHub\My_Python-codes\.scala-build\ide-envs.json, C:\Users\rahul\OneDrive\Documents\GitHub\My_Python-codes)
2026.07.11 02:09:05 INFO  tracing is disabled for protocol BSP, to enable tracing of incoming and outgoing JSON messages create an empty file at C:\Users\rahul\Github\My_Python-codes\.metals\bsp.trace.json or C:\Users\rahul\AppData\Local\scalameta\metals\cache\bsp.trace.json
2026.07.11 02:09:05 INFO  BSP server: Exception in thread "subprocess-shutdown-hook-monitor" java.io.IOException: Cannot run program "C:\Program Files\Java\jdk-25\bin\java.exe" (in directory "C:\Users\rahul\OneDrive\Documents\GitHub\My_Python-codes"): CreateProcess error=2, The system cannot find the file specified
2026.07.11 02:09:05 INFO  BSP server: 	at java.base@17.0.9/java.lang.ProcessBuilder.start(ProcessBuilder.java:1143)
2026.07.11 02:09:05 INFO  BSP server: 	at java.base@17.0.9/java.lang.ProcessBuilder.start(ProcessBuilder.java:1073)
2026.07.11 02:09:05 INFO  BSP server: 	at os.proc.proc$lzyINIT1$1(ProcessOps.scala:345)
2026.07.11 02:09:05 INFO  BSP server: 	at os.proc.os$proc$$_$proc$1(ProcessOps.scala:351)
2026.07.11 02:09:05 INFO  BSP server: 	at os.proc$$anon$2.run(ProcessOps.scala:335)
2026.07.11 02:09:05 INFO  BSP server: 	at com.oracle.svm.core.thread.PlatformThreads.threadStartRoutine(PlatformThreads.java:807)
2026.07.11 02:09:05 INFO  BSP server: 	at com.oracle.svm.core.windows.WindowsPlatformThreads.osThreadStartRoutine(WindowsPlatformThreads.java:179)
2026.07.11 02:09:05 INFO  BSP server: Caused by: java.io.IOException: CreateProcess error=2, The system cannot find the file specified
2026.07.11 02:09:05 INFO  BSP server: 	at com.oracle.svm.core.jni.functions.JNIFunctions$NewObjectWithObjectArrayArgFunctionPointer.invoke(JNIFunctions.java)
2026.07.11 02:09:05 INFO  BSP server: 	at com.oracle.svm.core.jni.functions.JNIFunctions.ThrowNew(JNIFunctions.java:889)
2026.07.11 02:09:05 INFO  BSP server: 	at java.base@17.0.9/java.lang.ProcessImpl.create(Native Method)
2026.07.11 02:09:05 INFO  BSP server: 	at java.base@17.0.9/java.lang.ProcessImpl.<init>(ProcessImpl.java:499)
2026.07.11 02:09:05 INFO  BSP server: 	at java.base@17.0.9/java.lang.ProcessImpl.start(ProcessImpl.java:158)
2026.07.11 02:09:05 INFO  BSP server: 	at java.base@17.0.9/java.lang.ProcessBuilder.start(ProcessBuilder.java:1110)
2026.07.11 02:09:05 INFO  BSP server: 	... 6 more
2026.07.11 02:09:05 INFO  BSP server: Error: java.io.IOException: Cannot run program "C:\Program Files\Java\jdk-25\bin\java.exe" (in directory "C:\Users\rahul\OneDrive\Documents\GitHub\My_Python-codes"): CreateProcess error=2, The system cannot find the file specified
2026.07.11 02:09:05 INFO  BSP server: For more details, please see 'C:\Users\rahul\OneDrive\Documents\GitHub\My_Python-codes\.scala-build\stacktraces\1783715945-16350872535825571494.log'
2026.07.11 02:09:05 INFO  BSP server: Exception in thread "subprocess-shutdown-hook" java.io.IOException: Cannot run program "C:\Program Files\Java\jdk-25\bin\java.exe" (in directory "C:\Users\rahul\OneDrive\Documents\GitHub\My_Python-codes"): CreateProcess error=2, The system cannot find the file specified
2026.07.11 02:09:05 INFO  BSP server: 	at java.base@17.0.9/java.lang.ProcessBuilder.start(ProcessBuilder.java:1143)
2026.07.11 02:09:05 INFO  BSP server: 	at java.base@17.0.9/java.lang.ProcessBuilder.start(ProcessBuilder.java:1073)
2026.07.11 02:09:05 INFO  BSP server: 	at os.proc.proc$lzyINIT1$1(ProcessOps.scala:345)
2026.07.11 02:09:05 INFO  BSP server: 	at os.proc.os$proc$$_$proc$1(ProcessOps.scala:351)
2026.07.11 02:09:05 INFO  BSP server: 	at os.proc$$anon$1.run(ProcessOps.scala:329)
2026.07.11 02:09:05 INFO  BSP server: 	at com.oracle.svm.core.thread.PlatformThreads.threadStartRoutine(PlatformThreads.java:807)
2026.07.11 02:09:05 INFO  BSP server: 	at com.oracle.svm.core.windows.WindowsPlatformThreads.osThreadStartRoutine(WindowsPlatformThreads.java:179)
2026.07.11 02:09:05 INFO  BSP server: Caused by: java.io.IOException: CreateProcess error=2, The system cannot find the file specified
2026.07.11 02:09:05 INFO  BSP server: 	at com.oracle.svm.core.jni.functions.JNIFunctions$NewObjectWithObjectArrayArgFunctionPointer.invoke(JNIFunctions.java)
2026.07.11 02:09:05 INFO  BSP server: 	at com.oracle.svm.core.jni.functions.JNIFunctions.ThrowNew(JNIFunctions.java:889)
2026.07.11 02:09:05 INFO  BSP server: 	at java.base@17.0.9/java.lang.ProcessImpl.create(Native Method)
2026.07.11 02:09:05 INFO  BSP server: 	at java.base@17.0.9/java.lang.ProcessImpl.<init>(ProcessImpl.java:499)
2026.07.11 02:09:05 INFO  BSP server: 	at java.base@17.0.9/java.lang.ProcessImpl.start(ProcessImpl.java:158)
2026.07.11 02:09:05 INFO  BSP server: 	at java.base@17.0.9/java.lang.ProcessBuilder.start(ProcessBuilder.java:1110)
2026.07.11 02:09:05 INFO  BSP server: 	... 6 more
2026.07.11 02:10:05 ERROR Timeout waiting for 'build/initialize' response
2026.07.11 02:10:05 WARN  Retrying connection to the build server scala-cli
2026.07.11 02:10:05 INFO  Running BSP server List(C:\Users\rahul\AppData\Local\Coursier\data\bin\.scala-cli.aux.exe, bsp, --json-options, C:\Users\rahul\OneDrive\Documents\GitHub\My_Python-codes\.scala-build\ide-options-v2.json, --json-launcher-options, C:\Users\rahul\OneDrive\Documents\GitHub\My_Python-codes\.scala-build\ide-launcher-options.json, --envs-file, C:\Users\rahul\OneDrive\Documents\GitHub\My_Python-codes\.scala-build\ide-envs.json, C:\Users\rahul\OneDrive\Documents\GitHub\My_Python-codes)
2026.07.11 02:10:05 INFO  tracing is disabled for protocol BSP, to enable tracing of incoming and outgoing JSON messages create an empty file at C:\Users\rahul\Github\My_Python-codes\.metals\bsp.trace.json or C:\Users\rahul\AppData\Local\scalameta\metals\cache\bsp.trace.json
2026.07.11 02:10:05 INFO  BSP server: Exception in thread "subprocess-shutdown-hook-monitor" java.io.IOException: Cannot run program "C:\Program Files\Java\jdk-25\bin\java.exe" (in directory "C:\Users\rahul\OneDrive\Documents\GitHub\My_Python-codes"): CreateProcess error=2, The system cannot find the file specified
2026.07.11 02:10:05 INFO  BSP server: 	at java.base@17.0.9/java.lang.ProcessBuilder.start(ProcessBuilder.java:1143)
2026.07.11 02:10:05 INFO  BSP server: 	at java.base@17.0.9/java.lang.ProcessBuilder.start(ProcessBuilder.java:1073)
2026.07.11 02:10:05 INFO  BSP server: 	at os.proc.proc$lzyINIT1$1(ProcessOps.scala:345)
2026.07.11 02:10:05 INFO  BSP server: 	at os.proc.os$proc$$_$proc$1(ProcessOps.scala:351)
2026.07.11 02:10:05 INFO  BSP server: 	at os.proc$$anon$2.run(ProcessOps.scala:335)
2026.07.11 02:10:05 INFO  BSP server: 	at com.oracle.svm.core.thread.PlatformThreads.threadStartRoutine(PlatformThreads.java:807)
2026.07.11 02:10:05 INFO  BSP server: 	at com.oracle.svm.core.windows.WindowsPlatformThreads.osThreadStartRoutine(WindowsPlatformThreads.java:179)
2026.07.11 02:10:05 INFO  BSP server: Caused by: java.io.IOException: CreateProcess error=2, The system cannot find the file specified
2026.07.11 02:10:05 INFO  BSP server: 	at com.oracle.svm.core.jni.functions.JNIFunctions$NewObjectWithObjectArrayArgFunctionPointer.invoke(JNIFunctions.java)
2026.07.11 02:10:05 INFO  BSP server: 	at com.oracle.svm.core.jni.functions.JNIFunctions.ThrowNew(JNIFunctions.java:889)
2026.07.11 02:10:05 INFO  BSP server: 	at java.base@17.0.9/java.lang.ProcessImpl.create(Native Method)
2026.07.11 02:10:05 INFO  BSP server: 	at java.base@17.0.9/java.lang.ProcessImpl.<init>(ProcessImpl.java:499)
2026.07.11 02:10:05 INFO  BSP server: 	at java.base@17.0.9/java.lang.ProcessImpl.start(ProcessImpl.java:158)
2026.07.11 02:10:05 INFO  BSP server: 	at java.base@17.0.9/java.lang.ProcessBuilder.start(ProcessBuilder.java:1110)
2026.07.11 02:10:05 INFO  BSP server: 	... 6 more
2026.07.11 02:10:05 INFO  BSP server: Error: java.io.IOException: Cannot run program "C:\Program Files\Java\jdk-25\bin\java.exe" (in directory "C:\Users\rahul\OneDrive\Documents\GitHub\My_Python-codes"): CreateProcess error=2, The system cannot find the file specified
2026.07.11 02:10:05 INFO  BSP server: For more details, please see 'C:\Users\rahul\OneDrive\Documents\GitHub\My_Python-codes\.scala-build\stacktraces\1783716005-3263885516554224428.log'
2026.07.11 02:10:05 INFO  BSP server: Exception in thread "subprocess-shutdown-hook" java.io.IOException: Cannot run program "C:\Program Files\Java\jdk-25\bin\java.exe" (in directory "C:\Users\rahul\OneDrive\Documents\GitHub\My_Python-codes"): CreateProcess error=2, The system cannot find the file specified
2026.07.11 02:10:05 INFO  BSP server: 	at java.base@17.0.9/java.lang.ProcessBuilder.start(ProcessBuilder.java:1143)
2026.07.11 02:10:05 INFO  BSP server: 	at java.base@17.0.9/java.lang.ProcessBuilder.start(ProcessBuilder.java:1073)
2026.07.11 02:10:05 INFO  BSP server: 	at os.proc.proc$lzyINIT1$1(ProcessOps.scala:345)
2026.07.11 02:10:05 INFO  BSP server: 	at os.proc.os$proc$$_$proc$1(ProcessOps.scala:351)
2026.07.11 02:10:05 INFO  BSP server: 	at os.proc$$anon$1.run(ProcessOps.scala:329)
2026.07.11 02:10:05 INFO  BSP server: 	at com.oracle.svm.core.thread.PlatformThreads.threadStartRoutine(PlatformThreads.java:807)
2026.07.11 02:10:05 INFO  BSP server: 	at com.oracle.svm.core.windows.WindowsPlatformThreads.osThreadStartRoutine(WindowsPlatformThreads.java:179)
2026.07.11 02:10:05 INFO  BSP server: Caused by: java.io.IOException: CreateProcess error=2, The system cannot find the file specified
2026.07.11 02:10:05 INFO  BSP server: 	at com.oracle.svm.core.jni.functions.JNIFunctions$NewObjectWithObjectArrayArgFunctionPointer.invoke(JNIFunctions.java)
2026.07.11 02:10:05 INFO  BSP server: 	at com.oracle.svm.core.jni.functions.JNIFunctions.ThrowNew(JNIFunctions.java:889)
2026.07.11 02:10:05 INFO  BSP server: 	at java.base@17.0.9/java.lang.ProcessImpl.create(Native Method)
2026.07.11 02:10:05 INFO  BSP server: 	at java.base@17.0.9/java.lang.ProcessImpl.<init>(ProcessImpl.java:499)
2026.07.11 02:10:05 INFO  BSP server: 	at java.base@17.0.9/java.lang.ProcessImpl.start(ProcessImpl.java:158)
2026.07.11 02:10:05 INFO  BSP server: 	at java.base@17.0.9/java.lang.ProcessBuilder.start(ProcessBuilder.java:1110)
2026.07.11 02:10:05 INFO  BSP server: 	... 6 more
2026.07.11 02:11:05 ERROR Timeout waiting for 'build/initialize' response
2026.07.11 02:11:05 WARN  Retrying connection to the build server scala-cli
2026.07.11 02:11:05 INFO  Running BSP server List(C:\Users\rahul\AppData\Local\Coursier\data\bin\.scala-cli.aux.exe, bsp, --json-options, C:\Users\rahul\OneDrive\Documents\GitHub\My_Python-codes\.scala-build\ide-options-v2.json, --json-launcher-options, C:\Users\rahul\OneDrive\Documents\GitHub\My_Python-codes\.scala-build\ide-launcher-options.json, --envs-file, C:\Users\rahul\OneDrive\Documents\GitHub\My_Python-codes\.scala-build\ide-envs.json, C:\Users\rahul\OneDrive\Documents\GitHub\My_Python-codes)
2026.07.11 02:11:05 INFO  tracing is disabled for protocol BSP, to enable tracing of incoming and outgoing JSON messages create an empty file at C:\Users\rahul\Github\My_Python-codes\.metals\bsp.trace.json or C:\Users\rahul\AppData\Local\scalameta\metals\cache\bsp.trace.json
2026.07.11 02:11:05 INFO  BSP server: Exception in thread "subprocess-shutdown-hook-monitor" java.io.IOException: Cannot run program "C:\Program Files\Java\jdk-25\bin\java.exe" (in directory "C:\Users\rahul\OneDrive\Documents\GitHub\My_Python-codes"): CreateProcess error=2, The system cannot find the file specified
2026.07.11 02:11:05 INFO  BSP server: 	at java.base@17.0.9/java.lang.ProcessBuilder.start(ProcessBuilder.java:1143)
2026.07.11 02:11:05 INFO  BSP server: 	at java.base@17.0.9/java.lang.ProcessBuilder.start(ProcessBuilder.java:1073)
2026.07.11 02:11:05 INFO  BSP server: 	at os.proc.proc$lzyINIT1$1(ProcessOps.scala:345)
2026.07.11 02:11:05 INFO  BSP server: 	at os.proc.os$proc$$_$proc$1(ProcessOps.scala:351)
2026.07.11 02:11:05 INFO  BSP server: 	at os.proc$$anon$2.run(ProcessOps.scala:335)
2026.07.11 02:11:05 INFO  BSP server: 	at com.oracle.svm.core.thread.PlatformThreads.threadStartRoutine(PlatformThreads.java:807)
2026.07.11 02:11:05 INFO  BSP server: 	at com.oracle.svm.core.windows.WindowsPlatformThreads.osThreadStartRoutine(WindowsPlatformThreads.java:179)
2026.07.11 02:11:05 INFO  BSP server: Caused by: java.io.IOException: CreateProcess error=2, The system cannot find the file specified
2026.07.11 02:11:05 INFO  BSP server: 	at com.oracle.svm.core.jni.functions.JNIFunctions$NewObjectWithObjectArrayArgFunctionPointer.invoke(JNIFunctions.java)
2026.07.11 02:11:05 INFO  BSP server: 	at com.oracle.svm.core.jni.functions.JNIFunctions.ThrowNew(JNIFunctions.java:889)
2026.07.11 02:11:05 INFO  BSP server: 	at java.base@17.0.9/java.lang.ProcessImpl.create(Native Method)
2026.07.11 02:11:05 INFO  BSP server: 	at java.base@17.0.9/java.lang.ProcessImpl.<init>(ProcessImpl.java:499)
2026.07.11 02:11:05 INFO  BSP server: 	at java.base@17.0.9/java.lang.ProcessImpl.start(ProcessImpl.java:158)
2026.07.11 02:11:05 INFO  BSP server: 	at java.base@17.0.9/java.lang.ProcessBuilder.start(ProcessBuilder.java:1110)
2026.07.11 02:11:05 INFO  BSP server: 	... 6 more
2026.07.11 02:11:05 INFO  BSP server: Error: java.io.IOException: Cannot run program "C:\Program Files\Java\jdk-25\bin\java.exe" (in directory "C:\Users\rahul\OneDrive\Documents\GitHub\My_Python-codes"): CreateProcess error=2, The system cannot find the file specified
2026.07.11 02:11:05 INFO  BSP server: For more details, please see 'C:\Users\rahul\OneDrive\Documents\GitHub\My_Python-codes\.scala-build\stacktraces\1783716065-394186432651392364.log'
2026.07.11 02:11:05 INFO  BSP server: Exception in thread "subprocess-shutdown-hook" java.io.IOException: Cannot run program "C:\Program Files\Java\jdk-25\bin\java.exe" (in directory "C:\Users\rahul\OneDrive\Documents\GitHub\My_Python-codes"): CreateProcess error=2, The system cannot find the file specified
2026.07.11 02:11:05 INFO  BSP server: 	at java.base@17.0.9/java.lang.ProcessBuilder.start(ProcessBuilder.java:1143)
2026.07.11 02:11:05 INFO  BSP server: 	at java.base@17.0.9/java.lang.ProcessBuilder.start(ProcessBuilder.java:1073)
2026.07.11 02:11:05 INFO  BSP server: 	at os.proc.proc$lzyINIT1$1(ProcessOps.scala:345)
2026.07.11 02:11:05 INFO  BSP server: 	at os.proc.os$proc$$_$proc$1(ProcessOps.scala:351)
2026.07.11 02:11:05 INFO  BSP server: 	at os.proc$$anon$1.run(ProcessOps.scala:329)
2026.07.11 02:11:05 INFO  BSP server: 	at com.oracle.svm.core.thread.PlatformThreads.threadStartRoutine(PlatformThreads.java:807)
2026.07.11 02:11:05 INFO  BSP server: 	at com.oracle.svm.core.windows.WindowsPlatformThreads.osThreadStartRoutine(WindowsPlatformThreads.java:179)
2026.07.11 02:11:05 INFO  BSP server: Caused by: java.io.IOException: CreateProcess error=2, The system cannot find the file specified
2026.07.11 02:11:05 INFO  BSP server: 	at com.oracle.svm.core.jni.functions.JNIFunctions$NewObjectWithObjectArrayArgFunctionPointer.invoke(JNIFunctions.java)
2026.07.11 02:11:05 INFO  BSP server: 	at com.oracle.svm.core.jni.functions.JNIFunctions.ThrowNew(JNIFunctions.java:889)
2026.07.11 02:11:05 INFO  BSP server: 	at java.base@17.0.9/java.lang.ProcessImpl.create(Native Method)
2026.07.11 02:11:05 INFO  BSP server: 	at java.base@17.0.9/java.lang.ProcessImpl.<init>(ProcessImpl.java:499)
2026.07.11 02:11:05 INFO  BSP server: 	at java.base@17.0.9/java.lang.ProcessImpl.start(ProcessImpl.java:158)
2026.07.11 02:11:05 INFO  BSP server: 	at java.base@17.0.9/java.lang.ProcessBuilder.start(ProcessBuilder.java:1110)
2026.07.11 02:11:05 INFO  BSP server: 	... 6 more
2026.07.11 02:11:35 INFO  Shutting down server
2026.07.11 02:11:35 INFO  Memory monitor stopped
2026.07.11 02:11:35 INFO  shutting down Metals
2026.07.11 02:11:35 INFO  Exiting server
2026.07.11 02:12:14 INFO  Started: Metals version 1.6.7 in folders 'C:\Users\rahul\Github\My_Python-codes' for client Visual Studio Code 1.128.0.
2026.07.11 02:12:14 INFO  Memory monitor started
2026.07.11 02:12:15 WARN  Using H2 2.4.240 which is newer than the version Flyway has been verified with. The latest verified version of H2 is 2.3.232.
2026.07.11 02:12:16 INFO  Attempting to connect to the build server...
2026.07.11 02:12:16 INFO  Running BSP server List(C:\Users\rahul\AppData\Local\Coursier\data\bin\.scala-cli.aux.exe, bsp, --json-options, C:\Users\rahul\OneDrive\Documents\GitHub\My_Python-codes\.scala-build\ide-options-v2.json, --json-launcher-options, C:\Users\rahul\OneDrive\Documents\GitHub\My_Python-codes\.scala-build\ide-launcher-options.json, --envs-file, C:\Users\rahul\OneDrive\Documents\GitHub\My_Python-codes\.scala-build\ide-envs.json, C:\Users\rahul\OneDrive\Documents\GitHub\My_Python-codes)
2026.07.11 02:12:16 INFO  tracing is disabled for protocol BSP, to enable tracing of incoming and outgoing JSON messages create an empty file at C:\Users\rahul\Github\My_Python-codes\.metals\bsp.trace.json or C:\Users\rahul\AppData\Local\scalameta\metals\cache\bsp.trace.json
2026.07.11 02:12:17 INFO  BSP server: Exception in thread "subprocess-shutdown-hook-monitor" java.io.IOException: Cannot run program "C:\Program Files\Java\jdk-25\bin\java.exe" (in directory "C:\Users\rahul\OneDrive\Documents\GitHub\My_Python-codes"): CreateProcess error=2, The system cannot find the file specified
2026.07.11 02:12:17 INFO  BSP server: 	at java.base@17.0.9/java.lang.ProcessBuilder.start(ProcessBuilder.java:1143)
2026.07.11 02:12:17 INFO  BSP server: 	at java.base@17.0.9/java.lang.ProcessBuilder.start(ProcessBuilder.java:1073)
2026.07.11 02:12:17 INFO  BSP server: 	at os.proc.proc$lzyINIT1$1(ProcessOps.scala:345)
2026.07.11 02:12:17 INFO  BSP server: 	at os.proc.os$proc$$_$proc$1(ProcessOps.scala:351)
2026.07.11 02:12:17 INFO  BSP server: 	at os.proc$$anon$2.run(ProcessOps.scala:335)
2026.07.11 02:12:17 INFO  BSP server: 	at com.oracle.svm.core.thread.PlatformThreads.threadStartRoutine(PlatformThreads.java:807)
2026.07.11 02:12:17 INFO  BSP server: 	at com.oracle.svm.core.windows.WindowsPlatformThreads.osThreadStartRoutine(WindowsPlatformThreads.java:179)
2026.07.11 02:12:17 INFO  BSP server: Caused by: java.io.IOException: CreateProcess error=2, The system cannot find the file specified
2026.07.11 02:12:17 INFO  BSP server: 	at com.oracle.svm.core.jni.functions.JNIFunctions$NewObjectWithObjectArrayArgFunctionPointer.invoke(JNIFunctions.java)
2026.07.11 02:12:17 INFO  BSP server: 	at com.oracle.svm.core.jni.functions.JNIFunctions.ThrowNew(JNIFunctions.java:889)
2026.07.11 02:12:17 INFO  BSP server: 	at java.base@17.0.9/java.lang.ProcessImpl.create(Native Method)
2026.07.11 02:12:17 INFO  BSP server: 	at java.base@17.0.9/java.lang.ProcessImpl.<init>(ProcessImpl.java:499)
2026.07.11 02:12:17 INFO  BSP server: 	at java.base@17.0.9/java.lang.ProcessImpl.start(ProcessImpl.java:158)
2026.07.11 02:12:17 INFO  BSP server: 	at java.base@17.0.9/java.lang.ProcessBuilder.start(ProcessBuilder.java:1110)
2026.07.11 02:12:17 INFO  BSP server: 	... 6 more
2026.07.11 02:12:17 INFO  BSP server: Error: java.io.IOException: Cannot run program "C:\Program Files\Java\jdk-25\bin\java.exe" (in directory "C:\Users\rahul\OneDrive\Documents\GitHub\My_Python-codes"): CreateProcess error=2, The system cannot find the file specified
2026.07.11 02:12:17 INFO  BSP server: For more details, please see 'C:\Users\rahul\OneDrive\Documents\GitHub\My_Python-codes\.scala-build\stacktraces\1783716136-9028726549839243278.log'
2026.07.11 02:12:17 INFO  BSP server: Exception in thread "subprocess-shutdown-hook" java.io.IOException: Cannot run program "C:\Program Files\Java\jdk-25\bin\java.exe" (in directory "C:\Users\rahul\OneDrive\Documents\GitHub\My_Python-codes"): CreateProcess error=2, The system cannot find the file specified
2026.07.11 02:12:17 INFO  BSP server: 	at java.base@17.0.9/java.lang.ProcessBuilder.start(ProcessBuilder.java:1143)
2026.07.11 02:12:17 INFO  BSP server: 	at java.base@17.0.9/java.lang.ProcessBuilder.start(ProcessBuilder.java:1073)
2026.07.11 02:12:17 INFO  BSP server: 	at os.proc.proc$lzyINIT1$1(ProcessOps.scala:345)
2026.07.11 02:12:17 INFO  BSP server: 	at os.proc.os$proc$$_$proc$1(ProcessOps.scala:351)
2026.07.11 02:12:17 INFO  BSP server: 	at os.proc$$anon$1.run(ProcessOps.scala:329)
2026.07.11 02:12:17 INFO  BSP server: 	at com.oracle.svm.core.thread.PlatformThreads.threadStartRoutine(PlatformThreads.java:807)
2026.07.11 02:12:17 INFO  BSP server: 	at com.oracle.svm.core.windows.WindowsPlatformThreads.osThreadStartRoutine(WindowsPlatformThreads.java:179)
2026.07.11 02:12:17 INFO  BSP server: Caused by: java.io.IOException: CreateProcess error=2, The system cannot find the file specified
2026.07.11 02:12:17 INFO  BSP server: 	at com.oracle.svm.core.jni.functions.JNIFunctions$NewObjectWithObjectArrayArgFunctionPointer.invoke(JNIFunctions.java)
2026.07.11 02:12:17 INFO  BSP server: 	at com.oracle.svm.core.jni.functions.JNIFunctions.ThrowNew(JNIFunctions.java:889)
2026.07.11 02:12:17 INFO  BSP server: 	at java.base@17.0.9/java.lang.ProcessImpl.create(Native Method)
2026.07.11 02:12:17 INFO  BSP server: 	at java.base@17.0.9/java.lang.ProcessImpl.<init>(ProcessImpl.java:499)
2026.07.11 02:12:17 INFO  BSP server: 	at java.base@17.0.9/java.lang.ProcessImpl.start(ProcessImpl.java:158)
2026.07.11 02:12:17 INFO  BSP server: 	at java.base@17.0.9/java.lang.ProcessBuilder.start(ProcessBuilder.java:1110)
2026.07.11 02:12:17 INFO  BSP server: 	... 6 more
2026.07.11 02:13:16 ERROR Timeout waiting for 'build/initialize' response
2026.07.11 02:13:16 WARN  Retrying connection to the build server scala-cli
2026.07.11 02:13:16 INFO  Running BSP server List(C:\Users\rahul\AppData\Local\Coursier\data\bin\.scala-cli.aux.exe, bsp, --json-options, C:\Users\rahul\OneDrive\Documents\GitHub\My_Python-codes\.scala-build\ide-options-v2.json, --json-launcher-options, C:\Users\rahul\OneDrive\Documents\GitHub\My_Python-codes\.scala-build\ide-launcher-options.json, --envs-file, C:\Users\rahul\OneDrive\Documents\GitHub\My_Python-codes\.scala-build\ide-envs.json, C:\Users\rahul\OneDrive\Documents\GitHub\My_Python-codes)
2026.07.11 02:13:16 INFO  tracing is disabled for protocol BSP, to enable tracing of incoming and outgoing JSON messages create an empty file at C:\Users\rahul\Github\My_Python-codes\.metals\bsp.trace.json or C:\Users\rahul\AppData\Local\scalameta\metals\cache\bsp.trace.json
2026.07.11 02:13:16 INFO  BSP server: Exception in thread "subprocess-shutdown-hook-monitor" java.io.IOException: Cannot run program "C:\Program Files\Java\jdk-25\bin\java.exe" (in directory "C:\Users\rahul\OneDrive\Documents\GitHub\My_Python-codes"): CreateProcess error=2, The system cannot find the file specified
2026.07.11 02:13:16 INFO  BSP server: 	at java.base@17.0.9/java.lang.ProcessBuilder.start(ProcessBuilder.java:1143)
2026.07.11 02:13:16 INFO  BSP server: 	at java.base@17.0.9/java.lang.ProcessBuilder.start(ProcessBuilder.java:1073)
2026.07.11 02:13:16 INFO  BSP server: 	at os.proc.proc$lzyINIT1$1(ProcessOps.scala:345)
2026.07.11 02:13:16 INFO  BSP server: 	at os.proc.os$proc$$_$proc$1(ProcessOps.scala:351)
2026.07.11 02:13:16 INFO  BSP server: 	at os.proc$$anon$2.run(ProcessOps.scala:335)
2026.07.11 02:13:16 INFO  BSP server: 	at com.oracle.svm.core.thread.PlatformThreads.threadStartRoutine(PlatformThreads.java:807)
2026.07.11 02:13:16 INFO  BSP server: 	at com.oracle.svm.core.windows.WindowsPlatformThreads.osThreadStartRoutine(WindowsPlatformThreads.java:179)
2026.07.11 02:13:16 INFO  BSP server: Caused by: java.io.IOException: CreateProcess error=2, The system cannot find the file specified
2026.07.11 02:13:16 INFO  BSP server: 	at com.oracle.svm.core.jni.functions.JNIFunctions$NewObjectWithObjectArrayArgFunctionPointer.invoke(JNIFunctions.java)
2026.07.11 02:13:16 INFO  BSP server: 	at com.oracle.svm.core.jni.functions.JNIFunctions.ThrowNew(JNIFunctions.java:889)
2026.07.11 02:13:16 INFO  BSP server: 	at java.base@17.0.9/java.lang.ProcessImpl.create(Native Method)
2026.07.11 02:13:16 INFO  BSP server: 	at java.base@17.0.9/java.lang.ProcessImpl.<init>(ProcessImpl.java:499)
2026.07.11 02:13:16 INFO  BSP server: 	at java.base@17.0.9/java.lang.ProcessImpl.start(ProcessImpl.java:158)
2026.07.11 02:13:16 INFO  BSP server: 	at java.base@17.0.9/java.lang.ProcessBuilder.start(ProcessBuilder.java:1110)
2026.07.11 02:13:16 INFO  BSP server: 	... 6 more
2026.07.11 02:13:16 INFO  BSP server: Error: java.io.IOException: Cannot run program "C:\Program Files\Java\jdk-25\bin\java.exe" (in directory "C:\Users\rahul\OneDrive\Documents\GitHub\My_Python-codes"): CreateProcess error=2, The system cannot find the file specified
2026.07.11 02:13:16 INFO  BSP server: For more details, please see 'C:\Users\rahul\OneDrive\Documents\GitHub\My_Python-codes\.scala-build\stacktraces\1783716196-14546339025918071998.log'
2026.07.11 02:13:16 INFO  BSP server: Exception in thread "subprocess-shutdown-hook" java.io.IOException: Cannot run program "C:\Program Files\Java\jdk-25\bin\java.exe" (in directory "C:\Users\rahul\OneDrive\Documents\GitHub\My_Python-codes"): CreateProcess error=2, The system cannot find the file specified
2026.07.11 02:13:16 INFO  BSP server: 	at java.base@17.0.9/java.lang.ProcessBuilder.start(ProcessBuilder.java:1143)
2026.07.11 02:13:16 INFO  BSP server: 	at java.base@17.0.9/java.lang.ProcessBuilder.start(ProcessBuilder.java:1073)
2026.07.11 02:13:16 INFO  BSP server: 	at os.proc.proc$lzyINIT1$1(ProcessOps.scala:345)
2026.07.11 02:13:16 INFO  BSP server: 	at os.proc.os$proc$$_$proc$1(ProcessOps.scala:351)
2026.07.11 02:13:16 INFO  BSP server: 	at os.proc$$anon$1.run(ProcessOps.scala:329)
2026.07.11 02:13:16 INFO  BSP server: 	at com.oracle.svm.core.thread.PlatformThreads.threadStartRoutine(PlatformThreads.java:807)
2026.07.11 02:13:16 INFO  BSP server: 	at com.oracle.svm.core.windows.WindowsPlatformThreads.osThreadStartRoutine(WindowsPlatformThreads.java:179)
2026.07.11 02:13:16 INFO  BSP server: Caused by: java.io.IOException: CreateProcess error=2, The system cannot find the file specified
2026.07.11 02:13:16 INFO  BSP server: 	at com.oracle.svm.core.jni.functions.JNIFunctions$NewObjectWithObjectArrayArgFunctionPointer.invoke(JNIFunctions.java)
2026.07.11 02:13:16 INFO  BSP server: 	at com.oracle.svm.core.jni.functions.JNIFunctions.ThrowNew(JNIFunctions.java:889)
2026.07.11 02:13:16 INFO  BSP server: 	at java.base@17.0.9/java.lang.ProcessImpl.create(Native Method)
2026.07.11 02:13:16 INFO  BSP server: 	at java.base@17.0.9/java.lang.ProcessImpl.<init>(ProcessImpl.java:499)
2026.07.11 02:13:16 INFO  BSP server: 	at java.base@17.0.9/java.lang.ProcessImpl.start(ProcessImpl.java:158)
2026.07.11 02:13:16 INFO  BSP server: 	at java.base@17.0.9/java.lang.ProcessBuilder.start(ProcessBuilder.java:1110)
2026.07.11 02:13:16 INFO  BSP server: 	... 6 more
2026.07.11 02:14:16 ERROR Timeout waiting for 'build/initialize' response
2026.07.11 02:14:16 WARN  Retrying connection to the build server scala-cli
2026.07.11 02:14:16 INFO  Running BSP server List(C:\Users\rahul\AppData\Local\Coursier\data\bin\.scala-cli.aux.exe, bsp, --json-options, C:\Users\rahul\OneDrive\Documents\GitHub\My_Python-codes\.scala-build\ide-options-v2.json, --json-launcher-options, C:\Users\rahul\OneDrive\Documents\GitHub\My_Python-codes\.scala-build\ide-launcher-options.json, --envs-file, C:\Users\rahul\OneDrive\Documents\GitHub\My_Python-codes\.scala-build\ide-envs.json, C:\Users\rahul\OneDrive\Documents\GitHub\My_Python-codes)
2026.07.11 02:14:16 INFO  tracing is disabled for protocol BSP, to enable tracing of incoming and outgoing JSON messages create an empty file at C:\Users\rahul\Github\My_Python-codes\.metals\bsp.trace.json or C:\Users\rahul\AppData\Local\scalameta\metals\cache\bsp.trace.json
2026.07.11 02:14:16 INFO  BSP server: Exception in thread "subprocess-shutdown-hook-monitor" java.io.IOException: Cannot run program "C:\Program Files\Java\jdk-25\bin\java.exe" (in directory "C:\Users\rahul\OneDrive\Documents\GitHub\My_Python-codes"): CreateProcess error=2, The system cannot find the file specified
2026.07.11 02:14:16 INFO  BSP server: 	at java.base@17.0.9/java.lang.ProcessBuilder.start(ProcessBuilder.java:1143)
2026.07.11 02:14:16 INFO  BSP server: 	at java.base@17.0.9/java.lang.ProcessBuilder.start(ProcessBuilder.java:1073)
2026.07.11 02:14:16 INFO  BSP server: 	at os.proc.proc$lzyINIT1$1(ProcessOps.scala:345)
2026.07.11 02:14:16 INFO  BSP server: 	at os.proc.os$proc$$_$proc$1(ProcessOps.scala:351)
2026.07.11 02:14:16 INFO  BSP server: 	at os.proc$$anon$2.run(ProcessOps.scala:335)
2026.07.11 02:14:16 INFO  BSP server: 	at com.oracle.svm.core.thread.PlatformThreads.threadStartRoutine(PlatformThreads.java:807)
2026.07.11 02:14:16 INFO  BSP server: 	at com.oracle.svm.core.windows.WindowsPlatformThreads.osThreadStartRoutine(WindowsPlatformThreads.java:179)
2026.07.11 02:14:16 INFO  BSP server: Caused by: java.io.IOException: CreateProcess error=2, The system cannot find the file specified
2026.07.11 02:14:16 INFO  BSP server: 	at com.oracle.svm.core.jni.functions.JNIFunctions$NewObjectWithObjectArrayArgFunctionPointer.invoke(JNIFunctions.java)
2026.07.11 02:14:16 INFO  BSP server: 	at com.oracle.svm.core.jni.functions.JNIFunctions.ThrowNew(JNIFunctions.java:889)
2026.07.11 02:14:16 INFO  BSP server: 	at java.base@17.0.9/java.lang.ProcessImpl.create(Native Method)
2026.07.11 02:14:16 INFO  BSP server: 	at java.base@17.0.9/java.lang.ProcessImpl.<init>(ProcessImpl.java:499)
2026.07.11 02:14:16 INFO  BSP server: 	at java.base@17.0.9/java.lang.ProcessImpl.start(ProcessImpl.java:158)
2026.07.11 02:14:16 INFO  BSP server: 	at java.base@17.0.9/java.lang.ProcessBuilder.start(ProcessBuilder.java:1110)
2026.07.11 02:14:16 INFO  BSP server: 	... 6 more
2026.07.11 02:14:16 INFO  BSP server: Error: java.io.IOException: Cannot run program "C:\Program Files\Java\jdk-25\bin\java.exe" (in directory "C:\Users\rahul\OneDrive\Documents\GitHub\My_Python-codes"): CreateProcess error=2, The system cannot find the file specified
2026.07.11 02:14:16 INFO  BSP server: For more details, please see 'C:\Users\rahul\OneDrive\Documents\GitHub\My_Python-codes\.scala-build\stacktraces\1783716256-12086470453085572905.log'
2026.07.11 02:14:16 INFO  BSP server: Exception in thread "subprocess-shutdown-hook" java.io.IOException: Cannot run program "C:\Program Files\Java\jdk-25\bin\java.exe" (in directory "C:\Users\rahul\OneDrive\Documents\GitHub\My_Python-codes"): CreateProcess error=2, The system cannot find the file specified
2026.07.11 02:14:16 INFO  BSP server: 	at java.base@17.0.9/java.lang.ProcessBuilder.start(ProcessBuilder.java:1143)
2026.07.11 02:14:16 INFO  BSP server: 	at java.base@17.0.9/java.lang.ProcessBuilder.start(ProcessBuilder.java:1073)
2026.07.11 02:14:16 INFO  BSP server: 	at os.proc.proc$lzyINIT1$1(ProcessOps.scala:345)
2026.07.11 02:14:16 INFO  BSP server: 	at os.proc.os$proc$$_$proc$1(ProcessOps.scala:351)
2026.07.11 02:14:16 INFO  BSP server: 	at os.proc$$anon$1.run(ProcessOps.scala:329)
2026.07.11 02:14:16 INFO  BSP server: 	at com.oracle.svm.core.thread.PlatformThreads.threadStartRoutine(PlatformThreads.java:807)
2026.07.11 02:14:16 INFO  BSP server: 	at com.oracle.svm.core.windows.WindowsPlatformThreads.osThreadStartRoutine(WindowsPlatformThreads.java:179)
2026.07.11 02:14:16 INFO  BSP server: Caused by: java.io.IOException: CreateProcess error=2, The system cannot find the file specified
2026.07.11 02:14:16 INFO  BSP server: 	at com.oracle.svm.core.jni.functions.JNIFunctions$NewObjectWithObjectArrayArgFunctionPointer.invoke(JNIFunctions.java)
2026.07.11 02:14:16 INFO  BSP server: 	at com.oracle.svm.core.jni.functions.JNIFunctions.ThrowNew(JNIFunctions.java:889)
2026.07.11 02:14:16 INFO  BSP server: 	at java.base@17.0.9/java.lang.ProcessImpl.create(Native Method)
2026.07.11 02:14:16 INFO  BSP server: 	at java.base@17.0.9/java.lang.ProcessImpl.<init>(ProcessImpl.java:499)
2026.07.11 02:14:16 INFO  BSP server: 	at java.base@17.0.9/java.lang.ProcessImpl.start(ProcessImpl.java:158)
2026.07.11 02:14:16 INFO  BSP server: 	at java.base@17.0.9/java.lang.ProcessBuilder.start(ProcessBuilder.java:1110)
2026.07.11 02:14:16 INFO  BSP server: 	... 6 more
2026.07.11 02:15:16 ERROR Timeout waiting for 'build/initialize' response
2026.07.11 02:15:16 WARN  Retrying connection to the build server scala-cli
2026.07.11 02:15:16 INFO  Running BSP server List(C:\Users\rahul\AppData\Local\Coursier\data\bin\.scala-cli.aux.exe, bsp, --json-options, C:\Users\rahul\OneDrive\Documents\GitHub\My_Python-codes\.scala-build\ide-options-v2.json, --json-launcher-options, C:\Users\rahul\OneDrive\Documents\GitHub\My_Python-codes\.scala-build\ide-launcher-options.json, --envs-file, C:\Users\rahul\OneDrive\Documents\GitHub\My_Python-codes\.scala-build\ide-envs.json, C:\Users\rahul\OneDrive\Documents\GitHub\My_Python-codes)
2026.07.11 02:15:16 INFO  tracing is disabled for protocol BSP, to enable tracing of incoming and outgoing JSON messages create an empty file at C:\Users\rahul\Github\My_Python-codes\.metals\bsp.trace.json or C:\Users\rahul\AppData\Local\scalameta\metals\cache\bsp.trace.json
2026.07.11 02:15:16 INFO  BSP server: Exception in thread "subprocess-shutdown-hook-monitor" java.io.IOException: Cannot run program "C:\Program Files\Java\jdk-25\bin\java.exe" (in directory "C:\Users\rahul\OneDrive\Documents\GitHub\My_Python-codes"): CreateProcess error=2, The system cannot find the file specified
2026.07.11 02:15:16 INFO  BSP server: 	at java.base@17.0.9/java.lang.ProcessBuilder.start(ProcessBuilder.java:1143)
2026.07.11 02:15:16 INFO  BSP server: 	at java.base@17.0.9/java.lang.ProcessBuilder.start(ProcessBuilder.java:1073)
2026.07.11 02:15:16 INFO  BSP server: 	at os.proc.proc$lzyINIT1$1(ProcessOps.scala:345)
2026.07.11 02:15:16 INFO  BSP server: 	at os.proc.os$proc$$_$proc$1(ProcessOps.scala:351)
2026.07.11 02:15:16 INFO  BSP server: 	at os.proc$$anon$2.run(ProcessOps.scala:335)
2026.07.11 02:15:16 INFO  BSP server: 	at com.oracle.svm.core.thread.PlatformThreads.threadStartRoutine(PlatformThreads.java:807)
2026.07.11 02:15:16 INFO  BSP server: 	at com.oracle.svm.core.windows.WindowsPlatformThreads.osThreadStartRoutine(WindowsPlatformThreads.java:179)
2026.07.11 02:15:16 INFO  BSP server: Caused by: java.io.IOException: CreateProcess error=2, The system cannot find the file specified
2026.07.11 02:15:16 INFO  BSP server: 	at com.oracle.svm.core.jni.functions.JNIFunctions$NewObjectWithObjectArrayArgFunctionPointer.invoke(JNIFunctions.java)
2026.07.11 02:15:16 INFO  BSP server: 	at com.oracle.svm.core.jni.functions.JNIFunctions.ThrowNew(JNIFunctions.java:889)
2026.07.11 02:15:16 INFO  BSP server: 	at java.base@17.0.9/java.lang.ProcessImpl.create(Native Method)
2026.07.11 02:15:16 INFO  BSP server: 	at java.base@17.0.9/java.lang.ProcessImpl.<init>(ProcessImpl.java:499)
2026.07.11 02:15:16 INFO  BSP server: 	at java.base@17.0.9/java.lang.ProcessImpl.start(ProcessImpl.java:158)
2026.07.11 02:15:16 INFO  BSP server: 	at java.base@17.0.9/java.lang.ProcessBuilder.start(ProcessBuilder.java:1110)
2026.07.11 02:15:16 INFO  BSP server: 	... 6 more
2026.07.11 02:15:16 INFO  BSP server: Error: java.io.IOException: Cannot run program "C:\Program Files\Java\jdk-25\bin\java.exe" (in directory "C:\Users\rahul\OneDrive\Documents\GitHub\My_Python-codes"): CreateProcess error=2, The system cannot find the file specified
2026.07.11 02:15:16 INFO  BSP server: For more details, please see 'C:\Users\rahul\OneDrive\Documents\GitHub\My_Python-codes\.scala-build\stacktraces\1783716316-10515689204300414203.log'
2026.07.11 02:15:16 INFO  BSP server: Exception in thread "subprocess-shutdown-hook" java.io.IOException: Cannot run program "C:\Program Files\Java\jdk-25\bin\java.exe" (in directory "C:\Users\rahul\OneDrive\Documents\GitHub\My_Python-codes"): CreateProcess error=2, The system cannot find the file specified
2026.07.11 02:15:16 INFO  BSP server: 	at java.base@17.0.9/java.lang.ProcessBuilder.start(ProcessBuilder.java:1143)
2026.07.11 02:15:16 INFO  BSP server: 	at java.base@17.0.9/java.lang.ProcessBuilder.start(ProcessBuilder.java:1073)
2026.07.11 02:15:16 INFO  BSP server: 	at os.proc.proc$lzyINIT1$1(ProcessOps.scala:345)
2026.07.11 02:15:16 INFO  BSP server: 	at os.proc.os$proc$$_$proc$1(ProcessOps.scala:351)
2026.07.11 02:15:16 INFO  BSP server: 	at os.proc$$anon$1.run(ProcessOps.scala:329)
2026.07.11 02:15:16 INFO  BSP server: 	at com.oracle.svm.core.thread.PlatformThreads.threadStartRoutine(PlatformThreads.java:807)
2026.07.11 02:15:16 INFO  BSP server: 	at com.oracle.svm.core.windows.WindowsPlatformThreads.osThreadStartRoutine(WindowsPlatformThreads.java:179)
2026.07.11 02:15:16 INFO  BSP server: Caused by: java.io.IOException: CreateProcess error=2, The system cannot find the file specified
2026.07.11 02:15:16 INFO  BSP server: 	at com.oracle.svm.core.jni.functions.JNIFunctions$NewObjectWithObjectArrayArgFunctionPointer.invoke(JNIFunctions.java)
2026.07.11 02:15:16 INFO  BSP server: 	at com.oracle.svm.core.jni.functions.JNIFunctions.ThrowNew(JNIFunctions.java:889)
2026.07.11 02:15:16 INFO  BSP server: 	at java.base@17.0.9/java.lang.ProcessImpl.create(Native Method)
2026.07.11 02:15:16 INFO  BSP server: 	at java.base@17.0.9/java.lang.ProcessImpl.<init>(ProcessImpl.java:499)
2026.07.11 02:15:16 INFO  BSP server: 	at java.base@17.0.9/java.lang.ProcessImpl.start(ProcessImpl.java:158)
2026.07.11 02:15:16 INFO  BSP server: 	at java.base@17.0.9/java.lang.ProcessBuilder.start(ProcessBuilder.java:1110)
2026.07.11 02:15:16 INFO  BSP server: 	... 6 more
2026.07.11 02:16:16 ERROR Timeout waiting for 'build/initialize' response
2026.07.11 02:16:16 WARN  Retrying connection to the build server scala-cli
2026.07.11 02:16:16 INFO  Running BSP server List(C:\Users\rahul\AppData\Local\Coursier\data\bin\.scala-cli.aux.exe, bsp, --json-options, C:\Users\rahul\OneDrive\Documents\GitHub\My_Python-codes\.scala-build\ide-options-v2.json, --json-launcher-options, C:\Users\rahul\OneDrive\Documents\GitHub\My_Python-codes\.scala-build\ide-launcher-options.json, --envs-file, C:\Users\rahul\OneDrive\Documents\GitHub\My_Python-codes\.scala-build\ide-envs.json, C:\Users\rahul\OneDrive\Documents\GitHub\My_Python-codes)
2026.07.11 02:16:16 INFO  tracing is disabled for protocol BSP, to enable tracing of incoming and outgoing JSON messages create an empty file at C:\Users\rahul\Github\My_Python-codes\.metals\bsp.trace.json or C:\Users\rahul\AppData\Local\scalameta\metals\cache\bsp.trace.json
2026.07.11 02:16:16 INFO  BSP server: Exception in thread "subprocess-shutdown-hook-monitor" java.io.IOException: Cannot run program "C:\Program Files\Java\jdk-25\bin\java.exe" (in directory "C:\Users\rahul\OneDrive\Documents\GitHub\My_Python-codes"): CreateProcess error=2, The system cannot find the file specified
2026.07.11 02:16:16 INFO  BSP server: 	at java.base@17.0.9/java.lang.ProcessBuilder.start(ProcessBuilder.java:1143)
2026.07.11 02:16:16 INFO  BSP server: 	at java.base@17.0.9/java.lang.ProcessBuilder.start(ProcessBuilder.java:1073)
2026.07.11 02:16:16 INFO  BSP server: 	at os.proc.proc$lzyINIT1$1(ProcessOps.scala:345)
2026.07.11 02:16:16 INFO  BSP server: 	at os.proc.os$proc$$_$proc$1(ProcessOps.scala:351)
2026.07.11 02:16:16 INFO  BSP server: 	at os.proc$$anon$2.run(ProcessOps.scala:335)
2026.07.11 02:16:16 INFO  BSP server: 	at com.oracle.svm.core.thread.PlatformThreads.threadStartRoutine(PlatformThreads.java:807)
2026.07.11 02:16:16 INFO  BSP server: 	at com.oracle.svm.core.windows.WindowsPlatformThreads.osThreadStartRoutine(WindowsPlatformThreads.java:179)
2026.07.11 02:16:16 INFO  BSP server: Caused by: java.io.IOException: CreateProcess error=2, The system cannot find the file specified
2026.07.11 02:16:16 INFO  BSP server: 	at com.oracle.svm.core.jni.functions.JNIFunctions$NewObjectWithObjectArrayArgFunctionPointer.invoke(JNIFunctions.java)
2026.07.11 02:16:16 INFO  BSP server: 	at com.oracle.svm.core.jni.functions.JNIFunctions.ThrowNew(JNIFunctions.java:889)
2026.07.11 02:16:16 INFO  BSP server: 	at java.base@17.0.9/java.lang.ProcessImpl.create(Native Method)
2026.07.11 02:16:16 INFO  BSP server: 	at java.base@17.0.9/java.lang.ProcessImpl.<init>(ProcessImpl.java:499)
2026.07.11 02:16:16 INFO  BSP server: 	at java.base@17.0.9/java.lang.ProcessImpl.start(ProcessImpl.java:158)
2026.07.11 02:16:16 INFO  BSP server: 	at java.base@17.0.9/java.lang.ProcessBuilder.start(ProcessBuilder.java:1110)
2026.07.11 02:16:16 INFO  BSP server: 	... 6 more
2026.07.11 02:16:16 INFO  BSP server: Error: java.io.IOException: Cannot run program "C:\Program Files\Java\jdk-25\bin\java.exe" (in directory "C:\Users\rahul\OneDrive\Documents\GitHub\My_Python-codes"): CreateProcess error=2, The system cannot find the file specified
2026.07.11 02:16:16 INFO  BSP server: For more details, please see 'C:\Users\rahul\OneDrive\Documents\GitHub\My_Python-codes\.scala-build\stacktraces\1783716376-11125166192632260328.log'
2026.07.11 02:16:16 INFO  BSP server: Exception in thread "subprocess-shutdown-hook" java.io.IOException: Cannot run program "C:\Program Files\Java\jdk-25\bin\java.exe" (in directory "C:\Users\rahul\OneDrive\Documents\GitHub\My_Python-codes"): CreateProcess error=2, The system cannot find the file specified
2026.07.11 02:16:16 INFO  BSP server: 	at java.base@17.0.9/java.lang.ProcessBuilder.start(ProcessBuilder.java:1143)
2026.07.11 02:16:16 INFO  BSP server: 	at java.base@17.0.9/java.lang.ProcessBuilder.start(ProcessBuilder.java:1073)
2026.07.11 02:16:16 INFO  BSP server: 	at os.proc.proc$lzyINIT1$1(ProcessOps.scala:345)
2026.07.11 02:16:16 INFO  BSP server: 	at os.proc.os$proc$$_$proc$1(ProcessOps.scala:351)
2026.07.11 02:16:16 INFO  BSP server: 	at os.proc$$anon$1.run(ProcessOps.scala:329)
2026.07.11 02:16:16 INFO  BSP server: 	at com.oracle.svm.core.thread.PlatformThreads.threadStartRoutine(PlatformThreads.java:807)
2026.07.11 02:16:16 INFO  BSP server: 	at com.oracle.svm.core.windows.WindowsPlatformThreads.osThreadStartRoutine(WindowsPlatformThreads.java:179)
2026.07.11 02:16:16 INFO  BSP server: Caused by: java.io.IOException: CreateProcess error=2, The system cannot find the file specified
2026.07.11 02:16:16 INFO  BSP server: 	at com.oracle.svm.core.jni.functions.JNIFunctions$NewObjectWithObjectArrayArgFunctionPointer.invoke(JNIFunctions.java)
2026.07.11 02:16:16 INFO  BSP server: 	at com.oracle.svm.core.jni.functions.JNIFunctions.ThrowNew(JNIFunctions.java:889)
2026.07.11 02:16:16 INFO  BSP server: 	at java.base@17.0.9/java.lang.ProcessImpl.create(Native Method)
2026.07.11 02:16:16 INFO  BSP server: 	at java.base@17.0.9/java.lang.ProcessImpl.<init>(ProcessImpl.java:499)
2026.07.11 02:16:16 INFO  BSP server: 	at java.base@17.0.9/java.lang.ProcessImpl.start(ProcessImpl.java:158)
2026.07.11 02:16:16 INFO  BSP server: 	at java.base@17.0.9/java.lang.ProcessBuilder.start(ProcessBuilder.java:1110)
2026.07.11 02:16:16 INFO  BSP server: 	... 6 more
2026.07.11 02:17:16 ERROR Timeout waiting for 'build/initialize' response
2026.07.11 02:17:16 WARN  Retrying connection to the build server scala-cli
2026.07.11 02:17:16 INFO  Running BSP server List(C:\Users\rahul\AppData\Local\Coursier\data\bin\.scala-cli.aux.exe, bsp, --json-options, C:\Users\rahul\OneDrive\Documents\GitHub\My_Python-codes\.scala-build\ide-options-v2.json, --json-launcher-options, C:\Users\rahul\OneDrive\Documents\GitHub\My_Python-codes\.scala-build\ide-launcher-options.json, --envs-file, C:\Users\rahul\OneDrive\Documents\GitHub\My_Python-codes\.scala-build\ide-envs.json, C:\Users\rahul\OneDrive\Documents\GitHub\My_Python-codes)
2026.07.11 02:17:16 INFO  tracing is disabled for protocol BSP, to enable tracing of incoming and outgoing JSON messages create an empty file at C:\Users\rahul\Github\My_Python-codes\.metals\bsp.trace.json or C:\Users\rahul\AppData\Local\scalameta\metals\cache\bsp.trace.json
2026.07.11 02:17:16 INFO  BSP server: Exception in thread "subprocess-shutdown-hook-monitor" java.io.IOException: Cannot run program "C:\Program Files\Java\jdk-25\bin\java.exe" (in directory "C:\Users\rahul\OneDrive\Documents\GitHub\My_Python-codes"): CreateProcess error=2, The system cannot find the file specified
2026.07.11 02:17:16 INFO  BSP server: 	at java.base@17.0.9/java.lang.ProcessBuilder.start(ProcessBuilder.java:1143)
2026.07.11 02:17:16 INFO  BSP server: 	at java.base@17.0.9/java.lang.ProcessBuilder.start(ProcessBuilder.java:1073)
2026.07.11 02:17:16 INFO  BSP server: 	at os.proc.proc$lzyINIT1$1(ProcessOps.scala:345)
2026.07.11 02:17:16 INFO  BSP server: 	at os.proc.os$proc$$_$proc$1(ProcessOps.scala:351)
2026.07.11 02:17:16 INFO  BSP server: 	at os.proc$$anon$2.run(ProcessOps.scala:335)
2026.07.11 02:17:16 INFO  BSP server: 	at com.oracle.svm.core.thread.PlatformThreads.threadStartRoutine(PlatformThreads.java:807)
2026.07.11 02:17:16 INFO  BSP server: 	at com.oracle.svm.core.windows.WindowsPlatformThreads.osThreadStartRoutine(WindowsPlatformThreads.java:179)
2026.07.11 02:17:16 INFO  BSP server: Caused by: java.io.IOException: CreateProcess error=2, The system cannot find the file specified
2026.07.11 02:17:16 INFO  BSP server: 	at com.oracle.svm.core.jni.functions.JNIFunctions$NewObjectWithObjectArrayArgFunctionPointer.invoke(JNIFunctions.java)
2026.07.11 02:17:16 INFO  BSP server: 	at com.oracle.svm.core.jni.functions.JNIFunctions.ThrowNew(JNIFunctions.java:889)
2026.07.11 02:17:16 INFO  BSP server: 	at java.base@17.0.9/java.lang.ProcessImpl.create(Native Method)
2026.07.11 02:17:16 INFO  BSP server: 	at java.base@17.0.9/java.lang.ProcessImpl.<init>(ProcessImpl.java:499)
2026.07.11 02:17:16 INFO  BSP server: 	at java.base@17.0.9/java.lang.ProcessImpl.start(ProcessImpl.java:158)
2026.07.11 02:17:16 INFO  BSP server: 	at java.base@17.0.9/java.lang.ProcessBuilder.start(ProcessBuilder.java:1110)
2026.07.11 02:17:16 INFO  BSP server: 	... 6 more
2026.07.11 02:17:16 INFO  BSP server: Error: java.io.IOException: Cannot run program "C:\Program Files\Java\jdk-25\bin\java.exe" (in directory "C:\Users\rahul\OneDrive\Documents\GitHub\My_Python-codes"): CreateProcess error=2, The system cannot find the file specified
2026.07.11 02:17:16 INFO  BSP server: For more details, please see 'C:\Users\rahul\OneDrive\Documents\GitHub\My_Python-codes\.scala-build\stacktraces\1783716436-9400351933841023762.log'
2026.07.11 02:17:16 INFO  BSP server: Exception in thread "subprocess-shutdown-hook" java.io.IOException: Cannot run program "C:\Program Files\Java\jdk-25\bin\java.exe" (in directory "C:\Users\rahul\OneDrive\Documents\GitHub\My_Python-codes"): CreateProcess error=2, The system cannot find the file specified
2026.07.11 02:17:16 INFO  BSP server: 	at java.base@17.0.9/java.lang.ProcessBuilder.start(ProcessBuilder.java:1143)
2026.07.11 02:17:16 INFO  BSP server: 	at java.base@17.0.9/java.lang.ProcessBuilder.start(ProcessBuilder.java:1073)
2026.07.11 02:17:16 INFO  BSP server: 	at os.proc.proc$lzyINIT1$1(ProcessOps.scala:345)
2026.07.11 02:17:16 INFO  BSP server: 	at os.proc.os$proc$$_$proc$1(ProcessOps.scala:351)
2026.07.11 02:17:16 INFO  BSP server: 	at os.proc$$anon$1.run(ProcessOps.scala:329)
2026.07.11 02:17:16 INFO  BSP server: 	at com.oracle.svm.core.thread.PlatformThreads.threadStartRoutine(PlatformThreads.java:807)
2026.07.11 02:17:16 INFO  BSP server: 	at com.oracle.svm.core.windows.WindowsPlatformThreads.osThreadStartRoutine(WindowsPlatformThreads.java:179)
2026.07.11 02:17:16 INFO  BSP server: Caused by: java.io.IOException: CreateProcess error=2, The system cannot find the file specified
2026.07.11 02:17:16 INFO  BSP server: 	at com.oracle.svm.core.jni.functions.JNIFunctions$NewObjectWithObjectArrayArgFunctionPointer.invoke(JNIFunctions.java)
2026.07.11 02:17:16 INFO  BSP server: 	at com.oracle.svm.core.jni.functions.JNIFunctions.ThrowNew(JNIFunctions.java:889)
2026.07.11 02:17:16 INFO  BSP server: 	at java.base@17.0.9/java.lang.ProcessImpl.create(Native Method)
2026.07.11 02:17:16 INFO  BSP server: 	at java.base@17.0.9/java.lang.ProcessImpl.<init>(ProcessImpl.java:499)
2026.07.11 02:17:16 INFO  BSP server: 	at java.base@17.0.9/java.lang.ProcessImpl.start(ProcessImpl.java:158)
2026.07.11 02:17:16 INFO  BSP server: 	at java.base@17.0.9/java.lang.ProcessBuilder.start(ProcessBuilder.java:1110)
2026.07.11 02:17:16 INFO  BSP server: 	... 6 more
2026.07.11 02:18:16 ERROR Timeout waiting for 'build/initialize' response
2026.07.11 02:18:16 ERROR Failed to connect with build server, no functionality will work.
java.util.concurrent.TimeoutException
	at java.util.concurrent.CompletableFuture.timedGet(CompletableFuture.java:1960)
	at java.util.concurrent.CompletableFuture.get(CompletableFuture.java:2095)
	at scala.meta.internal.metals.BuildServerConnection$.initialize(BuildServerConnection.scala:806)
	at scala.meta.internal.metals.BuildServerConnection$.$anonfun$fromSockets$1(BuildServerConnection.scala:658)
	at scala.concurrent.impl.Promise$Transformation.run(Promise.scala:500)
	at java.util.concurrent.ThreadPoolExecutor.runWorker(ThreadPoolExecutor.java:1136)
	at java.util.concurrent.ThreadPoolExecutor$Worker.run(ThreadPoolExecutor.java:635)
	at java.lang.Thread.run(Thread.java:842)

2026.07.11 02:18:16 WARN  no build target for: C:\Users\rahul\Github\My_Python-codes\Scala codes\Control.scala
2026.07.11 02:18:16 INFO  no build target found for C:\Users\rahul\Github\My_Python-codes\Scala codes\Control.scala. Using presentation compiler with project's scala-library version: 3.3.7
Jul 11, 2026 2:22:34 AM org.eclipse.lsp4j.jsonrpc.services.GenericEndpoint notify
INFO: Unsupported notification method: $/setTrace
2026.07.11 02:25:33 INFO  no build target found for C:\Users\rahul\Github\My_Python-codes\Scala codes\Class and objects_2.scala. Using presentation compiler with project's scala-library version: 3.3.7
2026.07.11 02:25:33 WARN  no build target for: C:\Users\rahul\Github\My_Python-codes\Scala codes\Class and objects_2.scala
2026.07.11 02:25:33 INFO  no build target found for C:\Users\rahul\Github\My_Python-codes\Scala codes\Class and objects_2.scala. Using presentation compiler with project's scala-library version: 3.3.7
2026.07.11 02:25:47 INFO  no build target found for C:\Users\rahul\Github\My_Python-codes\Scala codes\Class and objects_2.scala. Using presentation compiler with project's scala-library version: 3.3.7
Jul 11, 2026 2:25:56 AM org.eclipse.lsp4j.jsonrpc.services.GenericEndpoint notify
INFO: Unsupported notification method: $/setTrace
2026.07.11 02:25:56 INFO  no build target found for C:\Users\rahul\Github\My_Python-codes\Scala codes\Class and objects_2.scala. Using presentation compiler with project's scala-library version: 3.3.7
Jul 11, 2026 2:26:01 AM org.eclipse.lsp4j.jsonrpc.services.GenericEndpoint notify
INFO: Unsupported notification method: $/setTrace
2026.07.11 02:26:22 WARN  no build target for: C:\Users\rahul\Github\My_Python-codes\Scala codes\Class_Objects.scala
2026.07.11 02:26:22 INFO  no build target found for C:\Users\rahul\Github\My_Python-codes\Scala codes\Class_Objects.scala. Using presentation compiler with project's scala-library version: 3.3.7
2026.07.11 02:26:22 INFO  no build target found for C:\Users\rahul\Github\My_Python-codes\Scala codes\Class_Objects.scala. Using presentation compiler with project's scala-library version: 3.3.7
2026.07.11 02:26:22 INFO  no build target found for C:\Users\rahul\Github\My_Python-codes\Scala codes\Class_Objects.scala. Using presentation compiler with project's scala-library version: 3.3.7
2026.07.11 02:26:31 INFO  no build target found for C:\Users\rahul\Github\My_Python-codes\Scala codes\Constructor.scala. Using presentation compiler with project's scala-library version: 3.3.7
2026.07.11 02:26:31 INFO  no build target found for C:\Users\rahul\Github\My_Python-codes\Scala codes\Constructor.scala. Using presentation compiler with project's scala-library version: 3.3.7
2026.07.11 02:26:31 WARN  no build target for: C:\Users\rahul\Github\My_Python-codes\Scala codes\Constructor.scala
2026.07.11 02:26:31 INFO  no build target found for C:\Users\rahul\Github\My_Python-codes\Scala codes\Constructor.scala. Using presentation compiler with project's scala-library version: 3.3.7
2026.07.11 02:26:48 INFO  no build target found for C:\Users\rahul\Github\My_Python-codes\Scala codes\Constructor.scala. Using presentation compiler with project's scala-library version: 3.3.7
2026.07.11 02:28:33 INFO  no build target found for C:\Users\rahul\Github\My_Python-codes\Scala codes\Class and objects_2.scala. Using presentation compiler with project's scala-library version: 3.3.7
2026.07.11 02:29:22 INFO  no build target found for C:\Users\rahul\Github\My_Python-codes\Scala codes\Class_Objects.scala. Using presentation compiler with project's scala-library version: 3.3.7
2026.07.11 02:29:31 INFO  no build target found for C:\Users\rahul\Github\My_Python-codes\Scala codes\Constructor.scala. Using presentation compiler with project's scala-library version: 3.3.7
Jul 11, 2026 2:32:21 AM org.eclipse.lsp4j.jsonrpc.services.GenericEndpoint notify
INFO: Unsupported notification method: $/setTrace
Jul 11, 2026 2:32:28 AM org.eclipse.lsp4j.jsonrpc.services.GenericEndpoint notify
INFO: Unsupported notification method: $/setTrace
Jul 11, 2026 2:32:38 AM org.eclipse.lsp4j.jsonrpc.services.GenericEndpoint notify
INFO: Unsupported notification method: $/setTrace
Jul 11, 2026 2:32:43 AM org.eclipse.lsp4j.jsonrpc.services.GenericEndpoint notify
INFO: Unsupported notification method: $/setTrace
Jul 11, 2026 2:35:49 AM org.eclipse.lsp4j.jsonrpc.services.GenericEndpoint notify
INFO: Unsupported notification method: $/setTrace
Jul 11, 2026 2:35:50 AM org.eclipse.lsp4j.jsonrpc.services.GenericEndpoint notify
INFO: Unsupported notification method: $/setTrace
Jul 11, 2026 2:36:45 AM org.eclipse.lsp4j.jsonrpc.services.GenericEndpoint notify
INFO: Unsupported notification method: $/setTrace
Jul 11, 2026 2:36:45 AM org.eclipse.lsp4j.jsonrpc.services.GenericEndpoint notify
INFO: Unsupported notification method: $/setTrace
Jul 11, 2026 2:36:46 AM org.eclipse.lsp4j.jsonrpc.services.GenericEndpoint notify
INFO: Unsupported notification method: $/setTrace
2026.07.11 02:37:55 INFO  Shutting down server
2026.07.11 02:37:55 INFO  Memory monitor stopped
2026.07.11 02:37:55 INFO  shutting down Metals
2026.07.11 02:37:55 INFO  Exiting server
2026.07.11 02:38:47 INFO  Started: Metals version 1.6.7 in folders 'C:\Users\rahul\Github\My_Python-codes' for client Visual Studio Code 1.128.0.
2026.07.11 02:38:47 INFO  time: initialize in 0.14s
2026.07.11 02:38:47 INFO  Memory monitor started
2026.07.11 02:38:50 WARN  Using H2 2.4.240 which is newer than the version Flyway has been verified with. The latest verified version of H2 is 2.3.232.
2026.07.11 02:38:53 INFO  Attempting to connect to the build server...
2026.07.11 02:38:53 INFO  Running BSP server List(C:\Users\rahul\AppData\Local\Coursier\data\bin\.scala-cli.aux.exe, bsp, --json-options, C:\Users\rahul\OneDrive\Documents\GitHub\My_Python-codes\.scala-build\ide-options-v2.json, --json-launcher-options, C:\Users\rahul\OneDrive\Documents\GitHub\My_Python-codes\.scala-build\ide-launcher-options.json, --envs-file, C:\Users\rahul\OneDrive\Documents\GitHub\My_Python-codes\.scala-build\ide-envs.json, C:\Users\rahul\OneDrive\Documents\GitHub\My_Python-codes)
2026.07.11 02:38:54 INFO  tracing is disabled for protocol BSP, to enable tracing of incoming and outgoing JSON messages create an empty file at C:\Users\rahul\Github\My_Python-codes\.metals\bsp.trace.json or C:\Users\rahul\AppData\Local\scalameta\metals\cache\bsp.trace.json
2026.07.11 02:38:54 INFO  BSP server: Exception in thread "subprocess-shutdown-hook-monitor" java.io.IOException: Cannot run program "C:\Program Files\Java\jdk-25\bin\java.exe" (in directory "C:\Users\rahul\OneDrive\Documents\GitHub\My_Python-codes"): CreateProcess error=2, The system cannot find the file specified
2026.07.11 02:38:54 INFO  BSP server: 	at java.base@17.0.9/java.lang.ProcessBuilder.start(ProcessBuilder.java:1143)
2026.07.11 02:38:54 INFO  BSP server: 	at java.base@17.0.9/java.lang.ProcessBuilder.start(ProcessBuilder.java:1073)
2026.07.11 02:38:54 INFO  BSP server: 	at os.proc.proc$lzyINIT1$1(ProcessOps.scala:345)
2026.07.11 02:38:54 INFO  BSP server: 	at os.proc.os$proc$$_$proc$1(ProcessOps.scala:351)
2026.07.11 02:38:54 INFO  BSP server: 	at os.proc$$anon$2.run(ProcessOps.scala:335)
2026.07.11 02:38:54 INFO  BSP server: 	at com.oracle.svm.core.thread.PlatformThreads.threadStartRoutine(PlatformThreads.java:807)
2026.07.11 02:38:54 INFO  BSP server: 	at com.oracle.svm.core.windows.WindowsPlatformThreads.osThreadStartRoutine(WindowsPlatformThreads.java:179)
2026.07.11 02:38:54 INFO  BSP server: Caused by: java.io.IOException: CreateProcess error=2, The system cannot find the file specified
2026.07.11 02:38:54 INFO  BSP server: 	at com.oracle.svm.core.jni.functions.JNIFunctions$NewObjectWithObjectArrayArgFunctionPointer.invoke(JNIFunctions.java)
2026.07.11 02:38:54 INFO  BSP server: 	at com.oracle.svm.core.jni.functions.JNIFunctions.ThrowNew(JNIFunctions.java:889)
2026.07.11 02:38:54 INFO  BSP server: 	at java.base@17.0.9/java.lang.ProcessImpl.create(Native Method)
2026.07.11 02:38:54 INFO  BSP server: 	at java.base@17.0.9/java.lang.ProcessImpl.<init>(ProcessImpl.java:499)
2026.07.11 02:38:54 INFO  BSP server: 	at java.base@17.0.9/java.lang.ProcessImpl.start(ProcessImpl.java:158)
2026.07.11 02:38:54 INFO  BSP server: 	at java.base@17.0.9/java.lang.ProcessBuilder.start(ProcessBuilder.java:1110)
2026.07.11 02:38:54 INFO  BSP server: 	... 6 more
2026.07.11 02:38:54 INFO  BSP server: Error: java.io.IOException: Cannot run program "C:\Program Files\Java\jdk-25\bin\java.exe" (in directory "C:\Users\rahul\OneDrive\Documents\GitHub\My_Python-codes"): CreateProcess error=2, The system cannot find the file specified
2026.07.11 02:38:54 INFO  BSP server: For more details, please see 'C:\Users\rahul\OneDrive\Documents\GitHub\My_Python-codes\.scala-build\stacktraces\1783717734-2752187837013821946.log'
2026.07.11 02:38:54 INFO  BSP server: Exception in thread "subprocess-shutdown-hook" java.io.IOException: Cannot run program "C:\Program Files\Java\jdk-25\bin\java.exe" (in directory "C:\Users\rahul\OneDrive\Documents\GitHub\My_Python-codes"): CreateProcess error=2, The system cannot find the file specified
2026.07.11 02:38:54 INFO  BSP server: 	at java.base@17.0.9/java.lang.ProcessBuilder.start(ProcessBuilder.java:1143)
2026.07.11 02:38:54 INFO  BSP server: 	at java.base@17.0.9/java.lang.ProcessBuilder.start(ProcessBuilder.java:1073)
2026.07.11 02:38:54 INFO  BSP server: 	at os.proc.proc$lzyINIT1$1(ProcessOps.scala:345)
2026.07.11 02:38:54 INFO  BSP server: 	at os.proc.os$proc$$_$proc$1(ProcessOps.scala:351)
2026.07.11 02:38:54 INFO  BSP server: 	at os.proc$$anon$1.run(ProcessOps.scala:329)
2026.07.11 02:38:54 INFO  BSP server: 	at com.oracle.svm.core.thread.PlatformThreads.threadStartRoutine(PlatformThreads.java:807)
2026.07.11 02:38:54 INFO  BSP server: 	at com.oracle.svm.core.windows.WindowsPlatformThreads.osThreadStartRoutine(WindowsPlatformThreads.java:179)
2026.07.11 02:38:54 INFO  BSP server: Caused by: java.io.IOException: CreateProcess error=2, The system cannot find the file specified
2026.07.11 02:38:54 INFO  BSP server: 	at com.oracle.svm.core.jni.functions.JNIFunctions$NewObjectWithObjectArrayArgFunctionPointer.invoke(JNIFunctions.java)
2026.07.11 02:38:54 INFO  BSP server: 	at com.oracle.svm.core.jni.functions.JNIFunctions.ThrowNew(JNIFunctions.java:889)
2026.07.11 02:38:54 INFO  BSP server: 	at java.base@17.0.9/java.lang.ProcessImpl.create(Native Method)
2026.07.11 02:38:54 INFO  BSP server: 	at java.base@17.0.9/java.lang.ProcessImpl.<init>(ProcessImpl.java:499)
2026.07.11 02:38:54 INFO  BSP server: 	at java.base@17.0.9/java.lang.ProcessImpl.start(ProcessImpl.java:158)
2026.07.11 02:38:54 INFO  BSP server: 	at java.base@17.0.9/java.lang.ProcessBuilder.start(ProcessBuilder.java:1110)
2026.07.11 02:38:54 INFO  BSP server: 	... 6 more
2026.07.11 02:39:06 INFO  Shutting down server
2026.07.11 02:39:06 INFO  Memory monitor stopped
2026.07.11 02:39:06 INFO  shutting down Metals
2026.07.11 02:39:06 INFO  Exiting server
2026.07.11 02:40:03 INFO  Started: Metals version 1.6.7 in folders 'C:\Users\rahul\Github\My_Python-codes' for client Visual Studio Code 1.128.0.
2026.07.11 02:40:03 INFO  Memory monitor started
2026.07.11 02:40:06 WARN  Using H2 2.4.240 which is newer than the version Flyway has been verified with. The latest verified version of H2 is 2.3.232.
2026.07.11 02:40:09 INFO  Attempting to connect to the build server...
2026.07.11 02:40:09 INFO  Running BSP server List(C:\Users\rahul\AppData\Local\Coursier\data\bin\.scala-cli.aux.exe, bsp, --json-options, C:\Users\rahul\OneDrive\Documents\GitHub\My_Python-codes\.scala-build\ide-options-v2.json, --json-launcher-options, C:\Users\rahul\OneDrive\Documents\GitHub\My_Python-codes\.scala-build\ide-launcher-options.json, --envs-file, C:\Users\rahul\OneDrive\Documents\GitHub\My_Python-codes\.scala-build\ide-envs.json, C:\Users\rahul\OneDrive\Documents\GitHub\My_Python-codes)
2026.07.11 02:40:10 INFO  tracing is disabled for protocol BSP, to enable tracing of incoming and outgoing JSON messages create an empty file at C:\Users\rahul\Github\My_Python-codes\.metals\bsp.trace.json or C:\Users\rahul\AppData\Local\scalameta\metals\cache\bsp.trace.json
2026.07.11 02:40:10 INFO  BSP server: Exception in thread "subprocess-shutdown-hook-monitor" java.io.IOException: Cannot run program "C:\Program Files\Java\jdk-25\bin\java.exe" (in directory "C:\Users\rahul\OneDrive\Documents\GitHub\My_Python-codes"): CreateProcess error=2, The system cannot find the file specified
2026.07.11 02:40:10 INFO  BSP server: 	at java.base@17.0.9/java.lang.ProcessBuilder.start(ProcessBuilder.java:1143)
2026.07.11 02:40:10 INFO  BSP server: 	at java.base@17.0.9/java.lang.ProcessBuilder.start(ProcessBuilder.java:1073)
2026.07.11 02:40:10 INFO  BSP server: 	at os.proc.proc$lzyINIT1$1(ProcessOps.scala:345)
2026.07.11 02:40:10 INFO  BSP server: 	at os.proc.os$proc$$_$proc$1(ProcessOps.scala:351)
2026.07.11 02:40:10 INFO  BSP server: 	at os.proc$$anon$2.run(ProcessOps.scala:335)
2026.07.11 02:40:10 INFO  BSP server: 	at com.oracle.svm.core.thread.PlatformThreads.threadStartRoutine(PlatformThreads.java:807)
2026.07.11 02:40:10 INFO  BSP server: 	at com.oracle.svm.core.windows.WindowsPlatformThreads.osThreadStartRoutine(WindowsPlatformThreads.java:179)
2026.07.11 02:40:10 INFO  BSP server: Caused by: java.io.IOException: CreateProcess error=2, The system cannot find the file specified
2026.07.11 02:40:10 INFO  BSP server: 	at com.oracle.svm.core.jni.functions.JNIFunctions$NewObjectWithObjectArrayArgFunctionPointer.invoke(JNIFunctions.java)
2026.07.11 02:40:10 INFO  BSP server: 	at com.oracle.svm.core.jni.functions.JNIFunctions.ThrowNew(JNIFunctions.java:889)
2026.07.11 02:40:10 INFO  BSP server: 	at java.base@17.0.9/java.lang.ProcessImpl.create(Native Method)
2026.07.11 02:40:10 INFO  BSP server: 	at java.base@17.0.9/java.lang.ProcessImpl.<init>(ProcessImpl.java:499)
2026.07.11 02:40:10 INFO  BSP server: 	at java.base@17.0.9/java.lang.ProcessImpl.start(ProcessImpl.java:158)
2026.07.11 02:40:10 INFO  BSP server: 	at java.base@17.0.9/java.lang.ProcessBuilder.start(ProcessBuilder.java:1110)
2026.07.11 02:40:10 INFO  BSP server: 	... 6 more
2026.07.11 02:40:10 INFO  BSP server: Error: java.io.IOException: Cannot run program "C:\Program Files\Java\jdk-25\bin\java.exe" (in directory "C:\Users\rahul\OneDrive\Documents\GitHub\My_Python-codes"): CreateProcess error=2, The system cannot find the file specified
2026.07.11 02:40:10 INFO  BSP server: For more details, please see 'C:\Users\rahul\OneDrive\Documents\GitHub\My_Python-codes\.scala-build\stacktraces\1783717810-15451812641260548661.log'
2026.07.11 02:40:10 INFO  BSP server: Exception in thread "subprocess-shutdown-hook" java.io.IOException: Cannot run program "C:\Program Files\Java\jdk-25\bin\java.exe" (in directory "C:\Users\rahul\OneDrive\Documents\GitHub\My_Python-codes"): CreateProcess error=2, The system cannot find the file specified
2026.07.11 02:40:10 INFO  BSP server: 	at java.base@17.0.9/java.lang.ProcessBuilder.start(ProcessBuilder.java:1143)
2026.07.11 02:40:10 INFO  BSP server: 	at java.base@17.0.9/java.lang.ProcessBuilder.start(ProcessBuilder.java:1073)
2026.07.11 02:40:10 INFO  BSP server: 	at os.proc.proc$lzyINIT1$1(ProcessOps.scala:345)
2026.07.11 02:40:10 INFO  BSP server: 	at os.proc.os$proc$$_$proc$1(ProcessOps.scala:351)
2026.07.11 02:40:10 INFO  BSP server: 	at os.proc$$anon$1.run(ProcessOps.scala:329)
2026.07.11 02:40:10 INFO  BSP server: 	at com.oracle.svm.core.thread.PlatformThreads.threadStartRoutine(PlatformThreads.java:807)
2026.07.11 02:40:10 INFO  BSP server: 	at com.oracle.svm.core.windows.WindowsPlatformThreads.osThreadStartRoutine(WindowsPlatformThreads.java:179)
2026.07.11 02:40:10 INFO  BSP server: Caused by: java.io.IOException: CreateProcess error=2, The system cannot find the file specified
2026.07.11 02:40:10 INFO  BSP server: 	at com.oracle.svm.core.jni.functions.JNIFunctions$NewObjectWithObjectArrayArgFunctionPointer.invoke(JNIFunctions.java)
2026.07.11 02:40:10 INFO  BSP server: 	at com.oracle.svm.core.jni.functions.JNIFunctions.ThrowNew(JNIFunctions.java:889)
2026.07.11 02:40:10 INFO  BSP server: 	at java.base@17.0.9/java.lang.ProcessImpl.create(Native Method)
2026.07.11 02:40:10 INFO  BSP server: 	at java.base@17.0.9/java.lang.ProcessImpl.<init>(ProcessImpl.java:499)
2026.07.11 02:40:10 INFO  BSP server: 	at java.base@17.0.9/java.lang.ProcessImpl.start(ProcessImpl.java:158)
2026.07.11 02:40:10 INFO  BSP server: 	at java.base@17.0.9/java.lang.ProcessBuilder.start(ProcessBuilder.java:1110)
2026.07.11 02:40:10 INFO  BSP server: 	... 6 more
2026.07.11 02:41:10 ERROR Timeout waiting for 'build/initialize' response
2026.07.11 02:41:10 WARN  Retrying connection to the build server scala-cli
2026.07.11 02:41:10 INFO  Running BSP server List(C:\Users\rahul\AppData\Local\Coursier\data\bin\.scala-cli.aux.exe, bsp, --json-options, C:\Users\rahul\OneDrive\Documents\GitHub\My_Python-codes\.scala-build\ide-options-v2.json, --json-launcher-options, C:\Users\rahul\OneDrive\Documents\GitHub\My_Python-codes\.scala-build\ide-launcher-options.json, --envs-file, C:\Users\rahul\OneDrive\Documents\GitHub\My_Python-codes\.scala-build\ide-envs.json, C:\Users\rahul\OneDrive\Documents\GitHub\My_Python-codes)
2026.07.11 02:41:10 INFO  tracing is disabled for protocol BSP, to enable tracing of incoming and outgoing JSON messages create an empty file at C:\Users\rahul\Github\My_Python-codes\.metals\bsp.trace.json or C:\Users\rahul\AppData\Local\scalameta\metals\cache\bsp.trace.json
2026.07.11 02:41:10 INFO  BSP server: Exception in thread "subprocess-shutdown-hook-monitor" java.io.IOException: Cannot run program "C:\Program Files\Java\jdk-25\bin\java.exe" (in directory "C:\Users\rahul\OneDrive\Documents\GitHub\My_Python-codes"): CreateProcess error=2, The system cannot find the file specified
2026.07.11 02:41:10 INFO  BSP server: 	at java.base@17.0.9/java.lang.ProcessBuilder.start(ProcessBuilder.java:1143)
2026.07.11 02:41:10 INFO  BSP server: 	at java.base@17.0.9/java.lang.ProcessBuilder.start(ProcessBuilder.java:1073)
2026.07.11 02:41:10 INFO  BSP server: 	at os.proc.proc$lzyINIT1$1(ProcessOps.scala:345)
2026.07.11 02:41:10 INFO  BSP server: 	at os.proc.os$proc$$_$proc$1(ProcessOps.scala:351)
2026.07.11 02:41:10 INFO  BSP server: 	at os.proc$$anon$2.run(ProcessOps.scala:335)
2026.07.11 02:41:10 INFO  BSP server: 	at com.oracle.svm.core.thread.PlatformThreads.threadStartRoutine(PlatformThreads.java:807)
2026.07.11 02:41:10 INFO  BSP server: 	at com.oracle.svm.core.windows.WindowsPlatformThreads.osThreadStartRoutine(WindowsPlatformThreads.java:179)
2026.07.11 02:41:10 INFO  BSP server: Caused by: java.io.IOException: CreateProcess error=2, The system cannot find the file specified
2026.07.11 02:41:10 INFO  BSP server: 	at com.oracle.svm.core.jni.functions.JNIFunctions$NewObjectWithObjectArrayArgFunctionPointer.invoke(JNIFunctions.java)
2026.07.11 02:41:10 INFO  BSP server: 	at com.oracle.svm.core.jni.functions.JNIFunctions.ThrowNew(JNIFunctions.java:889)
2026.07.11 02:41:10 INFO  BSP server: 	at java.base@17.0.9/java.lang.ProcessImpl.create(Native Method)
2026.07.11 02:41:10 INFO  BSP server: 	at java.base@17.0.9/java.lang.ProcessImpl.<init>(ProcessImpl.java:499)
2026.07.11 02:41:10 INFO  BSP server: 	at java.base@17.0.9/java.lang.ProcessImpl.start(ProcessImpl.java:158)
2026.07.11 02:41:10 INFO  BSP server: 	at java.base@17.0.9/java.lang.ProcessBuilder.start(ProcessBuilder.java:1110)
2026.07.11 02:41:10 INFO  BSP server: 	... 6 more
2026.07.11 02:41:10 INFO  BSP server: Error: java.io.IOException: Cannot run program "C:\Program Files\Java\jdk-25\bin\java.exe" (in directory "C:\Users\rahul\OneDrive\Documents\GitHub\My_Python-codes"): CreateProcess error=2, The system cannot find the file specified
2026.07.11 02:41:10 INFO  BSP server: For more details, please see 'C:\Users\rahul\OneDrive\Documents\GitHub\My_Python-codes\.scala-build\stacktraces\1783717870-15351317288909201468.log'
2026.07.11 02:41:10 INFO  BSP server: Exception in thread "subprocess-shutdown-hook" java.io.IOException: Cannot run program "C:\Program Files\Java\jdk-25\bin\java.exe" (in directory "C:\Users\rahul\OneDrive\Documents\GitHub\My_Python-codes"): CreateProcess error=2, The system cannot find the file specified
2026.07.11 02:41:10 INFO  BSP server: 	at java.base@17.0.9/java.lang.ProcessBuilder.start(ProcessBuilder.java:1143)
2026.07.11 02:41:10 INFO  BSP server: 	at java.base@17.0.9/java.lang.ProcessBuilder.start(ProcessBuilder.java:1073)
2026.07.11 02:41:10 INFO  BSP server: 	at os.proc.proc$lzyINIT1$1(ProcessOps.scala:345)
2026.07.11 02:41:10 INFO  BSP server: 	at os.proc.os$proc$$_$proc$1(ProcessOps.scala:351)
2026.07.11 02:41:10 INFO  BSP server: 	at os.proc$$anon$1.run(ProcessOps.scala:329)
2026.07.11 02:41:10 INFO  BSP server: 	at com.oracle.svm.core.thread.PlatformThreads.threadStartRoutine(PlatformThreads.java:807)
2026.07.11 02:41:10 INFO  BSP server: 	at com.oracle.svm.core.windows.WindowsPlatformThreads.osThreadStartRoutine(WindowsPlatformThreads.java:179)
2026.07.11 02:41:10 INFO  BSP server: Caused by: java.io.IOException: CreateProcess error=2, The system cannot find the file specified
2026.07.11 02:41:10 INFO  BSP server: 	at com.oracle.svm.core.jni.functions.JNIFunctions$NewObjectWithObjectArrayArgFunctionPointer.invoke(JNIFunctions.java)
2026.07.11 02:41:10 INFO  BSP server: 	at com.oracle.svm.core.jni.functions.JNIFunctions.ThrowNew(JNIFunctions.java:889)
2026.07.11 02:41:10 INFO  BSP server: 	at java.base@17.0.9/java.lang.ProcessImpl.create(Native Method)
2026.07.11 02:41:10 INFO  BSP server: 	at java.base@17.0.9/java.lang.ProcessImpl.<init>(ProcessImpl.java:499)
2026.07.11 02:41:10 INFO  BSP server: 	at java.base@17.0.9/java.lang.ProcessImpl.start(ProcessImpl.java:158)
2026.07.11 02:41:10 INFO  BSP server: 	at java.base@17.0.9/java.lang.ProcessBuilder.start(ProcessBuilder.java:1110)
2026.07.11 02:41:10 INFO  BSP server: 	... 6 more
2026.07.11 02:42:10 ERROR Timeout waiting for 'build/initialize' response
2026.07.11 02:42:10 WARN  Retrying connection to the build server scala-cli
2026.07.11 02:42:10 INFO  Running BSP server List(C:\Users\rahul\AppData\Local\Coursier\data\bin\.scala-cli.aux.exe, bsp, --json-options, C:\Users\rahul\OneDrive\Documents\GitHub\My_Python-codes\.scala-build\ide-options-v2.json, --json-launcher-options, C:\Users\rahul\OneDrive\Documents\GitHub\My_Python-codes\.scala-build\ide-launcher-options.json, --envs-file, C:\Users\rahul\OneDrive\Documents\GitHub\My_Python-codes\.scala-build\ide-envs.json, C:\Users\rahul\OneDrive\Documents\GitHub\My_Python-codes)
2026.07.11 02:42:10 INFO  tracing is disabled for protocol BSP, to enable tracing of incoming and outgoing JSON messages create an empty file at C:\Users\rahul\Github\My_Python-codes\.metals\bsp.trace.json or C:\Users\rahul\AppData\Local\scalameta\metals\cache\bsp.trace.json
2026.07.11 02:42:10 INFO  BSP server: Exception in thread "subprocess-shutdown-hook-monitor" java.io.IOException: Cannot run program "C:\Program Files\Java\jdk-25\bin\java.exe" (in directory "C:\Users\rahul\OneDrive\Documents\GitHub\My_Python-codes"): CreateProcess error=2, The system cannot find the file specified
2026.07.11 02:42:10 INFO  BSP server: 	at java.base@17.0.9/java.lang.ProcessBuilder.start(ProcessBuilder.java:1143)
2026.07.11 02:42:10 INFO  BSP server: 	at java.base@17.0.9/java.lang.ProcessBuilder.start(ProcessBuilder.java:1073)
2026.07.11 02:42:10 INFO  BSP server: 	at os.proc.proc$lzyINIT1$1(ProcessOps.scala:345)
2026.07.11 02:42:10 INFO  BSP server: 	at os.proc.os$proc$$_$proc$1(ProcessOps.scala:351)
2026.07.11 02:42:10 INFO  BSP server: 	at os.proc$$anon$2.run(ProcessOps.scala:335)
2026.07.11 02:42:10 INFO  BSP server: 	at com.oracle.svm.core.thread.PlatformThreads.threadStartRoutine(PlatformThreads.java:807)
2026.07.11 02:42:10 INFO  BSP server: 	at com.oracle.svm.core.windows.WindowsPlatformThreads.osThreadStartRoutine(WindowsPlatformThreads.java:179)
2026.07.11 02:42:10 INFO  BSP server: Caused by: java.io.IOException: CreateProcess error=2, The system cannot find the file specified
2026.07.11 02:42:10 INFO  BSP server: 	at com.oracle.svm.core.jni.functions.JNIFunctions$NewObjectWithObjectArrayArgFunctionPointer.invoke(JNIFunctions.java)
2026.07.11 02:42:10 INFO  BSP server: 	at com.oracle.svm.core.jni.functions.JNIFunctions.ThrowNew(JNIFunctions.java:889)
2026.07.11 02:42:10 INFO  BSP server: 	at java.base@17.0.9/java.lang.ProcessImpl.create(Native Method)
2026.07.11 02:42:10 INFO  BSP server: 	at java.base@17.0.9/java.lang.ProcessImpl.<init>(ProcessImpl.java:499)
2026.07.11 02:42:10 INFO  BSP server: 	at java.base@17.0.9/java.lang.ProcessImpl.start(ProcessImpl.java:158)
2026.07.11 02:42:10 INFO  BSP server: 	at java.base@17.0.9/java.lang.ProcessBuilder.start(ProcessBuilder.java:1110)
2026.07.11 02:42:10 INFO  BSP server: 	... 6 more
2026.07.11 02:42:10 INFO  BSP server: Error: java.io.IOException: Cannot run program "C:\Program Files\Java\jdk-25\bin\java.exe" (in directory "C:\Users\rahul\OneDrive\Documents\GitHub\My_Python-codes"): CreateProcess error=2, The system cannot find the file specified
2026.07.11 02:42:10 INFO  BSP server: For more details, please see 'C:\Users\rahul\OneDrive\Documents\GitHub\My_Python-codes\.scala-build\stacktraces\1783717930-12381683255417752694.log'
2026.07.11 02:42:10 INFO  BSP server: Exception in thread "subprocess-shutdown-hook" java.io.IOException: Cannot run program "C:\Program Files\Java\jdk-25\bin\java.exe" (in directory "C:\Users\rahul\OneDrive\Documents\GitHub\My_Python-codes"): CreateProcess error=2, The system cannot find the file specified
2026.07.11 02:42:10 INFO  BSP server: 	at java.base@17.0.9/java.lang.ProcessBuilder.start(ProcessBuilder.java:1143)
2026.07.11 02:42:10 INFO  BSP server: 	at java.base@17.0.9/java.lang.ProcessBuilder.start(ProcessBuilder.java:1073)
2026.07.11 02:42:10 INFO  BSP server: 	at os.proc.proc$lzyINIT1$1(ProcessOps.scala:345)
2026.07.11 02:42:10 INFO  BSP server: 	at os.proc.os$proc$$_$proc$1(ProcessOps.scala:351)
2026.07.11 02:42:10 INFO  BSP server: 	at os.proc$$anon$1.run(ProcessOps.scala:329)
2026.07.11 02:42:10 INFO  BSP server: 	at com.oracle.svm.core.thread.PlatformThreads.threadStartRoutine(PlatformThreads.java:807)
2026.07.11 02:42:10 INFO  BSP server: 	at com.oracle.svm.core.windows.WindowsPlatformThreads.osThreadStartRoutine(WindowsPlatformThreads.java:179)
2026.07.11 02:42:10 INFO  BSP server: Caused by: java.io.IOException: CreateProcess error=2, The system cannot find the file specified
2026.07.11 02:42:10 INFO  BSP server: 	at com.oracle.svm.core.jni.functions.JNIFunctions$NewObjectWithObjectArrayArgFunctionPointer.invoke(JNIFunctions.java)
2026.07.11 02:42:10 INFO  BSP server: 	at com.oracle.svm.core.jni.functions.JNIFunctions.ThrowNew(JNIFunctions.java:889)
2026.07.11 02:42:10 INFO  BSP server: 	at java.base@17.0.9/java.lang.ProcessImpl.create(Native Method)
2026.07.11 02:42:10 INFO  BSP server: 	at java.base@17.0.9/java.lang.ProcessImpl.<init>(ProcessImpl.java:499)
2026.07.11 02:42:10 INFO  BSP server: 	at java.base@17.0.9/java.lang.ProcessImpl.start(ProcessImpl.java:158)
2026.07.11 02:42:10 INFO  BSP server: 	at java.base@17.0.9/java.lang.ProcessBuilder.start(ProcessBuilder.java:1110)
2026.07.11 02:42:10 INFO  BSP server: 	... 6 more
2026.07.11 02:43:10 ERROR Timeout waiting for 'build/initialize' response
2026.07.11 02:43:10 WARN  Retrying connection to the build server scala-cli
2026.07.11 02:43:10 INFO  Running BSP server List(C:\Users\rahul\AppData\Local\Coursier\data\bin\.scala-cli.aux.exe, bsp, --json-options, C:\Users\rahul\OneDrive\Documents\GitHub\My_Python-codes\.scala-build\ide-options-v2.json, --json-launcher-options, C:\Users\rahul\OneDrive\Documents\GitHub\My_Python-codes\.scala-build\ide-launcher-options.json, --envs-file, C:\Users\rahul\OneDrive\Documents\GitHub\My_Python-codes\.scala-build\ide-envs.json, C:\Users\rahul\OneDrive\Documents\GitHub\My_Python-codes)
2026.07.11 02:43:10 INFO  tracing is disabled for protocol BSP, to enable tracing of incoming and outgoing JSON messages create an empty file at C:\Users\rahul\Github\My_Python-codes\.metals\bsp.trace.json or C:\Users\rahul\AppData\Local\scalameta\metals\cache\bsp.trace.json
2026.07.11 02:43:10 INFO  BSP server: Exception in thread "subprocess-shutdown-hook-monitor" java.io.IOException: Cannot run program "C:\Program Files\Java\jdk-25\bin\java.exe" (in directory "C:\Users\rahul\OneDrive\Documents\GitHub\My_Python-codes"): CreateProcess error=2, The system cannot find the file specified
2026.07.11 02:43:10 INFO  BSP server: 	at java.base@17.0.9/java.lang.ProcessBuilder.start(ProcessBuilder.java:1143)
2026.07.11 02:43:10 INFO  BSP server: 	at java.base@17.0.9/java.lang.ProcessBuilder.start(ProcessBuilder.java:1073)
2026.07.11 02:43:10 INFO  BSP server: 	at os.proc.proc$lzyINIT1$1(ProcessOps.scala:345)
2026.07.11 02:43:10 INFO  BSP server: 	at os.proc.os$proc$$_$proc$1(ProcessOps.scala:351)
2026.07.11 02:43:10 INFO  BSP server: 	at os.proc$$anon$2.run(ProcessOps.scala:335)
2026.07.11 02:43:10 INFO  BSP server: 	at com.oracle.svm.core.thread.PlatformThreads.threadStartRoutine(PlatformThreads.java:807)
2026.07.11 02:43:10 INFO  BSP server: 	at com.oracle.svm.core.windows.WindowsPlatformThreads.osThreadStartRoutine(WindowsPlatformThreads.java:179)
2026.07.11 02:43:10 INFO  BSP server: Caused by: java.io.IOException: CreateProcess error=2, The system cannot find the file specified
2026.07.11 02:43:10 INFO  BSP server: 	at com.oracle.svm.core.jni.functions.JNIFunctions$NewObjectWithObjectArrayArgFunctionPointer.invoke(JNIFunctions.java)
2026.07.11 02:43:10 INFO  BSP server: 	at com.oracle.svm.core.jni.functions.JNIFunctions.ThrowNew(JNIFunctions.java:889)
2026.07.11 02:43:10 INFO  BSP server: 	at java.base@17.0.9/java.lang.ProcessImpl.create(Native Method)
2026.07.11 02:43:10 INFO  BSP server: 	at java.base@17.0.9/java.lang.ProcessImpl.<init>(ProcessImpl.java:499)
2026.07.11 02:43:10 INFO  BSP server: 	at java.base@17.0.9/java.lang.ProcessImpl.start(ProcessImpl.java:158)
2026.07.11 02:43:10 INFO  BSP server: 	at java.base@17.0.9/java.lang.ProcessBuilder.start(ProcessBuilder.java:1110)
2026.07.11 02:43:10 INFO  BSP server: 	... 6 more
2026.07.11 02:43:10 INFO  BSP server: Error: java.io.IOException: Cannot run program "C:\Program Files\Java\jdk-25\bin\java.exe" (in directory "C:\Users\rahul\OneDrive\Documents\GitHub\My_Python-codes"): CreateProcess error=2, The system cannot find the file specified
2026.07.11 02:43:10 INFO  BSP server: For more details, please see 'C:\Users\rahul\OneDrive\Documents\GitHub\My_Python-codes\.scala-build\stacktraces\1783717990-1225341010684376220.log'
2026.07.11 02:43:10 INFO  BSP server: Exception in thread "subprocess-shutdown-hook" java.io.IOException: Cannot run program "C:\Program Files\Java\jdk-25\bin\java.exe" (in directory "C:\Users\rahul\OneDrive\Documents\GitHub\My_Python-codes"): CreateProcess error=2, The system cannot find the file specified
2026.07.11 02:43:10 INFO  BSP server: 	at java.base@17.0.9/java.lang.ProcessBuilder.start(ProcessBuilder.java:1143)
2026.07.11 02:43:10 INFO  BSP server: 	at java.base@17.0.9/java.lang.ProcessBuilder.start(ProcessBuilder.java:1073)
2026.07.11 02:43:10 INFO  BSP server: 	at os.proc.proc$lzyINIT1$1(ProcessOps.scala:345)
2026.07.11 02:43:10 INFO  BSP server: 	at os.proc.os$proc$$_$proc$1(ProcessOps.scala:351)
2026.07.11 02:43:10 INFO  BSP server: 	at os.proc$$anon$1.run(ProcessOps.scala:329)
2026.07.11 02:43:10 INFO  BSP server: 	at com.oracle.svm.core.thread.PlatformThreads.threadStartRoutine(PlatformThreads.java:807)
2026.07.11 02:43:10 INFO  BSP server: 	at com.oracle.svm.core.windows.WindowsPlatformThreads.osThreadStartRoutine(WindowsPlatformThreads.java:179)
2026.07.11 02:43:10 INFO  BSP server: Caused by: java.io.IOException: CreateProcess error=2, The system cannot find the file specified
2026.07.11 02:43:10 INFO  BSP server: 	at com.oracle.svm.core.jni.functions.JNIFunctions$NewObjectWithObjectArrayArgFunctionPointer.invoke(JNIFunctions.java)
2026.07.11 02:43:10 INFO  BSP server: 	at com.oracle.svm.core.jni.functions.JNIFunctions.ThrowNew(JNIFunctions.java:889)
2026.07.11 02:43:10 INFO  BSP server: 	at java.base@17.0.9/java.lang.ProcessImpl.create(Native Method)
2026.07.11 02:43:10 INFO  BSP server: 	at java.base@17.0.9/java.lang.ProcessImpl.<init>(ProcessImpl.java:499)
2026.07.11 02:43:10 INFO  BSP server: 	at java.base@17.0.9/java.lang.ProcessImpl.start(ProcessImpl.java:158)
2026.07.11 02:43:10 INFO  BSP server: 	at java.base@17.0.9/java.lang.ProcessBuilder.start(ProcessBuilder.java:1110)
2026.07.11 02:43:10 INFO  BSP server: 	... 6 more
2026.07.11 02:44:10 ERROR Timeout waiting for 'build/initialize' response
2026.07.11 02:44:10 WARN  Retrying connection to the build server scala-cli
2026.07.11 02:44:10 INFO  Running BSP server List(C:\Users\rahul\AppData\Local\Coursier\data\bin\.scala-cli.aux.exe, bsp, --json-options, C:\Users\rahul\OneDrive\Documents\GitHub\My_Python-codes\.scala-build\ide-options-v2.json, --json-launcher-options, C:\Users\rahul\OneDrive\Documents\GitHub\My_Python-codes\.scala-build\ide-launcher-options.json, --envs-file, C:\Users\rahul\OneDrive\Documents\GitHub\My_Python-codes\.scala-build\ide-envs.json, C:\Users\rahul\OneDrive\Documents\GitHub\My_Python-codes)
2026.07.11 02:44:10 INFO  tracing is disabled for protocol BSP, to enable tracing of incoming and outgoing JSON messages create an empty file at C:\Users\rahul\Github\My_Python-codes\.metals\bsp.trace.json or C:\Users\rahul\AppData\Local\scalameta\metals\cache\bsp.trace.json
2026.07.11 02:44:10 INFO  BSP server: Exception in thread "subprocess-shutdown-hook-monitor" java.io.IOException: Cannot run program "C:\Program Files\Java\jdk-25\bin\java.exe" (in directory "C:\Users\rahul\OneDrive\Documents\GitHub\My_Python-codes"): CreateProcess error=2, The system cannot find the file specified
2026.07.11 02:44:10 INFO  BSP server: 	at java.base@17.0.9/java.lang.ProcessBuilder.start(ProcessBuilder.java:1143)
2026.07.11 02:44:10 INFO  BSP server: 	at java.base@17.0.9/java.lang.ProcessBuilder.start(ProcessBuilder.java:1073)
2026.07.11 02:44:10 INFO  BSP server: 	at os.proc.proc$lzyINIT1$1(ProcessOps.scala:345)
2026.07.11 02:44:10 INFO  BSP server: 	at os.proc.os$proc$$_$proc$1(ProcessOps.scala:351)
2026.07.11 02:44:10 INFO  BSP server: 	at os.proc$$anon$2.run(ProcessOps.scala:335)
2026.07.11 02:44:10 INFO  BSP server: 	at com.oracle.svm.core.thread.PlatformThreads.threadStartRoutine(PlatformThreads.java:807)
2026.07.11 02:44:10 INFO  BSP server: 	at com.oracle.svm.core.windows.WindowsPlatformThreads.osThreadStartRoutine(WindowsPlatformThreads.java:179)
2026.07.11 02:44:10 INFO  BSP server: Caused by: java.io.IOException: CreateProcess error=2, The system cannot find the file specified
2026.07.11 02:44:10 INFO  BSP server: 	at com.oracle.svm.core.jni.functions.JNIFunctions$NewObjectWithObjectArrayArgFunctionPointer.invoke(JNIFunctions.java)
2026.07.11 02:44:10 INFO  BSP server: 	at com.oracle.svm.core.jni.functions.JNIFunctions.ThrowNew(JNIFunctions.java:889)
2026.07.11 02:44:10 INFO  BSP server: 	at java.base@17.0.9/java.lang.ProcessImpl.create(Native Method)
2026.07.11 02:44:10 INFO  BSP server: 	at java.base@17.0.9/java.lang.ProcessImpl.<init>(ProcessImpl.java:499)
2026.07.11 02:44:10 INFO  BSP server: 	at java.base@17.0.9/java.lang.ProcessImpl.start(ProcessImpl.java:158)
2026.07.11 02:44:10 INFO  BSP server: 	at java.base@17.0.9/java.lang.ProcessBuilder.start(ProcessBuilder.java:1110)
2026.07.11 02:44:10 INFO  BSP server: 	... 6 more
2026.07.11 02:44:10 INFO  BSP server: Error: java.io.IOException: Cannot run program "C:\Program Files\Java\jdk-25\bin\java.exe" (in directory "C:\Users\rahul\OneDrive\Documents\GitHub\My_Python-codes"): CreateProcess error=2, The system cannot find the file specified
2026.07.11 02:44:10 INFO  BSP server: For more details, please see 'C:\Users\rahul\OneDrive\Documents\GitHub\My_Python-codes\.scala-build\stacktraces\1783718050-14016568636870523544.log'
2026.07.11 02:44:10 INFO  BSP server: Exception in thread "subprocess-shutdown-hook" java.io.IOException: Cannot run program "C:\Program Files\Java\jdk-25\bin\java.exe" (in directory "C:\Users\rahul\OneDrive\Documents\GitHub\My_Python-codes"): CreateProcess error=2, The system cannot find the file specified
2026.07.11 02:44:10 INFO  BSP server: 	at java.base@17.0.9/java.lang.ProcessBuilder.start(ProcessBuilder.java:1143)
2026.07.11 02:44:10 INFO  BSP server: 	at java.base@17.0.9/java.lang.ProcessBuilder.start(ProcessBuilder.java:1073)
2026.07.11 02:44:10 INFO  BSP server: 	at os.proc.proc$lzyINIT1$1(ProcessOps.scala:345)
2026.07.11 02:44:10 INFO  BSP server: 	at os.proc.os$proc$$_$proc$1(ProcessOps.scala:351)
2026.07.11 02:44:10 INFO  BSP server: 	at os.proc$$anon$1.run(ProcessOps.scala:329)
2026.07.11 02:44:10 INFO  BSP server: 	at com.oracle.svm.core.thread.PlatformThreads.threadStartRoutine(PlatformThreads.java:807)
2026.07.11 02:44:10 INFO  BSP server: 	at com.oracle.svm.core.windows.WindowsPlatformThreads.osThreadStartRoutine(WindowsPlatformThreads.java:179)
2026.07.11 02:44:10 INFO  BSP server: Caused by: java.io.IOException: CreateProcess error=2, The system cannot find the file specified
2026.07.11 02:44:10 INFO  BSP server: 	at com.oracle.svm.core.jni.functions.JNIFunctions$NewObjectWithObjectArrayArgFunctionPointer.invoke(JNIFunctions.java)
2026.07.11 02:44:10 INFO  BSP server: 	at com.oracle.svm.core.jni.functions.JNIFunctions.ThrowNew(JNIFunctions.java:889)
2026.07.11 02:44:10 INFO  BSP server: 	at java.base@17.0.9/java.lang.ProcessImpl.create(Native Method)
2026.07.11 02:44:10 INFO  BSP server: 	at java.base@17.0.9/java.lang.ProcessImpl.<init>(ProcessImpl.java:499)
2026.07.11 02:44:10 INFO  BSP server: 	at java.base@17.0.9/java.lang.ProcessImpl.start(ProcessImpl.java:158)
2026.07.11 02:44:10 INFO  BSP server: 	at java.base@17.0.9/java.lang.ProcessBuilder.start(ProcessBuilder.java:1110)
2026.07.11 02:44:10 INFO  BSP server: 	... 6 more
2026.07.11 02:45:10 ERROR Timeout waiting for 'build/initialize' response
2026.07.11 02:45:10 WARN  Retrying connection to the build server scala-cli
2026.07.11 02:45:10 INFO  Running BSP server List(C:\Users\rahul\AppData\Local\Coursier\data\bin\.scala-cli.aux.exe, bsp, --json-options, C:\Users\rahul\OneDrive\Documents\GitHub\My_Python-codes\.scala-build\ide-options-v2.json, --json-launcher-options, C:\Users\rahul\OneDrive\Documents\GitHub\My_Python-codes\.scala-build\ide-launcher-options.json, --envs-file, C:\Users\rahul\OneDrive\Documents\GitHub\My_Python-codes\.scala-build\ide-envs.json, C:\Users\rahul\OneDrive\Documents\GitHub\My_Python-codes)
2026.07.11 02:45:10 INFO  tracing is disabled for protocol BSP, to enable tracing of incoming and outgoing JSON messages create an empty file at C:\Users\rahul\Github\My_Python-codes\.metals\bsp.trace.json or C:\Users\rahul\AppData\Local\scalameta\metals\cache\bsp.trace.json
2026.07.11 02:45:10 INFO  BSP server: Exception in thread "subprocess-shutdown-hook-monitor" java.io.IOException: Cannot run program "C:\Program Files\Java\jdk-25\bin\java.exe" (in directory "C:\Users\rahul\OneDrive\Documents\GitHub\My_Python-codes"): CreateProcess error=2, The system cannot find the file specified
2026.07.11 02:45:10 INFO  BSP server: 	at java.base@17.0.9/java.lang.ProcessBuilder.start(ProcessBuilder.java:1143)
2026.07.11 02:45:10 INFO  BSP server: 	at java.base@17.0.9/java.lang.ProcessBuilder.start(ProcessBuilder.java:1073)
2026.07.11 02:45:10 INFO  BSP server: 	at os.proc.proc$lzyINIT1$1(ProcessOps.scala:345)
2026.07.11 02:45:10 INFO  BSP server: 	at os.proc.os$proc$$_$proc$1(ProcessOps.scala:351)
2026.07.11 02:45:10 INFO  BSP server: 	at os.proc$$anon$2.run(ProcessOps.scala:335)
2026.07.11 02:45:10 INFO  BSP server: 	at com.oracle.svm.core.thread.PlatformThreads.threadStartRoutine(PlatformThreads.java:807)
2026.07.11 02:45:10 INFO  BSP server: 	at com.oracle.svm.core.windows.WindowsPlatformThreads.osThreadStartRoutine(WindowsPlatformThreads.java:179)
2026.07.11 02:45:10 INFO  BSP server: Caused by: java.io.IOException: CreateProcess error=2, The system cannot find the file specified
2026.07.11 02:45:10 INFO  BSP server: 	at com.oracle.svm.core.jni.functions.JNIFunctions$NewObjectWithObjectArrayArgFunctionPointer.invoke(JNIFunctions.java)
2026.07.11 02:45:10 INFO  BSP server: 	at com.oracle.svm.core.jni.functions.JNIFunctions.ThrowNew(JNIFunctions.java:889)
2026.07.11 02:45:10 INFO  BSP server: 	at java.base@17.0.9/java.lang.ProcessImpl.create(Native Method)
2026.07.11 02:45:10 INFO  BSP server: 	at java.base@17.0.9/java.lang.ProcessImpl.<init>(ProcessImpl.java:499)
2026.07.11 02:45:10 INFO  BSP server: 	at java.base@17.0.9/java.lang.ProcessImpl.start(ProcessImpl.java:158)
2026.07.11 02:45:10 INFO  BSP server: 	at java.base@17.0.9/java.lang.ProcessBuilder.start(ProcessBuilder.java:1110)
2026.07.11 02:45:10 INFO  BSP server: 	... 6 more
2026.07.11 02:45:10 INFO  BSP server: Error: java.io.IOException: Cannot run program "C:\Program Files\Java\jdk-25\bin\java.exe" (in directory "C:\Users\rahul\OneDrive\Documents\GitHub\My_Python-codes"): CreateProcess error=2, The system cannot find the file specified
2026.07.11 02:45:10 INFO  BSP server: For more details, please see 'C:\Users\rahul\OneDrive\Documents\GitHub\My_Python-codes\.scala-build\stacktraces\1783718110-14227719067154136426.log'
2026.07.11 02:45:10 INFO  BSP server: Exception in thread "subprocess-shutdown-hook" java.io.IOException: Cannot run program "C:\Program Files\Java\jdk-25\bin\java.exe" (in directory "C:\Users\rahul\OneDrive\Documents\GitHub\My_Python-codes"): CreateProcess error=2, The system cannot find the file specified
2026.07.11 02:45:10 INFO  BSP server: 	at java.base@17.0.9/java.lang.ProcessBuilder.start(ProcessBuilder.java:1143)
2026.07.11 02:45:10 INFO  BSP server: 	at java.base@17.0.9/java.lang.ProcessBuilder.start(ProcessBuilder.java:1073)
2026.07.11 02:45:10 INFO  BSP server: 	at os.proc.proc$lzyINIT1$1(ProcessOps.scala:345)
2026.07.11 02:45:10 INFO  BSP server: 	at os.proc.os$proc$$_$proc$1(ProcessOps.scala:351)
2026.07.11 02:45:10 INFO  BSP server: 	at os.proc$$anon$1.run(ProcessOps.scala:329)
2026.07.11 02:45:10 INFO  BSP server: 	at com.oracle.svm.core.thread.PlatformThreads.threadStartRoutine(PlatformThreads.java:807)
2026.07.11 02:45:10 INFO  BSP server: 	at com.oracle.svm.core.windows.WindowsPlatformThreads.osThreadStartRoutine(WindowsPlatformThreads.java:179)
2026.07.11 02:45:10 INFO  BSP server: Caused by: java.io.IOException: CreateProcess error=2, The system cannot find the file specified
2026.07.11 02:45:10 INFO  BSP server: 	at com.oracle.svm.core.jni.functions.JNIFunctions$NewObjectWithObjectArrayArgFunctionPointer.invoke(JNIFunctions.java)
2026.07.11 02:45:10 INFO  BSP server: 	at com.oracle.svm.core.jni.functions.JNIFunctions.ThrowNew(JNIFunctions.java:889)
2026.07.11 02:45:10 INFO  BSP server: 	at java.base@17.0.9/java.lang.ProcessImpl.create(Native Method)
2026.07.11 02:45:10 INFO  BSP server: 	at java.base@17.0.9/java.lang.ProcessImpl.<init>(ProcessImpl.java:499)
2026.07.11 02:45:10 INFO  BSP server: 	at java.base@17.0.9/java.lang.ProcessImpl.start(ProcessImpl.java:158)
2026.07.11 02:45:10 INFO  BSP server: 	at java.base@17.0.9/java.lang.ProcessBuilder.start(ProcessBuilder.java:1110)
2026.07.11 02:45:10 INFO  BSP server: 	... 6 more
2026.07.11 02:46:10 ERROR Timeout waiting for 'build/initialize' response
2026.07.11 02:46:10 ERROR Failed to connect with build server, no functionality will work.
java.util.concurrent.TimeoutException
	at java.util.concurrent.CompletableFuture.timedGet(CompletableFuture.java:1960)
	at java.util.concurrent.CompletableFuture.get(CompletableFuture.java:2095)
	at scala.meta.internal.metals.BuildServerConnection$.initialize(BuildServerConnection.scala:806)
	at scala.meta.internal.metals.BuildServerConnection$.$anonfun$fromSockets$1(BuildServerConnection.scala:658)
	at scala.concurrent.impl.Promise$Transformation.run(Promise.scala:500)
	at java.util.concurrent.ThreadPoolExecutor.runWorker(ThreadPoolExecutor.java:1136)
	at java.util.concurrent.ThreadPoolExecutor$Worker.run(ThreadPoolExecutor.java:635)
	at java.lang.Thread.run(Thread.java:842)

2026.07.11 02:46:10 WARN  no build target for: C:\Users\rahul\Github\My_Python-codes\Scala codes\Control.scala
2026.07.11 02:46:10 INFO  no build target found for C:\Users\rahul\Github\My_Python-codes\Scala codes\Control.scala. Using presentation compiler with project's scala-library version: 3.3.7
2026.07.11 23:45:26 WARN  no build target for: C:\Users\rahul\Github\My_Python-codes\Scala codes\Variables.scala
2026.07.11 23:45:26 INFO  no build target found for C:\Users\rahul\Github\My_Python-codes\Scala codes\Variables.scala. Using presentation compiler with project's scala-library version: 3.3.7
2026.07.11 23:45:26 INFO  no build target found for C:\Users\rahul\Github\My_Python-codes\Scala codes\Variables.scala. Using presentation compiler with project's scala-library version: 3.3.7
Jul 11, 2026 11:45:27 PM org.eclipse.lsp4j.jsonrpc.RemoteEndpoint handleCancellation
WARNING: Unmatched cancel notification for request id 1
2026.07.11 23:45:32 WARN  no build target for: C:\Users\rahul\Github\My_Python-codes\Scala codes\Update.scala
2026.07.11 23:45:32 INFO  no build target found for C:\Users\rahul\Github\My_Python-codes\Scala codes\Update.scala. Using presentation compiler with project's scala-library version: 3.3.7
2026.07.11 23:45:32 INFO  no build target found for C:\Users\rahul\Github\My_Python-codes\Scala codes\Update.scala. Using presentation compiler with project's scala-library version: 3.3.7
Jul 11, 2026 11:45:32 PM org.eclipse.lsp4j.jsonrpc.RemoteEndpoint handleCancellation
WARNING: Unmatched cancel notification for request id 8
2026.07.11 23:45:32 INFO  no build target found for C:\Users\rahul\Github\My_Python-codes\Scala codes\Update.scala. Using presentation compiler with project's scala-library version: 3.3.7
2026.07.11 23:45:37 WARN  no build target for: C:\Users\rahul\Github\My_Python-codes\Scala codes\Update.scala
Jul 11, 2026 11:46:06 PM org.eclipse.lsp4j.jsonrpc.services.GenericEndpoint notify
INFO: Unsupported notification method: $/setTrace
2026.07.11 23:46:06 INFO  no build target found for C:\Users\rahul\Github\My_Python-codes\Scala codes\Update.scala. Using presentation compiler with project's scala-library version: 3.3.7
2026.07.11 23:46:58 INFO  no build target found for C:\Users\rahul\Github\My_Python-codes\Scala codes\Update.scala. Using presentation compiler with project's scala-library version: 3.3.7
2026.07.11 23:46:58 INFO  no build target found for C:\Users\rahul\Github\My_Python-codes\Scala codes\Update.scala. Using presentation compiler with project's scala-library version: 3.3.7
2026.07.11 23:46:58 INFO  no build target found for C:\Users\rahul\Github\My_Python-codes\Scala codes\Update.scala. Using presentation compiler with project's scala-library version: 3.3.7
2026.07.11 23:46:58 INFO  no build target found for C:\Users\rahul\Github\My_Python-codes\Scala codes\Update.scala. Using presentation compiler with project's scala-library version: 3.3.7
2026.07.11 23:46:58 WARN  no build target for: C:\Users\rahul\Github\My_Python-codes\Scala codes\Update.scala
2026.07.11 23:46:59 INFO  Created report: Optional[file:///C:/Users/rahul/Github/My_Python-codes/Scala%20codes/Update.scala]
2026.07.11 23:46:59 INFO  empty definition using pc, found symbol in pc:  (full report at: "C:\Users\rahul\Github\My_Python-codes\.metals\.reports\metals-full\2026-07-11\r_empty-definition_23-46-59-300.md")
2026.07.11 23:47:34 INFO  no build target found for C:\Users\rahul\Github\My_Python-codes\Scala codes\Update.scala. Using presentation compiler with project's scala-library version: 3.3.7
2026.07.11 23:47:34 INFO  no build target found for C:\Users\rahul\Github\My_Python-codes\Scala codes\Update.scala. Using presentation compiler with project's scala-library version: 3.3.7
2026.07.11 23:47:34 INFO  no build target found for C:\Users\rahul\Github\My_Python-codes\Scala codes\Update.scala. Using presentation compiler with project's scala-library version: 3.3.7
2026.07.11 23:47:37 INFO  no build target found for C:\Users\rahul\Github\My_Python-codes\Scala codes\Update.scala. Using presentation compiler with project's scala-library version: 3.3.7
2026.07.11 23:47:37 INFO  no build target found for C:\Users\rahul\Github\My_Python-codes\Scala codes\Update.scala. Using presentation compiler with project's scala-library version: 3.3.7
2026.07.11 23:47:37 WARN  no build target for: C:\Users\rahul\Github\My_Python-codes\Scala codes\Update.scala
2026.07.11 23:47:59 INFO  no build target found for C:\Users\rahul\Github\My_Python-codes\Scala codes\Update.scala. Using presentation compiler with project's scala-library version: 3.3.7
2026.07.11 23:47:59 INFO  no build target found for C:\Users\rahul\Github\My_Python-codes\Scala codes\Update.scala. Using presentation compiler with project's scala-library version: 3.3.7
2026.07.11 23:47:59 INFO  no build target found for C:\Users\rahul\Github\My_Python-codes\Scala codes\Update.scala. Using presentation compiler with project's scala-library version: 3.3.7
2026.07.11 23:47:59 INFO  no build target found for C:\Users\rahul\Github\My_Python-codes\Scala codes\Update.scala. Using presentation compiler with project's scala-library version: 3.3.7
2026.07.13 11:19:48 INFO  no build target found for C:\Users\rahul\Github\My_Python-codes\Scala codes\Inheritance.scala. Using presentation compiler with project's scala-library version: 3.3.7
2026.07.13 11:19:48 WARN  no build target for: C:\Users\rahul\Github\My_Python-codes\Scala codes\Inheritance.scala
2026.07.13 11:19:48 INFO  no build target found for C:\Users\rahul\Github\My_Python-codes\Scala codes\Inheritance.scala. Using presentation compiler with project's scala-library version: 3.3.7
2026.07.13 11:19:48 INFO  no build target found for C:\Users\rahul\Github\My_Python-codes\Scala codes\Inheritance.scala. Using presentation compiler with project's scala-library version: 3.3.7
Jul 13, 2026 11:19:53 AM org.eclipse.lsp4j.jsonrpc.services.GenericEndpoint notify
INFO: Unsupported notification method: $/setTrace
2026.07.13 11:19:54 INFO  no build target found for C:\Users\rahul\Github\My_Python-codes\Scala codes\Inheritance.scala. Using presentation compiler with project's scala-library version: 3.3.7
2026.07.13 11:19:59 INFO  no build target found for C:\Users\rahul\Github\My_Python-codes\Scala codes\Inheritance.scala. Using presentation compiler with project's scala-library version: 3.3.7
2026.07.13 11:19:59 INFO  no build target found for C:\Users\rahul\Github\My_Python-codes\Scala codes\Inheritance.scala. Using presentation compiler with project's scala-library version: 3.3.7
2026.07.13 11:19:59 INFO  no build target found for C:\Users\rahul\Github\My_Python-codes\Scala codes\Inheritance.scala. Using presentation compiler with project's scala-library version: 3.3.7
2026.07.13 11:23:09 INFO  no build target found for C:\Users\rahul\Github\My_Python-codes\Scala codes\Inheritance.scala. Using presentation compiler with project's scala-library version: 3.3.7
2026.07.13 11:23:09 INFO  no build target found for C:\Users\rahul\Github\My_Python-codes\Scala codes\Inheritance.scala. Using presentation compiler with project's scala-library version: 3.3.7
2026.07.13 11:23:09 INFO  no build target found for C:\Users\rahul\Github\My_Python-codes\Scala codes\Inheritance.scala. Using presentation compiler with project's scala-library version: 3.3.7
2026.07.13 11:23:09 INFO  no build target found for C:\Users\rahul\Github\My_Python-codes\Scala codes\Inheritance.scala. Using presentation compiler with project's scala-library version: 3.3.7
2026.07.13 11:23:09 INFO  no build target found for C:\Users\rahul\Github\My_Python-codes\Scala codes\Inheritance.scala. Using presentation compiler with project's scala-library version: 3.3.7
2026.07.13 11:24:24 INFO  no build target found for C:\Users\rahul\Github\My_Python-codes\Scala codes\Inheritance.scala. Using presentation compiler with project's scala-library version: 3.3.7
2026.07.13 11:32:28 INFO  no build target found for C:\Users\rahul\Github\My_Python-codes\Scala codes\Inheritance.scala. Using presentation compiler with project's scala-library version: 3.3.7
2026.07.13 11:32:28 INFO  no build target found for C:\Users\rahul\Github\My_Python-codes\Scala codes\Inheritance.scala. Using presentation compiler with project's scala-library version: 3.3.7
2026.07.13 11:33:17 INFO  no build target found for C:\Users\rahul\Github\My_Python-codes\Scala codes\Inheritance.scala. Using presentation compiler with project's scala-library version: 3.3.7
Jul 15, 2026 12:47:41 AM org.eclipse.lsp4j.jsonrpc.services.GenericEndpoint notify
INFO: Unsupported notification method: $/setTrace
2026.07.15 01:42:02 INFO  no build target found for C:\Users\rahul\Github\My_Python-codes\Scala codes\Variables.scala. Using presentation compiler with project's scala-library version: 3.3.7
2026.07.15 01:42:03 WARN  no build target for: C:\Users\rahul\Github\My_Python-codes\Scala codes\Variables.scala
Jul 15, 2026 1:42:03 AM org.eclipse.lsp4j.jsonrpc.RemoteEndpoint handleCancellation
WARNING: Unmatched cancel notification for request id 62
2026.07.15 01:42:04 INFO  no build target found for C:\Users\rahul\Github\My_Python-codes\Scala codes\Update.scala. Using presentation compiler with project's scala-library version: 3.3.7
2026.07.15 01:42:04 WARN  no build target for: C:\Users\rahul\Github\My_Python-codes\Scala codes\Update.scala
2026.07.15 01:42:04 INFO  no build target found for C:\Users\rahul\Github\My_Python-codes\Scala codes\Update.scala. Using presentation compiler with project's scala-library version: 3.3.7
2026.07.15 01:42:04 INFO  no build target found for C:\Users\rahul\Github\My_Python-codes\Scala codes\Update.scala. Using presentation compiler with project's scala-library version: 3.3.7
Jul 15, 2026 1:42:05 AM org.eclipse.lsp4j.jsonrpc.RemoteEndpoint handleCancellation
WARNING: Unmatched cancel notification for request id 69
Jul 15, 2026 1:42:36 AM org.eclipse.lsp4j.jsonrpc.services.GenericEndpoint notify
INFO: Unsupported notification method: $/setTrace
2026.07.15 01:42:37 INFO  no build target found for C:\Users\rahul\Github\My_Python-codes\Scala codes\Update.scala. Using presentation compiler with project's scala-library version: 3.3.7
2026.07.15 01:43:04 WARN  no build target for: C:\Users\rahul\Github\My_Python-codes\Scala codes\Update.scala
2026.07.15 01:43:30 INFO  no build target found for C:\Users\rahul\Github\My_Python-codes\Scala codes\Update.scala. Using presentation compiler with project's scala-library version: 3.3.7
2026.07.15 01:43:30 INFO  no build target found for C:\Users\rahul\Github\My_Python-codes\Scala codes\Update.scala. Using presentation compiler with project's scala-library version: 3.3.7
2026.07.15 01:43:30 INFO  no build target found for C:\Users\rahul\Github\My_Python-codes\Scala codes\Update.scala. Using presentation compiler with project's scala-library version: 3.3.7
2026.07.15 01:43:31 INFO  no build target found for C:\Users\rahul\Github\My_Python-codes\Scala codes\Update.scala. Using presentation compiler with project's scala-library version: 3.3.7
2026.07.15 01:43:31 INFO  no build target found for C:\Users\rahul\Github\My_Python-codes\Scala codes\Update.scala. Using presentation compiler with project's scala-library version: 3.3.7
2026.07.15 01:43:31 INFO  no build target found for C:\Users\rahul\Github\My_Python-codes\Scala codes\Update.scala. Using presentation compiler with project's scala-library version: 3.3.7
2026.07.15 01:43:31 INFO  no build target found for C:\Users\rahul\Github\My_Python-codes\Scala codes\Update.scala. Using presentation compiler with project's scala-library version: 3.3.7
2026.07.15 01:43:31 INFO  no build target found for C:\Users\rahul\Github\My_Python-codes\Scala codes\Update.scala. Using presentation compiler with project's scala-library version: 3.3.7
2026.07.15 01:43:32 INFO  no build target found for C:\Users\rahul\Github\My_Python-codes\Scala codes\Update.scala. Using presentation compiler with project's scala-library version: 3.3.7
2026.07.15 01:43:33 INFO  no build target found for C:\Users\rahul\Github\My_Python-codes\Scala codes\Update.scala. Using presentation compiler with project's scala-library version: 3.3.7
2026.07.15 01:43:33 INFO  no build target found for C:\Users\rahul\Github\My_Python-codes\Scala codes\Update.scala. Using presentation compiler with project's scala-library version: 3.3.7
2026.07.15 01:43:33 INFO  no build target found for C:\Users\rahul\Github\My_Python-codes\Scala codes\Update.scala. Using presentation compiler with project's scala-library version: 3.3.7
2026.07.15 01:43:34 INFO  no build target found for C:\Users\rahul\Github\My_Python-codes\Scala codes\Update.scala. Using presentation compiler with project's scala-library version: 3.3.7
2026.07.15 01:43:34 INFO  no build target found for C:\Users\rahul\Github\My_Python-codes\Scala codes\Update.scala. Using presentation compiler with project's scala-library version: 3.3.7
2026.07.15 01:43:34 WARN  no build target for: C:\Users\rahul\Github\My_Python-codes\Scala codes\Update.scala
2026.07.15 01:58:28 INFO  no build target found for C:\Users\rahul\Github\My_Python-codes\Scala codes\Inheritance.scala. Using presentation compiler with project's scala-library version: 3.3.7
2026.07.15 01:58:28 INFO  no build target found for C:\Users\rahul\Github\My_Python-codes\Scala codes\Inheritance.scala. Using presentation compiler with project's scala-library version: 3.3.7
2026.07.15 01:58:28 WARN  no build target for: C:\Users\rahul\Github\My_Python-codes\Scala codes\Inheritance.scala
2026.07.15 01:58:28 INFO  no build target found for C:\Users\rahul\Github\My_Python-codes\Scala codes\Inheritance.scala. Using presentation compiler with project's scala-library version: 3.3.7
2026.07.15 01:58:28 INFO  no build target found for C:\Users\rahul\Github\My_Python-codes\Scala codes\Inheritance.scala. Using presentation compiler with project's scala-library version: 3.3.7
Jul 15, 2026 1:58:29 AM org.eclipse.lsp4j.jsonrpc.RemoteEndpoint handleCancellation
WARNING: Unmatched cancel notification for request id 105
Jul 15, 2026 2:04:32 AM org.eclipse.lsp4j.jsonrpc.services.GenericEndpoint notify
INFO: Unsupported notification method: $/setTrace
2026.07.15 02:04:33 INFO  no build target found for C:\Users\rahul\Github\My_Python-codes\Scala codes\Inheritance.scala. Using presentation compiler with project's scala-library version: 3.3.7
2026.07.16 00:51:42 INFO  no build target found for C:\Users\rahul\Github\My_Python-codes\Scala codes\Inheritance.scala. Using presentation compiler with project's scala-library version: 3.3.7
2026.07.16 00:51:42 INFO  no build target found for C:\Users\rahul\Github\My_Python-codes\Scala codes\Inheritance.scala. Using presentation compiler with project's scala-library version: 3.3.7
2026.07.16 00:51:48 INFO  no build target found for C:\Users\rahul\Github\My_Python-codes\Scala codes\Inheritance.scala. Using presentation compiler with project's scala-library version: 3.3.7
2026.07.16 00:51:48 INFO  no build target found for C:\Users\rahul\Github\My_Python-codes\Scala codes\Class and objects_2.scala. Using presentation compiler with project's scala-library version: 3.3.7
2026.07.16 00:51:48 INFO  no build target found for C:\Users\rahul\Github\My_Python-codes\Scala codes\Class and objects_2.scala. Using presentation compiler with project's scala-library version: 3.3.7
2026.07.16 00:51:48 WARN  no build target for: C:\Users\rahul\Github\My_Python-codes\Scala codes\Class and objects_2.scala
2026.07.16 00:51:48 INFO  no build target found for C:\Users\rahul\Github\My_Python-codes\Scala codes\Class and objects_2.scala. Using presentation compiler with project's scala-library version: 3.3.7
Jul 16, 2026 12:51:49 AM org.eclipse.lsp4j.jsonrpc.RemoteEndpoint handleCancellation
WARNING: Unmatched cancel notification for request id 123
2026.07.16 00:51:49 INFO  no build target found for C:\Users\rahul\Github\My_Python-codes\Scala codes\Class and objects_2.scala. Using presentation compiler with project's scala-library version: 3.3.7
2026.07.16 00:52:00 INFO  no build target found for C:\Users\rahul\Github\My_Python-codes\Scala codes\Class_Objects.scala. Using presentation compiler with project's scala-library version: 3.3.7
2026.07.16 00:52:00 WARN  no build target for: C:\Users\rahul\Github\My_Python-codes\Scala codes\Class_Objects.scala
2026.07.16 00:52:00 INFO  no build target found for C:\Users\rahul\Github\My_Python-codes\Scala codes\Class_Objects.scala. Using presentation compiler with project's scala-library version: 3.3.7
2026.07.16 00:52:00 INFO  no build target found for C:\Users\rahul\Github\My_Python-codes\Scala codes\Class_Objects.scala. Using presentation compiler with project's scala-library version: 3.3.7
2026.07.16 00:52:06 INFO  no build target found for C:\Users\rahul\Github\My_Python-codes\Scala codes\Class and objects_2.scala. Using presentation compiler with project's scala-library version: 3.3.7
2026.07.16 00:52:06 WARN  no build target for: C:\Users\rahul\Github\My_Python-codes\Scala codes\Class and objects_2.scala
2026.07.16 00:52:06 INFO  no build target found for C:\Users\rahul\Github\My_Python-codes\Scala codes\Class and objects_2.scala. Using presentation compiler with project's scala-library version: 3.3.7
Jul 16, 2026 12:52:06 AM org.eclipse.lsp4j.jsonrpc.RemoteEndpoint handleCancellation
WARNING: Unmatched cancel notification for request id 137
2026.07.16 00:52:06 INFO  no build target found for C:\Users\rahul\Github\My_Python-codes\Scala codes\Class and objects_2.scala. Using presentation compiler with project's scala-library version: 3.3.7
2026.07.16 00:52:07 INFO  no build target found for C:\Users\rahul\Github\My_Python-codes\Scala codes\Class_Objects.scala. Using presentation compiler with project's scala-library version: 3.3.7
2026.07.16 00:52:07 WARN  no build target for: C:\Users\rahul\Github\My_Python-codes\Scala codes\Class_Objects.scala
2026.07.16 00:52:07 INFO  no build target found for C:\Users\rahul\Github\My_Python-codes\Scala codes\Class_Objects.scala. Using presentation compiler with project's scala-library version: 3.3.7
2026.07.16 00:52:15 INFO  no build target found for C:\Users\rahul\Github\My_Python-codes\Scala codes\Class_Objects.scala. Using presentation compiler with project's scala-library version: 3.3.7
2026.07.16 00:52:15 INFO  no build target found for C:\Users\rahul\Github\My_Python-codes\Scala codes\Class_Objects.scala. Using presentation compiler with project's scala-library version: 3.3.7
2026.07.16 00:52:17 INFO  no build target found for C:\Users\rahul\Github\My_Python-codes\Scala codes\Class_Objects.scala. Using presentation compiler with project's scala-library version: 3.3.7
2026.07.16 00:52:21 WARN  no build target for: C:\Users\rahul\Github\My_Python-codes\Scala codes\Constructor.scala
2026.07.16 00:52:21 INFO  no build target found for C:\Users\rahul\Github\My_Python-codes\Scala codes\Constructor.scala. Using presentation compiler with project's scala-library version: 3.3.7
2026.07.16 00:52:21 INFO  no build target found for C:\Users\rahul\Github\My_Python-codes\Scala codes\Constructor.scala. Using presentation compiler with project's scala-library version: 3.3.7
2026.07.16 00:52:21 INFO  no build target found for C:\Users\rahul\Github\My_Python-codes\Scala codes\Constructor.scala. Using presentation compiler with project's scala-library version: 3.3.7
2026.07.16 00:52:24 INFO  no build target found for C:\Users\rahul\Github\My_Python-codes\Scala codes\Control.scala. Using presentation compiler with project's scala-library version: 3.3.7
2026.07.16 00:52:24 WARN  no build target for: C:\Users\rahul\Github\My_Python-codes\Scala codes\Control.scala
2026.07.16 00:52:24 INFO  no build target found for C:\Users\rahul\Github\My_Python-codes\Scala codes\Control.scala. Using presentation compiler with project's scala-library version: 3.3.7
2026.07.16 00:52:24 INFO  no build target found for C:\Users\rahul\Github\My_Python-codes\Scala codes\Control.scala. Using presentation compiler with project's scala-library version: 3.3.7
Jul 16, 2026 12:52:24 AM org.eclipse.lsp4j.jsonrpc.RemoteEndpoint handleCancellation
WARNING: Unmatched cancel notification for request id 162
2026.07.16 00:52:26 INFO  no build target found for C:\Users\rahul\Github\My_Python-codes\Scala codes\Encapsulation.scala. Using presentation compiler with project's scala-library version: 3.3.7
2026.07.16 00:52:26 WARN  no build target for: C:\Users\rahul\Github\My_Python-codes\Scala codes\Encapsulation.scala
2026.07.16 00:52:26 INFO  no build target found for C:\Users\rahul\Github\My_Python-codes\Scala codes\Encapsulation.scala. Using presentation compiler with project's scala-library version: 3.3.7
2026.07.16 00:52:26 INFO  no build target found for C:\Users\rahul\Github\My_Python-codes\Scala codes\Encapsulation.scala. Using presentation compiler with project's scala-library version: 3.3.7
2026.07.16 00:52:28 INFO  no build target found for C:\Users\rahul\Github\My_Python-codes\Scala codes\Function_2.scala. Using presentation compiler with project's scala-library version: 3.3.7
2026.07.16 00:52:28 INFO  no build target found for C:\Users\rahul\Github\My_Python-codes\Scala codes\Function_2.scala. Using presentation compiler with project's scala-library version: 3.3.7
2026.07.16 00:52:28 WARN  no build target for: C:\Users\rahul\Github\My_Python-codes\Scala codes\Function_2.scala
2026.07.16 11:57:13 INFO  no build target found for C:\Users\rahul\Github\My_Python-codes\Scala codes\Functions.scala. Using presentation compiler with project's scala-library version: 3.3.7
2026.07.16 11:57:13 INFO  no build target found for C:\Users\rahul\Github\My_Python-codes\Scala codes\Functions.scala. Using presentation compiler with project's scala-library version: 3.3.7
2026.07.16 11:57:13 WARN  no build target for: C:\Users\rahul\Github\My_Python-codes\Scala codes\Functions.scala
2026.07.16 11:57:13 INFO  no build target found for C:\Users\rahul\Github\My_Python-codes\Scala codes\Functions.scala. Using presentation compiler with project's scala-library version: 3.3.7
2026.07.16 11:57:22 INFO  no build target found for C:\Users\rahul\Github\My_Python-codes\Scala codes\Control.scala. Using presentation compiler with project's scala-library version: 3.3.7
2026.07.16 11:57:22 WARN  no build target for: C:\Users\rahul\Github\My_Python-codes\Scala codes\Control.scala
2026.07.16 11:57:22 INFO  no build target found for C:\Users\rahul\Github\My_Python-codes\Scala codes\Control.scala. Using presentation compiler with project's scala-library version: 3.3.7
2026.07.16 11:57:22 INFO  no build target found for C:\Users\rahul\Github\My_Python-codes\Scala codes\Control.scala. Using presentation compiler with project's scala-library version: 3.3.7
Jul 16, 2026 11:57:23 AM org.eclipse.lsp4j.jsonrpc.RemoteEndpoint handleCancellation
WARNING: Unmatched cancel notification for request id 194
2026.07.16 11:57:53 INFO  no build target found for C:\Users\rahul\Github\My_Python-codes\Scala codes\Control.scala. Using presentation compiler with project's scala-library version: 3.3.7
2026.07.16 11:58:05 INFO  no build target found for C:\Users\rahul\Github\My_Python-codes\Scala codes\Class and objects_2.scala. Using presentation compiler with project's scala-library version: 3.3.7
2026.07.16 11:58:16 INFO  no build target found for C:\Users\rahul\Github\My_Python-codes\Scala codes\Class_Objects.scala. Using presentation compiler with project's scala-library version: 3.3.7
2026.07.16 11:58:38 INFO  no build target found for C:\Users\rahul\Github\My_Python-codes\Scala codes\Constructor.scala. Using presentation compiler with project's scala-library version: 3.3.7
2026.07.16 11:58:43 INFO  no build target found for C:\Users\rahul\Github\My_Python-codes\Scala codes\Encapsulation.scala. Using presentation compiler with project's scala-library version: 3.3.7
2026.07.16 11:58:45 INFO  no build target found for C:\Users\rahul\Github\My_Python-codes\Scala codes\Function_2.scala. Using presentation compiler with project's scala-library version: 3.3.7
2026.07.16 12:04:53 INFO  no build target found for C:\Users\rahul\Github\My_Python-codes\Scala codes\Control.scala. Using presentation compiler with project's scala-library version: 3.3.7
2026.07.16 12:18:29 INFO  no build target found for C:\Users\rahul\Github\My_Python-codes\Scala codes\Functions.scala. Using presentation compiler with project's scala-library version: 3.3.7
2026.07.16 12:18:29 INFO  no build target found for C:\Users\rahul\Github\My_Python-codes\Scala codes\Function_2.scala. Using presentation compiler with project's scala-library version: 3.3.7
2026.07.16 12:18:29 INFO  no build target found for C:\Users\rahul\Github\My_Python-codes\Scala codes\Function_2.scala. Using presentation compiler with project's scala-library version: 3.3.7
2026.07.16 12:18:29 WARN  no build target for: C:\Users\rahul\Github\My_Python-codes\Scala codes\Function_2.scala
2026.07.16 12:19:25 INFO  no build target found for C:\Users\rahul\Github\My_Python-codes\Scala codes\Functions.scala. Using presentation compiler with project's scala-library version: 3.3.7
2026.07.16 12:19:25 WARN  no build target for: C:\Users\rahul\Github\My_Python-codes\Scala codes\Functions.scala
2026.07.16 12:19:25 INFO  no build target found for C:\Users\rahul\Github\My_Python-codes\Scala codes\Functions.scala. Using presentation compiler with project's scala-library version: 3.3.7
2026.07.16 12:19:25 INFO  no build target found for C:\Users\rahul\Github\My_Python-codes\Scala codes\Functions.scala. Using presentation compiler with project's scala-library version: 3.3.7
2026.07.16 12:21:11 INFO  no build target found for C:\Users\rahul\Github\My_Python-codes\Scala codes\Functions.scala. Using presentation compiler with project's scala-library version: 3.3.7
2026.07.16 12:21:30 INFO  no build target found for C:\Users\rahul\Github\My_Python-codes\Scala codes\Function_2.scala. Using presentation compiler with project's scala-library version: 3.3.7
2026.07.16 12:27:49 INFO  no build target found for C:\Users\rahul\Github\My_Python-codes\Scala codes\Functions.scala. Using presentation compiler with project's scala-library version: 3.3.7
2026.07.16 12:27:51 INFO  no build target found for C:\Users\rahul\Github\My_Python-codes\Scala codes\Functions.scala. Using presentation compiler with project's scala-library version: 3.3.7
2026.07.16 12:27:51 INFO  no build target found for C:\Users\rahul\Github\My_Python-codes\Scala codes\Function_2.scala. Using presentation compiler with project's scala-library version: 3.3.7
2026.07.16 12:27:51 INFO  no build target found for C:\Users\rahul\Github\My_Python-codes\Scala codes\Function_2.scala. Using presentation compiler with project's scala-library version: 3.3.7
2026.07.16 12:27:51 WARN  no build target for: C:\Users\rahul\Github\My_Python-codes\Scala codes\Function_2.scala
2026.07.16 12:27:53 INFO  no build target found for C:\Users\rahul\Github\My_Python-codes\Scala codes\Functions.scala. Using presentation compiler with project's scala-library version: 3.3.7
2026.07.16 12:27:53 WARN  no build target for: C:\Users\rahul\Github\My_Python-codes\Scala codes\Functions.scala
2026.07.16 12:27:53 INFO  no build target found for C:\Users\rahul\Github\My_Python-codes\Scala codes\Functions.scala. Using presentation compiler with project's scala-library version: 3.3.7
2026.07.16 12:27:53 INFO  no build target found for C:\Users\rahul\Github\My_Python-codes\Scala codes\Functions.scala. Using presentation compiler with project's scala-library version: 3.3.7
2026.07.16 12:30:52 INFO  no build target found for C:\Users\rahul\Github\My_Python-codes\Scala codes\Function_2.scala. Using presentation compiler with project's scala-library version: 3.3.7
2026.07.22 15:35:29 INFO  Started: Metals version 1.6.7 in folders 'C:\Users\rahul\Github\My_Python-codes' for client Visual Studio Code 1.128.0.
2026.07.22 15:35:29 INFO  time: initialize in 0.16s
2026.07.22 15:35:29 INFO  Memory monitor started
2026.07.22 15:35:37 WARN  Using H2 2.4.240 which is newer than the version Flyway has been verified with. The latest verified version of H2 is 2.3.232.
2026.07.22 15:35:38 INFO  no build target found for C:\Users\rahul\Github\My_Python-codes\Scala codes\Functions.scala. Using presentation compiler with project's scala-library version: 3.3.7
2026.07.22 15:35:46 INFO  Attempting to connect to the build server...
2026.07.22 15:35:46 INFO  Running BSP server List(C:\Users\rahul\AppData\Local\Coursier\data\bin\.scala-cli.aux.exe, bsp, --json-options, C:\Users\rahul\OneDrive\Documents\GitHub\My_Python-codes\.scala-build\ide-options-v2.json, --json-launcher-options, C:\Users\rahul\OneDrive\Documents\GitHub\My_Python-codes\.scala-build\ide-launcher-options.json, --envs-file, C:\Users\rahul\OneDrive\Documents\GitHub\My_Python-codes\.scala-build\ide-envs.json, C:\Users\rahul\OneDrive\Documents\GitHub\My_Python-codes)
2026.07.22 15:36:04 INFO  tracing is disabled for protocol BSP, to enable tracing of incoming and outgoing JSON messages create an empty file at C:\Users\rahul\Github\My_Python-codes\.metals\bsp.trace.json or C:\Users\rahul\AppData\Local\scalameta\metals\cache\bsp.trace.json
2026.07.22 15:36:04 INFO  BSP server: Exception in thread "subprocess-shutdown-hook-monitor" java.io.IOException: Cannot run program "C:\Program Files\Java\jdk-25\bin\java.exe" (in directory "C:\Users\rahul\OneDrive\Documents\GitHub\My_Python-codes"): CreateProcess error=2, The system cannot find the file specified
2026.07.22 15:36:04 INFO  BSP server: 	at java.base@17.0.9/java.lang.ProcessBuilder.start(ProcessBuilder.java:1143)
2026.07.22 15:36:04 INFO  BSP server: 	at java.base@17.0.9/java.lang.ProcessBuilder.start(ProcessBuilder.java:1073)
2026.07.22 15:36:04 INFO  BSP server: 	at os.proc.proc$lzyINIT1$1(ProcessOps.scala:345)
2026.07.22 15:36:04 INFO  BSP server: 	at os.proc.os$proc$$_$proc$1(ProcessOps.scala:351)
2026.07.22 15:36:04 INFO  BSP server: 	at os.proc$$anon$2.run(ProcessOps.scala:335)
2026.07.22 15:36:04 INFO  BSP server: 	at com.oracle.svm.core.thread.PlatformThreads.threadStartRoutine(PlatformThreads.java:807)
2026.07.22 15:36:04 INFO  BSP server: 	at com.oracle.svm.core.windows.WindowsPlatformThreads.osThreadStartRoutine(WindowsPlatformThreads.java:179)
2026.07.22 15:36:04 INFO  BSP server: Caused by: java.io.IOException: CreateProcess error=2, The system cannot find the file specified
2026.07.22 15:36:04 INFO  BSP server: 	at com.oracle.svm.core.jni.functions.JNIFunctions$NewObjectWithObjectArrayArgFunctionPointer.invoke(JNIFunctions.java)
2026.07.22 15:36:04 INFO  BSP server: 	at com.oracle.svm.core.jni.functions.JNIFunctions.ThrowNew(JNIFunctions.java:889)
2026.07.22 15:36:04 INFO  BSP server: 	at java.base@17.0.9/java.lang.ProcessImpl.create(Native Method)
2026.07.22 15:36:04 INFO  BSP server: 	at java.base@17.0.9/java.lang.ProcessImpl.<init>(ProcessImpl.java:499)
2026.07.22 15:36:04 INFO  BSP server: 	at java.base@17.0.9/java.lang.ProcessImpl.start(ProcessImpl.java:158)
2026.07.22 15:36:04 INFO  BSP server: 	at java.base@17.0.9/java.lang.ProcessBuilder.start(ProcessBuilder.java:1110)
2026.07.22 15:36:04 INFO  BSP server: 	... 6 more
2026.07.22 15:36:04 INFO  BSP server: Error: java.io.IOException: Cannot run program "C:\Program Files\Java\jdk-25\bin\java.exe" (in directory "C:\Users\rahul\OneDrive\Documents\GitHub\My_Python-codes"): CreateProcess error=2, The system cannot find the file specified
2026.07.22 15:36:04 INFO  BSP server: For more details, please see 'C:\Users\rahul\OneDrive\Documents\GitHub\My_Python-codes\.scala-build\stacktraces\1784714764-9036776802311013684.log'
2026.07.22 15:36:04 INFO  BSP server: Exception in thread "subprocess-shutdown-hook" java.io.IOException: Cannot run program "C:\Program Files\Java\jdk-25\bin\java.exe" (in directory "C:\Users\rahul\OneDrive\Documents\GitHub\My_Python-codes"): CreateProcess error=2, The system cannot find the file specified
2026.07.22 15:36:04 INFO  BSP server: 	at java.base@17.0.9/java.lang.ProcessBuilder.start(ProcessBuilder.java:1143)
2026.07.22 15:36:04 INFO  BSP server: 	at java.base@17.0.9/java.lang.ProcessBuilder.start(ProcessBuilder.java:1073)
2026.07.22 15:36:04 INFO  BSP server: 	at os.proc.proc$lzyINIT1$1(ProcessOps.scala:345)
2026.07.22 15:36:04 INFO  BSP server: 	at os.proc.os$proc$$_$proc$1(ProcessOps.scala:351)
2026.07.22 15:36:04 INFO  BSP server: 	at os.proc$$anon$1.run(ProcessOps.scala:329)
2026.07.22 15:36:04 INFO  BSP server: 	at com.oracle.svm.core.thread.PlatformThreads.threadStartRoutine(PlatformThreads.java:807)
2026.07.22 15:36:04 INFO  BSP server: 	at com.oracle.svm.core.windows.WindowsPlatformThreads.osThreadStartRoutine(WindowsPlatformThreads.java:179)
2026.07.22 15:36:04 INFO  BSP server: Caused by: java.io.IOException: CreateProcess error=2, The system cannot find the file specified
2026.07.22 15:36:04 INFO  BSP server: 	at com.oracle.svm.core.jni.functions.JNIFunctions$NewObjectWithObjectArrayArgFunctionPointer.invoke(JNIFunctions.java)
2026.07.22 15:36:04 INFO  BSP server: 	at com.oracle.svm.core.jni.functions.JNIFunctions.ThrowNew(JNIFunctions.java:889)
2026.07.22 15:36:04 INFO  BSP server: 	at java.base@17.0.9/java.lang.ProcessImpl.create(Native Method)
2026.07.22 15:36:04 INFO  BSP server: 	at java.base@17.0.9/java.lang.ProcessImpl.<init>(ProcessImpl.java:499)
2026.07.22 15:36:04 INFO  BSP server: 	at java.base@17.0.9/java.lang.ProcessImpl.start(ProcessImpl.java:158)
2026.07.22 15:36:04 INFO  BSP server: 	at java.base@17.0.9/java.lang.ProcessBuilder.start(ProcessBuilder.java:1110)
2026.07.22 15:36:04 INFO  BSP server: 	... 6 more
2026.07.22 15:37:04 ERROR Timeout waiting for 'build/initialize' response
2026.07.22 15:37:04 WARN  Retrying connection to the build server scala-cli
2026.07.22 15:37:04 INFO  Running BSP server List(C:\Users\rahul\AppData\Local\Coursier\data\bin\.scala-cli.aux.exe, bsp, --json-options, C:\Users\rahul\OneDrive\Documents\GitHub\My_Python-codes\.scala-build\ide-options-v2.json, --json-launcher-options, C:\Users\rahul\OneDrive\Documents\GitHub\My_Python-codes\.scala-build\ide-launcher-options.json, --envs-file, C:\Users\rahul\OneDrive\Documents\GitHub\My_Python-codes\.scala-build\ide-envs.json, C:\Users\rahul\OneDrive\Documents\GitHub\My_Python-codes)
2026.07.22 15:37:04 INFO  tracing is disabled for protocol BSP, to enable tracing of incoming and outgoing JSON messages create an empty file at C:\Users\rahul\Github\My_Python-codes\.metals\bsp.trace.json or C:\Users\rahul\AppData\Local\scalameta\metals\cache\bsp.trace.json
2026.07.22 15:37:04 INFO  BSP server: Exception in thread "subprocess-shutdown-hook-monitor" java.io.IOException: Cannot run program "C:\Program Files\Java\jdk-25\bin\java.exe" (in directory "C:\Users\rahul\OneDrive\Documents\GitHub\My_Python-codes"): CreateProcess error=2, The system cannot find the file specified
2026.07.22 15:37:04 INFO  BSP server: 	at java.base@17.0.9/java.lang.ProcessBuilder.start(ProcessBuilder.java:1143)
2026.07.22 15:37:04 INFO  BSP server: 	at java.base@17.0.9/java.lang.ProcessBuilder.start(ProcessBuilder.java:1073)
2026.07.22 15:37:04 INFO  BSP server: 	at os.proc.proc$lzyINIT1$1(ProcessOps.scala:345)
2026.07.22 15:37:04 INFO  BSP server: 	at os.proc.os$proc$$_$proc$1(ProcessOps.scala:351)
2026.07.22 15:37:04 INFO  BSP server: 	at os.proc$$anon$2.run(ProcessOps.scala:335)
2026.07.22 15:37:04 INFO  BSP server: 	at com.oracle.svm.core.thread.PlatformThreads.threadStartRoutine(PlatformThreads.java:807)
2026.07.22 15:37:04 INFO  BSP server: 	at com.oracle.svm.core.windows.WindowsPlatformThreads.osThreadStartRoutine(WindowsPlatformThreads.java:179)
2026.07.22 15:37:04 INFO  BSP server: Caused by: java.io.IOException: CreateProcess error=2, The system cannot find the file specified
2026.07.22 15:37:04 INFO  BSP server: 	at com.oracle.svm.core.jni.functions.JNIFunctions$NewObjectWithObjectArrayArgFunctionPointer.invoke(JNIFunctions.java)
2026.07.22 15:37:04 INFO  BSP server: 	at com.oracle.svm.core.jni.functions.JNIFunctions.ThrowNew(JNIFunctions.java:889)
2026.07.22 15:37:04 INFO  BSP server: 	at java.base@17.0.9/java.lang.ProcessImpl.create(Native Method)
2026.07.22 15:37:04 INFO  BSP server: 	at java.base@17.0.9/java.lang.ProcessImpl.<init>(ProcessImpl.java:499)
2026.07.22 15:37:04 INFO  BSP server: 	at java.base@17.0.9/java.lang.ProcessImpl.start(ProcessImpl.java:158)
2026.07.22 15:37:04 INFO  BSP server: 	at java.base@17.0.9/java.lang.ProcessBuilder.start(ProcessBuilder.java:1110)
2026.07.22 15:37:04 INFO  BSP server: 	... 6 more
2026.07.22 15:37:04 INFO  BSP server: Error: java.io.IOException: Cannot run program "C:\Program Files\Java\jdk-25\bin\java.exe" (in directory "C:\Users\rahul\OneDrive\Documents\GitHub\My_Python-codes"): CreateProcess error=2, The system cannot find the file specified
2026.07.22 15:37:04 INFO  BSP server: For more details, please see 'C:\Users\rahul\OneDrive\Documents\GitHub\My_Python-codes\.scala-build\stacktraces\1784714824-13940878690842149229.log'
2026.07.22 15:37:04 INFO  BSP server: Exception in thread "subprocess-shutdown-hook" java.io.IOException: Cannot run program "C:\Program Files\Java\jdk-25\bin\java.exe" (in directory "C:\Users\rahul\OneDrive\Documents\GitHub\My_Python-codes"): CreateProcess error=2, The system cannot find the file specified
2026.07.22 15:37:04 INFO  BSP server: 	at java.base@17.0.9/java.lang.ProcessBuilder.start(ProcessBuilder.java:1143)
2026.07.22 15:37:04 INFO  BSP server: 	at java.base@17.0.9/java.lang.ProcessBuilder.start(ProcessBuilder.java:1073)
2026.07.22 15:37:04 INFO  BSP server: 	at os.proc.proc$lzyINIT1$1(ProcessOps.scala:345)
2026.07.22 15:37:04 INFO  BSP server: 	at os.proc.os$proc$$_$proc$1(ProcessOps.scala:351)
2026.07.22 15:37:04 INFO  BSP server: 	at os.proc$$anon$1.run(ProcessOps.scala:329)
2026.07.22 15:37:04 INFO  BSP server: 	at com.oracle.svm.core.thread.PlatformThreads.threadStartRoutine(PlatformThreads.java:807)
2026.07.22 15:37:04 INFO  BSP server: 	at com.oracle.svm.core.windows.WindowsPlatformThreads.osThreadStartRoutine(WindowsPlatformThreads.java:179)
2026.07.22 15:37:04 INFO  BSP server: Caused by: java.io.IOException: CreateProcess error=2, The system cannot find the file specified
2026.07.22 15:37:04 INFO  BSP server: 	at com.oracle.svm.core.jni.functions.JNIFunctions$NewObjectWithObjectArrayArgFunctionPointer.invoke(JNIFunctions.java)
2026.07.22 15:37:04 INFO  BSP server: 	at com.oracle.svm.core.jni.functions.JNIFunctions.ThrowNew(JNIFunctions.java:889)
2026.07.22 15:37:04 INFO  BSP server: 	at java.base@17.0.9/java.lang.ProcessImpl.create(Native Method)
2026.07.22 15:37:04 INFO  BSP server: 	at java.base@17.0.9/java.lang.ProcessImpl.<init>(ProcessImpl.java:499)
2026.07.22 15:37:04 INFO  BSP server: 	at java.base@17.0.9/java.lang.ProcessImpl.start(ProcessImpl.java:158)
2026.07.22 15:37:04 INFO  BSP server: 	at java.base@17.0.9/java.lang.ProcessBuilder.start(ProcessBuilder.java:1110)
2026.07.22 15:37:04 INFO  BSP server: 	... 6 more
2026.07.22 15:37:18 INFO  no build target found for C:\Users\rahul\Github\My_Python-codes\Scala codes\Functions.scala. Using presentation compiler with project's scala-library version: 3.3.7
2026.07.22 15:37:21 INFO  no build target found for C:\Users\rahul\Github\My_Python-codes\Scala codes\Control.scala. Using presentation compiler with project's scala-library version: 3.3.7
2026.07.22 15:37:21 WARN  no build target for: C:\Users\rahul\Github\My_Python-codes\Scala codes\Control.scala
2026.07.22 15:37:36 INFO  no build target found for C:\Users\rahul\Github\My_Python-codes\Scala codes\Functions.scala. Using presentation compiler with project's scala-library version: 3.3.7
2026.07.22 15:38:04 ERROR Timeout waiting for 'build/initialize' response
2026.07.22 15:38:04 WARN  Retrying connection to the build server scala-cli
2026.07.22 15:38:04 INFO  Running BSP server List(C:\Users\rahul\AppData\Local\Coursier\data\bin\.scala-cli.aux.exe, bsp, --json-options, C:\Users\rahul\OneDrive\Documents\GitHub\My_Python-codes\.scala-build\ide-options-v2.json, --json-launcher-options, C:\Users\rahul\OneDrive\Documents\GitHub\My_Python-codes\.scala-build\ide-launcher-options.json, --envs-file, C:\Users\rahul\OneDrive\Documents\GitHub\My_Python-codes\.scala-build\ide-envs.json, C:\Users\rahul\OneDrive\Documents\GitHub\My_Python-codes)
2026.07.22 15:38:04 INFO  tracing is disabled for protocol BSP, to enable tracing of incoming and outgoing JSON messages create an empty file at C:\Users\rahul\Github\My_Python-codes\.metals\bsp.trace.json or C:\Users\rahul\AppData\Local\scalameta\metals\cache\bsp.trace.json
2026.07.22 15:38:04 INFO  BSP server: Exception in thread "subprocess-shutdown-hook-monitor" java.io.IOException: Cannot run program "C:\Program Files\Java\jdk-25\bin\java.exe" (in directory "C:\Users\rahul\OneDrive\Documents\GitHub\My_Python-codes"): CreateProcess error=2, The system cannot find the file specified
2026.07.22 15:38:04 INFO  BSP server: 	at java.base@17.0.9/java.lang.ProcessBuilder.start(ProcessBuilder.java:1143)
2026.07.22 15:38:04 INFO  BSP server: 	at java.base@17.0.9/java.lang.ProcessBuilder.start(ProcessBuilder.java:1073)
2026.07.22 15:38:04 INFO  BSP server: 	at os.proc.proc$lzyINIT1$1(ProcessOps.scala:345)
2026.07.22 15:38:04 INFO  BSP server: 	at os.proc.os$proc$$_$proc$1(ProcessOps.scala:351)
2026.07.22 15:38:04 INFO  BSP server: 	at os.proc$$anon$2.run(ProcessOps.scala:335)
2026.07.22 15:38:04 INFO  BSP server: 	at com.oracle.svm.core.thread.PlatformThreads.threadStartRoutine(PlatformThreads.java:807)
2026.07.22 15:38:04 INFO  BSP server: 	at com.oracle.svm.core.windows.WindowsPlatformThreads.osThreadStartRoutine(WindowsPlatformThreads.java:179)
2026.07.22 15:38:04 INFO  BSP server: Caused by: java.io.IOException: CreateProcess error=2, The system cannot find the file specified
2026.07.22 15:38:04 INFO  BSP server: 	at com.oracle.svm.core.jni.functions.JNIFunctions$NewObjectWithObjectArrayArgFunctionPointer.invoke(JNIFunctions.java)
2026.07.22 15:38:04 INFO  BSP server: 	at com.oracle.svm.core.jni.functions.JNIFunctions.ThrowNew(JNIFunctions.java:889)
2026.07.22 15:38:04 INFO  BSP server: 	at java.base@17.0.9/java.lang.ProcessImpl.create(Native Method)
2026.07.22 15:38:04 INFO  BSP server: 	at java.base@17.0.9/java.lang.ProcessImpl.<init>(ProcessImpl.java:499)
2026.07.22 15:38:04 INFO  BSP server: 	at java.base@17.0.9/java.lang.ProcessImpl.start(ProcessImpl.java:158)
2026.07.22 15:38:04 INFO  BSP server: 	at java.base@17.0.9/java.lang.ProcessBuilder.start(ProcessBuilder.java:1110)
2026.07.22 15:38:04 INFO  BSP server: 	... 6 more
2026.07.22 15:38:04 INFO  BSP server: Error: java.io.IOException: Cannot run program "C:\Program Files\Java\jdk-25\bin\java.exe" (in directory "C:\Users\rahul\OneDrive\Documents\GitHub\My_Python-codes"): CreateProcess error=2, The system cannot find the file specified
2026.07.22 15:38:04 INFO  BSP server: For more details, please see 'C:\Users\rahul\OneDrive\Documents\GitHub\My_Python-codes\.scala-build\stacktraces\1784714884-17690686884646726403.log'
2026.07.22 15:38:04 INFO  BSP server: Exception in thread "subprocess-shutdown-hook" java.io.IOException: Cannot run program "C:\Program Files\Java\jdk-25\bin\java.exe" (in directory "C:\Users\rahul\OneDrive\Documents\GitHub\My_Python-codes"): CreateProcess error=2, The system cannot find the file specified
2026.07.22 15:38:04 INFO  BSP server: 	at java.base@17.0.9/java.lang.ProcessBuilder.start(ProcessBuilder.java:1143)
2026.07.22 15:38:04 INFO  BSP server: 	at java.base@17.0.9/java.lang.ProcessBuilder.start(ProcessBuilder.java:1073)
2026.07.22 15:38:04 INFO  BSP server: 	at os.proc.proc$lzyINIT1$1(ProcessOps.scala:345)
2026.07.22 15:38:04 INFO  BSP server: 	at os.proc.os$proc$$_$proc$1(ProcessOps.scala:351)
2026.07.22 15:38:04 INFO  BSP server: 	at os.proc$$anon$1.run(ProcessOps.scala:329)
2026.07.22 15:38:04 INFO  BSP server: 	at com.oracle.svm.core.thread.PlatformThreads.threadStartRoutine(PlatformThreads.java:807)
2026.07.22 15:38:04 INFO  BSP server: 	at com.oracle.svm.core.windows.WindowsPlatformThreads.osThreadStartRoutine(WindowsPlatformThreads.java:179)
2026.07.22 15:38:04 INFO  BSP server: Caused by: java.io.IOException: CreateProcess error=2, The system cannot find the file specified
2026.07.22 15:38:04 INFO  BSP server: 	at com.oracle.svm.core.jni.functions.JNIFunctions$NewObjectWithObjectArrayArgFunctionPointer.invoke(JNIFunctions.java)
2026.07.22 15:38:04 INFO  BSP server: 	at com.oracle.svm.core.jni.functions.JNIFunctions.ThrowNew(JNIFunctions.java:889)
2026.07.22 15:38:04 INFO  BSP server: 	at java.base@17.0.9/java.lang.ProcessImpl.create(Native Method)
2026.07.22 15:38:04 INFO  BSP server: 	at java.base@17.0.9/java.lang.ProcessImpl.<init>(ProcessImpl.java:499)
2026.07.22 15:38:04 INFO  BSP server: 	at java.base@17.0.9/java.lang.ProcessImpl.start(ProcessImpl.java:158)
2026.07.22 15:38:04 INFO  BSP server: 	at java.base@17.0.9/java.lang.ProcessBuilder.start(ProcessBuilder.java:1110)
2026.07.22 15:38:04 INFO  BSP server: 	... 6 more
2026.07.22 15:39:04 ERROR Timeout waiting for 'build/initialize' response
2026.07.22 15:39:04 WARN  Retrying connection to the build server scala-cli
2026.07.22 15:39:04 INFO  Running BSP server List(C:\Users\rahul\AppData\Local\Coursier\data\bin\.scala-cli.aux.exe, bsp, --json-options, C:\Users\rahul\OneDrive\Documents\GitHub\My_Python-codes\.scala-build\ide-options-v2.json, --json-launcher-options, C:\Users\rahul\OneDrive\Documents\GitHub\My_Python-codes\.scala-build\ide-launcher-options.json, --envs-file, C:\Users\rahul\OneDrive\Documents\GitHub\My_Python-codes\.scala-build\ide-envs.json, C:\Users\rahul\OneDrive\Documents\GitHub\My_Python-codes)
2026.07.22 15:39:04 INFO  tracing is disabled for protocol BSP, to enable tracing of incoming and outgoing JSON messages create an empty file at C:\Users\rahul\Github\My_Python-codes\.metals\bsp.trace.json or C:\Users\rahul\AppData\Local\scalameta\metals\cache\bsp.trace.json
2026.07.22 15:39:04 INFO  BSP server: Exception in thread "subprocess-shutdown-hook-monitor" java.io.IOException: Cannot run program "C:\Program Files\Java\jdk-25\bin\java.exe" (in directory "C:\Users\rahul\OneDrive\Documents\GitHub\My_Python-codes"): CreateProcess error=2, The system cannot find the file specified
2026.07.22 15:39:04 INFO  BSP server: 	at java.base@17.0.9/java.lang.ProcessBuilder.start(ProcessBuilder.java:1143)
2026.07.22 15:39:04 INFO  BSP server: 	at java.base@17.0.9/java.lang.ProcessBuilder.start(ProcessBuilder.java:1073)
2026.07.22 15:39:04 INFO  BSP server: 	at os.proc.proc$lzyINIT1$1(ProcessOps.scala:345)
2026.07.22 15:39:04 INFO  BSP server: 	at os.proc.os$proc$$_$proc$1(ProcessOps.scala:351)
2026.07.22 15:39:04 INFO  BSP server: 	at os.proc$$anon$2.run(ProcessOps.scala:335)
2026.07.22 15:39:04 INFO  BSP server: 	at com.oracle.svm.core.thread.PlatformThreads.threadStartRoutine(PlatformThreads.java:807)
2026.07.22 15:39:04 INFO  BSP server: 	at com.oracle.svm.core.windows.WindowsPlatformThreads.osThreadStartRoutine(WindowsPlatformThreads.java:179)
2026.07.22 15:39:04 INFO  BSP server: Caused by: java.io.IOException: CreateProcess error=2, The system cannot find the file specified
2026.07.22 15:39:04 INFO  BSP server: 	at com.oracle.svm.core.jni.functions.JNIFunctions$NewObjectWithObjectArrayArgFunctionPointer.invoke(JNIFunctions.java)
2026.07.22 15:39:04 INFO  BSP server: 	at com.oracle.svm.core.jni.functions.JNIFunctions.ThrowNew(JNIFunctions.java:889)
2026.07.22 15:39:04 INFO  BSP server: 	at java.base@17.0.9/java.lang.ProcessImpl.create(Native Method)
2026.07.22 15:39:04 INFO  BSP server: 	at java.base@17.0.9/java.lang.ProcessImpl.<init>(ProcessImpl.java:499)
2026.07.22 15:39:04 INFO  BSP server: 	at java.base@17.0.9/java.lang.ProcessImpl.start(ProcessImpl.java:158)
2026.07.22 15:39:04 INFO  BSP server: 	at java.base@17.0.9/java.lang.ProcessBuilder.start(ProcessBuilder.java:1110)
2026.07.22 15:39:04 INFO  BSP server: 	... 6 more
2026.07.22 15:39:04 INFO  BSP server: Error: java.io.IOException: Cannot run program "C:\Program Files\Java\jdk-25\bin\java.exe" (in directory "C:\Users\rahul\OneDrive\Documents\GitHub\My_Python-codes"): CreateProcess error=2, The system cannot find the file specified
2026.07.22 15:39:04 INFO  BSP server: For more details, please see 'C:\Users\rahul\OneDrive\Documents\GitHub\My_Python-codes\.scala-build\stacktraces\1784714944-6846465317737879380.log'
2026.07.22 15:39:04 INFO  BSP server: Exception in thread "subprocess-shutdown-hook" java.io.IOException: Cannot run program "C:\Program Files\Java\jdk-25\bin\java.exe" (in directory "C:\Users\rahul\OneDrive\Documents\GitHub\My_Python-codes"): CreateProcess error=2, The system cannot find the file specified
2026.07.22 15:39:04 INFO  BSP server: 	at java.base@17.0.9/java.lang.ProcessBuilder.start(ProcessBuilder.java:1143)
2026.07.22 15:39:04 INFO  BSP server: 	at java.base@17.0.9/java.lang.ProcessBuilder.start(ProcessBuilder.java:1073)
2026.07.22 15:39:04 INFO  BSP server: 	at os.proc.proc$lzyINIT1$1(ProcessOps.scala:345)
2026.07.22 15:39:04 INFO  BSP server: 	at os.proc.os$proc$$_$proc$1(ProcessOps.scala:351)
2026.07.22 15:39:04 INFO  BSP server: 	at os.proc$$anon$1.run(ProcessOps.scala:329)
2026.07.22 15:39:04 INFO  BSP server: 	at com.oracle.svm.core.thread.PlatformThreads.threadStartRoutine(PlatformThreads.java:807)
2026.07.22 15:39:04 INFO  BSP server: 	at com.oracle.svm.core.windows.WindowsPlatformThreads.osThreadStartRoutine(WindowsPlatformThreads.java:179)
2026.07.22 15:39:04 INFO  BSP server: Caused by: java.io.IOException: CreateProcess error=2, The system cannot find the file specified
2026.07.22 15:39:04 INFO  BSP server: 	at com.oracle.svm.core.jni.functions.JNIFunctions$NewObjectWithObjectArrayArgFunctionPointer.invoke(JNIFunctions.java)
2026.07.22 15:39:04 INFO  BSP server: 	at com.oracle.svm.core.jni.functions.JNIFunctions.ThrowNew(JNIFunctions.java:889)
2026.07.22 15:39:04 INFO  BSP server: 	at java.base@17.0.9/java.lang.ProcessImpl.create(Native Method)
2026.07.22 15:39:04 INFO  BSP server: 	at java.base@17.0.9/java.lang.ProcessImpl.<init>(ProcessImpl.java:499)
2026.07.22 15:39:04 INFO  BSP server: 	at java.base@17.0.9/java.lang.ProcessImpl.start(ProcessImpl.java:158)
2026.07.22 15:39:04 INFO  BSP server: 	at java.base@17.0.9/java.lang.ProcessBuilder.start(ProcessBuilder.java:1110)
2026.07.22 15:39:04 INFO  BSP server: 	... 6 more
2026.07.22 15:40:04 ERROR Timeout waiting for 'build/initialize' response
2026.07.22 15:40:04 WARN  Retrying connection to the build server scala-cli
2026.07.22 15:40:04 INFO  Running BSP server List(C:\Users\rahul\AppData\Local\Coursier\data\bin\.scala-cli.aux.exe, bsp, --json-options, C:\Users\rahul\OneDrive\Documents\GitHub\My_Python-codes\.scala-build\ide-options-v2.json, --json-launcher-options, C:\Users\rahul\OneDrive\Documents\GitHub\My_Python-codes\.scala-build\ide-launcher-options.json, --envs-file, C:\Users\rahul\OneDrive\Documents\GitHub\My_Python-codes\.scala-build\ide-envs.json, C:\Users\rahul\OneDrive\Documents\GitHub\My_Python-codes)
2026.07.22 15:40:04 INFO  tracing is disabled for protocol BSP, to enable tracing of incoming and outgoing JSON messages create an empty file at C:\Users\rahul\Github\My_Python-codes\.metals\bsp.trace.json or C:\Users\rahul\AppData\Local\scalameta\metals\cache\bsp.trace.json
2026.07.22 15:40:04 INFO  BSP server: Exception in thread "subprocess-shutdown-hook-monitor" java.io.IOException: Cannot run program "C:\Program Files\Java\jdk-25\bin\java.exe" (in directory "C:\Users\rahul\OneDrive\Documents\GitHub\My_Python-codes"): CreateProcess error=2, The system cannot find the file specified
2026.07.22 15:40:04 INFO  BSP server: 	at java.base@17.0.9/java.lang.ProcessBuilder.start(ProcessBuilder.java:1143)
2026.07.22 15:40:04 INFO  BSP server: 	at java.base@17.0.9/java.lang.ProcessBuilder.start(ProcessBuilder.java:1073)
2026.07.22 15:40:04 INFO  BSP server: 	at os.proc.proc$lzyINIT1$1(ProcessOps.scala:345)
2026.07.22 15:40:04 INFO  BSP server: 	at os.proc.os$proc$$_$proc$1(ProcessOps.scala:351)
2026.07.22 15:40:04 INFO  BSP server: 	at os.proc$$anon$2.run(ProcessOps.scala:335)
2026.07.22 15:40:04 INFO  BSP server: 	at com.oracle.svm.core.thread.PlatformThreads.threadStartRoutine(PlatformThreads.java:807)
2026.07.22 15:40:04 INFO  BSP server: 	at com.oracle.svm.core.windows.WindowsPlatformThreads.osThreadStartRoutine(WindowsPlatformThreads.java:179)
2026.07.22 15:40:04 INFO  BSP server: Caused by: java.io.IOException: CreateProcess error=2, The system cannot find the file specified
2026.07.22 15:40:04 INFO  BSP server: 	at com.oracle.svm.core.jni.functions.JNIFunctions$NewObjectWithObjectArrayArgFunctionPointer.invoke(JNIFunctions.java)
2026.07.22 15:40:04 INFO  BSP server: 	at com.oracle.svm.core.jni.functions.JNIFunctions.ThrowNew(JNIFunctions.java:889)
2026.07.22 15:40:04 INFO  BSP server: 	at java.base@17.0.9/java.lang.ProcessImpl.create(Native Method)
2026.07.22 15:40:04 INFO  BSP server: 	at java.base@17.0.9/java.lang.ProcessImpl.<init>(ProcessImpl.java:499)
2026.07.22 15:40:04 INFO  BSP server: 	at java.base@17.0.9/java.lang.ProcessImpl.start(ProcessImpl.java:158)
2026.07.22 15:40:04 INFO  BSP server: 	at java.base@17.0.9/java.lang.ProcessBuilder.start(ProcessBuilder.java:1110)
2026.07.22 15:40:04 INFO  BSP server: 	... 6 more
2026.07.22 15:40:04 INFO  BSP server: Error: java.io.IOException: Cannot run program "C:\Program Files\Java\jdk-25\bin\java.exe" (in directory "C:\Users\rahul\OneDrive\Documents\GitHub\My_Python-codes"): CreateProcess error=2, The system cannot find the file specified
2026.07.22 15:40:04 INFO  BSP server: For more details, please see 'C:\Users\rahul\OneDrive\Documents\GitHub\My_Python-codes\.scala-build\stacktraces\1784715004-12217644032324139765.log'
2026.07.22 15:40:04 INFO  BSP server: Exception in thread "subprocess-shutdown-hook" java.io.IOException: Cannot run program "C:\Program Files\Java\jdk-25\bin\java.exe" (in directory "C:\Users\rahul\OneDrive\Documents\GitHub\My_Python-codes"): CreateProcess error=2, The system cannot find the file specified
2026.07.22 15:40:04 INFO  BSP server: 	at java.base@17.0.9/java.lang.ProcessBuilder.start(ProcessBuilder.java:1143)
2026.07.22 15:40:04 INFO  BSP server: 	at java.base@17.0.9/java.lang.ProcessBuilder.start(ProcessBuilder.java:1073)
2026.07.22 15:40:04 INFO  BSP server: 	at os.proc.proc$lzyINIT1$1(ProcessOps.scala:345)
2026.07.22 15:40:04 INFO  BSP server: 	at os.proc.os$proc$$_$proc$1(ProcessOps.scala:351)
2026.07.22 15:40:04 INFO  BSP server: 	at os.proc$$anon$1.run(ProcessOps.scala:329)
2026.07.22 15:40:04 INFO  BSP server: 	at com.oracle.svm.core.thread.PlatformThreads.threadStartRoutine(PlatformThreads.java:807)
2026.07.22 15:40:04 INFO  BSP server: 	at com.oracle.svm.core.windows.WindowsPlatformThreads.osThreadStartRoutine(WindowsPlatformThreads.java:179)
2026.07.22 15:40:04 INFO  BSP server: Caused by: java.io.IOException: CreateProcess error=2, The system cannot find the file specified
2026.07.22 15:40:04 INFO  BSP server: 	at com.oracle.svm.core.jni.functions.JNIFunctions$NewObjectWithObjectArrayArgFunctionPointer.invoke(JNIFunctions.java)
2026.07.22 15:40:04 INFO  BSP server: 	at com.oracle.svm.core.jni.functions.JNIFunctions.ThrowNew(JNIFunctions.java:889)
2026.07.22 15:40:04 INFO  BSP server: 	at java.base@17.0.9/java.lang.ProcessImpl.create(Native Method)
2026.07.22 15:40:04 INFO  BSP server: 	at java.base@17.0.9/java.lang.ProcessImpl.<init>(ProcessImpl.java:499)
2026.07.22 15:40:04 INFO  BSP server: 	at java.base@17.0.9/java.lang.ProcessImpl.start(ProcessImpl.java:158)
2026.07.22 15:40:04 INFO  BSP server: 	at java.base@17.0.9/java.lang.ProcessBuilder.start(ProcessBuilder.java:1110)
2026.07.22 15:40:04 INFO  BSP server: 	... 6 more
2026.07.22 15:40:37 INFO  no build target found for C:\Users\rahul\Github\My_Python-codes\Scala codes\Functions.scala. Using presentation compiler with project's scala-library version: 3.3.7
2026.07.22 15:41:04 ERROR Timeout waiting for 'build/initialize' response
2026.07.22 15:41:04 WARN  Retrying connection to the build server scala-cli
2026.07.22 15:41:04 INFO  Running BSP server List(C:\Users\rahul\AppData\Local\Coursier\data\bin\.scala-cli.aux.exe, bsp, --json-options, C:\Users\rahul\OneDrive\Documents\GitHub\My_Python-codes\.scala-build\ide-options-v2.json, --json-launcher-options, C:\Users\rahul\OneDrive\Documents\GitHub\My_Python-codes\.scala-build\ide-launcher-options.json, --envs-file, C:\Users\rahul\OneDrive\Documents\GitHub\My_Python-codes\.scala-build\ide-envs.json, C:\Users\rahul\OneDrive\Documents\GitHub\My_Python-codes)
2026.07.22 15:41:04 INFO  tracing is disabled for protocol BSP, to enable tracing of incoming and outgoing JSON messages create an empty file at C:\Users\rahul\Github\My_Python-codes\.metals\bsp.trace.json or C:\Users\rahul\AppData\Local\scalameta\metals\cache\bsp.trace.json
2026.07.22 15:41:04 INFO  BSP server: Exception in thread "subprocess-shutdown-hook-monitor" java.io.IOException: Cannot run program "C:\Program Files\Java\jdk-25\bin\java.exe" (in directory "C:\Users\rahul\OneDrive\Documents\GitHub\My_Python-codes"): CreateProcess error=2, The system cannot find the file specified
2026.07.22 15:41:04 INFO  BSP server: 	at java.base@17.0.9/java.lang.ProcessBuilder.start(ProcessBuilder.java:1143)
2026.07.22 15:41:04 INFO  BSP server: 	at java.base@17.0.9/java.lang.ProcessBuilder.start(ProcessBuilder.java:1073)
2026.07.22 15:41:04 INFO  BSP server: 	at os.proc.proc$lzyINIT1$1(ProcessOps.scala:345)
2026.07.22 15:41:04 INFO  BSP server: 	at os.proc.os$proc$$_$proc$1(ProcessOps.scala:351)
2026.07.22 15:41:04 INFO  BSP server: 	at os.proc$$anon$2.run(ProcessOps.scala:335)
2026.07.22 15:41:04 INFO  BSP server: 	at com.oracle.svm.core.thread.PlatformThreads.threadStartRoutine(PlatformThreads.java:807)
2026.07.22 15:41:04 INFO  BSP server: 	at com.oracle.svm.core.windows.WindowsPlatformThreads.osThreadStartRoutine(WindowsPlatformThreads.java:179)
2026.07.22 15:41:04 INFO  BSP server: Caused by: java.io.IOException: CreateProcess error=2, The system cannot find the file specified
2026.07.22 15:41:04 INFO  BSP server: 	at com.oracle.svm.core.jni.functions.JNIFunctions$NewObjectWithObjectArrayArgFunctionPointer.invoke(JNIFunctions.java)
2026.07.22 15:41:04 INFO  BSP server: 	at com.oracle.svm.core.jni.functions.JNIFunctions.ThrowNew(JNIFunctions.java:889)
2026.07.22 15:41:04 INFO  BSP server: 	at java.base@17.0.9/java.lang.ProcessImpl.create(Native Method)
2026.07.22 15:41:04 INFO  BSP server: 	at java.base@17.0.9/java.lang.ProcessImpl.<init>(ProcessImpl.java:499)
2026.07.22 15:41:04 INFO  BSP server: 	at java.base@17.0.9/java.lang.ProcessImpl.start(ProcessImpl.java:158)
2026.07.22 15:41:04 INFO  BSP server: 	at java.base@17.0.9/java.lang.ProcessBuilder.start(ProcessBuilder.java:1110)
2026.07.22 15:41:04 INFO  BSP server: 	... 6 more
2026.07.22 15:41:04 INFO  BSP server: Error: java.io.IOException: Cannot run program "C:\Program Files\Java\jdk-25\bin\java.exe" (in directory "C:\Users\rahul\OneDrive\Documents\GitHub\My_Python-codes"): CreateProcess error=2, The system cannot find the file specified
2026.07.22 15:41:04 INFO  BSP server: For more details, please see 'C:\Users\rahul\OneDrive\Documents\GitHub\My_Python-codes\.scala-build\stacktraces\1784715064-8783908932061325699.log'
2026.07.22 15:41:04 INFO  BSP server: Exception in thread "subprocess-shutdown-hook" java.io.IOException: Cannot run program "C:\Program Files\Java\jdk-25\bin\java.exe" (in directory "C:\Users\rahul\OneDrive\Documents\GitHub\My_Python-codes"): CreateProcess error=2, The system cannot find the file specified
2026.07.22 15:41:04 INFO  BSP server: 	at java.base@17.0.9/java.lang.ProcessBuilder.start(ProcessBuilder.java:1143)
2026.07.22 15:41:04 INFO  BSP server: 	at java.base@17.0.9/java.lang.ProcessBuilder.start(ProcessBuilder.java:1073)
2026.07.22 15:41:04 INFO  BSP server: 	at os.proc.proc$lzyINIT1$1(ProcessOps.scala:345)
2026.07.22 15:41:04 INFO  BSP server: 	at os.proc.os$proc$$_$proc$1(ProcessOps.scala:351)
2026.07.22 15:41:04 INFO  BSP server: 	at os.proc$$anon$1.run(ProcessOps.scala:329)
2026.07.22 15:41:04 INFO  BSP server: 	at com.oracle.svm.core.thread.PlatformThreads.threadStartRoutine(PlatformThreads.java:807)
2026.07.22 15:41:04 INFO  BSP server: 	at com.oracle.svm.core.windows.WindowsPlatformThreads.osThreadStartRoutine(WindowsPlatformThreads.java:179)
2026.07.22 15:41:04 INFO  BSP server: Caused by: java.io.IOException: CreateProcess error=2, The system cannot find the file specified
2026.07.22 15:41:04 INFO  BSP server: 	at com.oracle.svm.core.jni.functions.JNIFunctions$NewObjectWithObjectArrayArgFunctionPointer.invoke(JNIFunctions.java)
2026.07.22 15:41:04 INFO  BSP server: 	at com.oracle.svm.core.jni.functions.JNIFunctions.ThrowNew(JNIFunctions.java:889)
2026.07.22 15:41:04 INFO  BSP server: 	at java.base@17.0.9/java.lang.ProcessImpl.create(Native Method)
2026.07.22 15:41:04 INFO  BSP server: 	at java.base@17.0.9/java.lang.ProcessImpl.<init>(ProcessImpl.java:499)
2026.07.22 15:41:04 INFO  BSP server: 	at java.base@17.0.9/java.lang.ProcessImpl.start(ProcessImpl.java:158)
2026.07.22 15:41:04 INFO  BSP server: 	at java.base@17.0.9/java.lang.ProcessBuilder.start(ProcessBuilder.java:1110)
2026.07.22 15:41:04 INFO  BSP server: 	... 6 more
2026.07.22 15:42:04 ERROR Timeout waiting for 'build/initialize' response
2026.07.22 15:42:04 ERROR Failed to connect with build server, no functionality will work.
java.util.concurrent.TimeoutException
	at java.util.concurrent.CompletableFuture.timedGet(CompletableFuture.java:1960)
	at java.util.concurrent.CompletableFuture.get(CompletableFuture.java:2095)
	at scala.meta.internal.metals.BuildServerConnection$.initialize(BuildServerConnection.scala:806)
	at scala.meta.internal.metals.BuildServerConnection$.$anonfun$fromSockets$1(BuildServerConnection.scala:658)
	at scala.concurrent.impl.Promise$Transformation.run(Promise.scala:500)
	at java.util.concurrent.ThreadPoolExecutor.runWorker(ThreadPoolExecutor.java:1136)
	at java.util.concurrent.ThreadPoolExecutor$Worker.run(ThreadPoolExecutor.java:635)
	at java.lang.Thread.run(Thread.java:842)

2026.07.22 15:42:04 WARN  no build target for: C:\Users\rahul\Github\My_Python-codes\Scala codes\Control.scala
2026.07.22 15:42:04 WARN  no build target for: C:\Users\rahul\Github\My_Python-codes\Scala codes\Functions.scala
2026.07.22 15:42:04 WARN  no build target for: C:\Users\rahul\Github\My_Python-codes\Scala codes\Functions.scala
2026.07.22 15:42:04 WARN  no build target for: C:\Users\rahul\Github\My_Python-codes\Scala codes\Functions.scala
2026.07.22 15:42:04 INFO  no build target found for C:\Users\rahul\Github\My_Python-codes\Scala codes\Control.scala. Using presentation compiler with project's scala-library version: 3.3.7
2026.07.22 15:42:08 INFO  no build target found for C:\Users\rahul\Github\My_Python-codes\Scala codes\Functions.scala. Using presentation compiler with project's scala-library version: 3.3.7
2026.07.22 15:42:08 INFO  time: code lens generation in 4.42s
2026.07.22 15:45:33 INFO  no build target found for C:\Users\rahul\Github\My_Python-codes\Scala codes\Functions.scala. Using presentation compiler with project's scala-library version: 3.3.7
2026.07.22 15:45:33 WARN  no build target for: C:\Users\rahul\Github\My_Python-codes\Scala codes\Functions.scala
2026.07.22 15:45:34 WARN  no build target for: C:\Users\rahul\Github\My_Python-codes\Scala codes\Functions.scala
2026.07.22 15:45:33 INFO  no build target found for C:\Users\rahul\Github\My_Python-codes\Scala codes\Functions.scala. Using presentation compiler with project's scala-library version: 3.3.7
2026.07.22 15:48:34 INFO  no build target found for C:\Users\rahul\Github\My_Python-codes\Scala codes\Functions.scala. Using presentation compiler with project's scala-library version: 3.3.7
2026.07.22 15:51:48 INFO  no build target found for C:\Users\rahul\Github\My_Python-codes\Scala codes\Functions.scala. Using presentation compiler with project's scala-library version: 3.3.7
2026.07.22 15:51:48 INFO  no build target found for C:\Users\rahul\Github\My_Python-codes\Scala codes\Functions.scala. Using presentation compiler with project's scala-library version: 3.3.7
2026.07.22 15:51:48 WARN  no build target for: C:\Users\rahul\Github\My_Python-codes\Scala codes\Functions.scala
2026.07.22 15:51:48 WARN  no build target for: C:\Users\rahul\Github\My_Python-codes\Scala codes\Functions.scala
2026.07.22 15:51:48 INFO  no build target found for C:\Users\rahul\Github\My_Python-codes\Scala codes\Functions.scala. Using presentation compiler with project's scala-library version: 3.3.7
2026.07.22 15:54:48 INFO  no build target found for C:\Users\rahul\Github\My_Python-codes\Scala codes\Functions.scala. Using presentation compiler with project's scala-library version: 3.3.7
2026.07.23 11:08:33 INFO  no build target found for C:\Users\rahul\Github\My_Python-codes\Scala codes\Class_Objects.scala. Using presentation compiler with project's scala-library version: 3.3.7
2026.07.23 11:08:33 WARN  no build target for: C:\Users\rahul\Github\My_Python-codes\Scala codes\Class_Objects.scala
2026.07.23 11:08:33 INFO  no build target found for C:\Users\rahul\Github\My_Python-codes\Scala codes\Class_Objects.scala. Using presentation compiler with project's scala-library version: 3.3.7
2026.07.23 11:08:33 INFO  no build target found for C:\Users\rahul\Github\My_Python-codes\Scala codes\Class_Objects.scala. Using presentation compiler with project's scala-library version: 3.3.7
2026.07.23 11:08:34 INFO  no build target found for C:\Users\rahul\Github\My_Python-codes\Scala codes\Class_Objects.scala. Using presentation compiler with project's scala-library version: 3.3.7
2026.07.23 11:08:37 INFO  no build target found for C:\Users\rahul\Github\My_Python-codes\Scala codes\Class_Objects.scala. Using presentation compiler with project's scala-library version: 3.3.7
2026.07.23 11:08:37 INFO  no build target found for C:\Users\rahul\Github\My_Python-codes\Scala codes\Class_Objects.scala. Using presentation compiler with project's scala-library version: 3.3.7
2026.07.23 11:08:37 INFO  no build target found for C:\Users\rahul\Github\My_Python-codes\Scala codes\Class_Objects.scala. Using presentation compiler with project's scala-library version: 3.3.7
2026.07.23 11:08:39 INFO  no build target found for C:\Users\rahul\Github\My_Python-codes\Scala codes\Class_Objects.scala. Using presentation compiler with project's scala-library version: 3.3.7
2026.07.23 11:14:15 INFO  no build target found for C:\Users\rahul\Github\My_Python-codes\Scala codes\Control.scala. Using presentation compiler with project's scala-library version: 3.3.7
2026.07.23 11:14:15 WARN  no build target for: C:\Users\rahul\Github\My_Python-codes\Scala codes\Control.scala
2026.07.23 11:24:14 INFO  no build target found for C:\Users\rahul\Github\My_Python-codes\Scala codes\Control.scala. Using presentation compiler with project's scala-library version: 3.3.7
2026.07.23 11:24:14 INFO  no build target found for C:\Users\rahul\Github\My_Python-codes\Scala codes\Control.scala. Using presentation compiler with project's scala-library version: 3.3.7
2026.07.23 11:24:14 INFO  no build target found for C:\Users\rahul\Github\My_Python-codes\Scala codes\Control.scala. Using presentation compiler with project's scala-library version: 3.3.7
2026.07.23 11:24:15 INFO  no build target found for C:\Users\rahul\Github\My_Python-codes\Scala codes\Control.scala. Using presentation compiler with project's scala-library version: 3.3.7
2026.07.23 11:24:15 INFO  no build target found for C:\Users\rahul\Github\My_Python-codes\Scala codes\Control.scala. Using presentation compiler with project's scala-library version: 3.3.7
2026.07.23 11:24:15 INFO  no build target found for C:\Users\rahul\Github\My_Python-codes\Scala codes\Control.scala. Using presentation compiler with project's scala-library version: 3.3.7
2026.07.23 11:24:15 INFO  no build target found for C:\Users\rahul\Github\My_Python-codes\Scala codes\Control.scala. Using presentation compiler with project's scala-library version: 3.3.7
2026.07.23 11:24:16 INFO  no build target found for C:\Users\rahul\Github\My_Python-codes\Scala codes\Control.scala. Using presentation compiler with project's scala-library version: 3.3.7
2026.07.23 11:24:16 INFO  no build target found for C:\Users\rahul\Github\My_Python-codes\Scala codes\Control.scala. Using presentation compiler with project's scala-library version: 3.3.7
2026.07.23 11:24:16 INFO  no build target found for C:\Users\rahul\Github\My_Python-codes\Scala codes\Control.scala. Using presentation compiler with project's scala-library version: 3.3.7
2026.07.23 11:24:16 INFO  no build target found for C:\Users\rahul\Github\My_Python-codes\Scala codes\Control.scala. Using presentation compiler with project's scala-library version: 3.3.7
2026.07.23 11:24:16 INFO  no build target found for C:\Users\rahul\Github\My_Python-codes\Scala codes\Control.scala. Using presentation compiler with project's scala-library version: 3.3.7
Jul 23, 2026 11:24:17 AM org.eclipse.lsp4j.jsonrpc.RemoteEndpoint handleCancellation
WARNING: Unmatched cancel notification for request id 51
2026.07.23 11:24:17 INFO  no build target found for C:\Users\rahul\Github\My_Python-codes\Scala codes\Control.scala. Using presentation compiler with project's scala-library version: 3.3.7
2026.07.23 11:24:17 INFO  no build target found for C:\Users\rahul\Github\My_Python-codes\Scala codes\Control.scala. Using presentation compiler with project's scala-library version: 3.3.7
2026.07.23 11:24:17 INFO  no build target found for C:\Users\rahul\Github\My_Python-codes\Scala codes\Control.scala. Using presentation compiler with project's scala-library version: 3.3.7
2026.07.23 11:24:18 INFO  no build target found for C:\Users\rahul\Github\My_Python-codes\Scala codes\Control.scala. Using presentation compiler with project's scala-library version: 3.3.7
2026.07.23 11:24:17 INFO  no build target found for C:\Users\rahul\Github\My_Python-codes\Scala codes\Control.scala. Using presentation compiler with project's scala-library version: 3.3.7
2026.07.23 11:24:17 INFO  no build target found for C:\Users\rahul\Github\My_Python-codes\Scala codes\Control.scala. Using presentation compiler with project's scala-library version: 3.3.7
2026.07.23 11:24:18 INFO  no build target found for C:\Users\rahul\Github\My_Python-codes\Scala codes\Control.scala. Using presentation compiler with project's scala-library version: 3.3.7
2026.07.23 11:24:18 INFO  no build target found for C:\Users\rahul\Github\My_Python-codes\Scala codes\Control.scala. Using presentation compiler with project's scala-library version: 3.3.7
2026.07.23 11:24:18 INFO  no build target found for C:\Users\rahul\Github\My_Python-codes\Scala codes\Control.scala. Using presentation compiler with project's scala-library version: 3.3.7
2026.07.23 11:24:19 INFO  no build target found for C:\Users\rahul\Github\My_Python-codes\Scala codes\Control.scala. Using presentation compiler with project's scala-library version: 3.3.7
2026.07.23 11:24:20 WARN  no build target for: C:\Users\rahul\Github\My_Python-codes\Scala codes\Control.scala
2026.07.23 11:24:20 INFO  no build target found for C:\Users\rahul\Github\My_Python-codes\Scala codes\Control.scala. Using presentation compiler with project's scala-library version: 3.3.7
2026.07.23 11:30:05 INFO  no build target found for C:\Users\rahul\Github\My_Python-codes\Scala codes\Control.scala. Using presentation compiler with project's scala-library version: 3.3.7
2026.07.23 11:30:12 INFO  no build target found for C:\Users\rahul\Github\My_Python-codes\Scala codes\Control.scala. Using presentation compiler with project's scala-library version: 3.3.7
2026.07.23 11:30:12 INFO  no build target found for C:\Users\rahul\Github\My_Python-codes\Scala codes\Control.scala. Using presentation compiler with project's scala-library version: 3.3.7
2026.07.23 11:30:12 INFO  no build target found for C:\Users\rahul\Github\My_Python-codes\Scala codes\Control.scala. Using presentation compiler with project's scala-library version: 3.3.7
2026.07.23 11:30:13 INFO  no build target found for C:\Users\rahul\Github\My_Python-codes\Scala codes\Control.scala. Using presentation compiler with project's scala-library version: 3.3.7
2026.07.23 11:30:13 WARN  no build target for: C:\Users\rahul\Github\My_Python-codes\Scala codes\Control.scala
2026.07.23 11:30:14 INFO  no build target found for C:\Users\rahul\Github\My_Python-codes\Scala codes\Control.scala. Using presentation compiler with project's scala-library version: 3.3.7
2026.07.23 11:30:14 INFO  no build target found for C:\Users\rahul\Github\My_Python-codes\Scala codes\Control.scala. Using presentation compiler with project's scala-library version: 3.3.7
2026.07.23 11:30:26 INFO  no build target found for C:\Users\rahul\Github\My_Python-codes\Scala codes\Control.scala. Using presentation compiler with project's scala-library version: 3.3.7
2026.07.23 11:30:26 INFO  no build target found for C:\Users\rahul\Github\My_Python-codes\Scala codes\Control.scala. Using presentation compiler with project's scala-library version: 3.3.7
2026.07.23 11:30:26 INFO  no build target found for C:\Users\rahul\Github\My_Python-codes\Scala codes\Control.scala. Using presentation compiler with project's scala-library version: 3.3.7
2026.07.23 11:30:27 INFO  no build target found for C:\Users\rahul\Github\My_Python-codes\Scala codes\Control.scala. Using presentation compiler with project's scala-library version: 3.3.7
2026.07.23 11:30:27 INFO  no build target found for C:\Users\rahul\Github\My_Python-codes\Scala codes\Control.scala. Using presentation compiler with project's scala-library version: 3.3.7
2026.07.23 11:30:27 INFO  no build target found for C:\Users\rahul\Github\My_Python-codes\Scala codes\Control.scala. Using presentation compiler with project's scala-library version: 3.3.7
2026.07.23 11:30:27 INFO  no build target found for C:\Users\rahul\Github\My_Python-codes\Scala codes\Control.scala. Using presentation compiler with project's scala-library version: 3.3.7
2026.07.23 11:30:28 INFO  no build target found for C:\Users\rahul\Github\My_Python-codes\Scala codes\Control.scala. Using presentation compiler with project's scala-library version: 3.3.7
2026.07.23 11:30:28 INFO  no build target found for C:\Users\rahul\Github\My_Python-codes\Scala codes\Control.scala. Using presentation compiler with project's scala-library version: 3.3.7
2026.07.23 11:30:28 INFO  no build target found for C:\Users\rahul\Github\My_Python-codes\Scala codes\Control.scala. Using presentation compiler with project's scala-library version: 3.3.7
2026.07.23 11:30:28 INFO  no build target found for C:\Users\rahul\Github\My_Python-codes\Scala codes\Control.scala. Using presentation compiler with project's scala-library version: 3.3.7
2026.07.23 11:30:29 INFO  no build target found for C:\Users\rahul\Github\My_Python-codes\Scala codes\Control.scala. Using presentation compiler with project's scala-library version: 3.3.7
2026.07.23 11:30:30 INFO  no build target found for C:\Users\rahul\Github\My_Python-codes\Scala codes\Control.scala. Using presentation compiler with project's scala-library version: 3.3.7
2026.07.23 11:30:30 INFO  no build target found for C:\Users\rahul\Github\My_Python-codes\Scala codes\Control.scala. Using presentation compiler with project's scala-library version: 3.3.7
2026.07.23 11:30:30 WARN  no build target for: C:\Users\rahul\Github\My_Python-codes\Scala codes\Control.scala
2026.07.23 11:30:57 INFO  no build target found for C:\Users\rahul\Github\My_Python-codes\Scala codes\Control.scala. Using presentation compiler with project's scala-library version: 3.3.7
2026.07.23 11:30:57 INFO  no build target found for C:\Users\rahul\Github\My_Python-codes\Scala codes\Control.scala. Using presentation compiler with project's scala-library version: 3.3.7
2026.07.23 11:30:57 INFO  no build target found for C:\Users\rahul\Github\My_Python-codes\Scala codes\Control.scala. Using presentation compiler with project's scala-library version: 3.3.7
2026.07.23 11:30:58 INFO  no build target found for C:\Users\rahul\Github\My_Python-codes\Scala codes\Control.scala. Using presentation compiler with project's scala-library version: 3.3.7
2026.07.23 11:30:59 INFO  no build target found for C:\Users\rahul\Github\My_Python-codes\Scala codes\Control.scala. Using presentation compiler with project's scala-library version: 3.3.7
2026.07.23 11:30:59 INFO  no build target found for C:\Users\rahul\Github\My_Python-codes\Scala codes\Control.scala. Using presentation compiler with project's scala-library version: 3.3.7
2026.07.23 11:30:59 INFO  no build target found for C:\Users\rahul\Github\My_Python-codes\Scala codes\Control.scala. Using presentation compiler with project's scala-library version: 3.3.7
2026.07.23 11:30:59 INFO  no build target found for C:\Users\rahul\Github\My_Python-codes\Scala codes\Control.scala. Using presentation compiler with project's scala-library version: 3.3.7
2026.07.23 11:30:59 INFO  no build target found for C:\Users\rahul\Github\My_Python-codes\Scala codes\Control.scala. Using presentation compiler with project's scala-library version: 3.3.7
2026.07.23 11:31:00 INFO  no build target found for C:\Users\rahul\Github\My_Python-codes\Scala codes\Control.scala. Using presentation compiler with project's scala-library version: 3.3.7
2026.07.23 11:31:00 INFO  no build target found for C:\Users\rahul\Github\My_Python-codes\Scala codes\Control.scala. Using presentation compiler with project's scala-library version: 3.3.7
2026.07.23 11:31:00 INFO  no build target found for C:\Users\rahul\Github\My_Python-codes\Scala codes\Control.scala. Using presentation compiler with project's scala-library version: 3.3.7
2026.07.23 11:31:00 INFO  no build target found for C:\Users\rahul\Github\My_Python-codes\Scala codes\Control.scala. Using presentation compiler with project's scala-library version: 3.3.7
2026.07.23 11:31:02 INFO  no build target found for C:\Users\rahul\Github\My_Python-codes\Scala codes\Control.scala. Using presentation compiler with project's scala-library version: 3.3.7
2026.07.23 11:31:02 INFO  no build target found for C:\Users\rahul\Github\My_Python-codes\Scala codes\Control.scala. Using presentation compiler with project's scala-library version: 3.3.7
2026.07.23 11:31:03 INFO  no build target found for C:\Users\rahul\Github\My_Python-codes\Scala codes\Control.scala. Using presentation compiler with project's scala-library version: 3.3.7
2026.07.23 11:31:03 INFO  no build target found for C:\Users\rahul\Github\My_Python-codes\Scala codes\Control.scala. Using presentation compiler with project's scala-library version: 3.3.7
2026.07.23 11:31:04 INFO  no build target found for C:\Users\rahul\Github\My_Python-codes\Scala codes\Control.scala. Using presentation compiler with project's scala-library version: 3.3.7
2026.07.23 11:31:04 INFO  no build target found for C:\Users\rahul\Github\My_Python-codes\Scala codes\Control.scala. Using presentation compiler with project's scala-library version: 3.3.7
2026.07.23 11:31:04 INFO  no build target found for C:\Users\rahul\Github\My_Python-codes\Scala codes\Control.scala. Using presentation compiler with project's scala-library version: 3.3.7
2026.07.23 11:31:04 INFO  no build target found for C:\Users\rahul\Github\My_Python-codes\Scala codes\Control.scala. Using presentation compiler with project's scala-library version: 3.3.7
2026.07.23 11:31:04 INFO  no build target found for C:\Users\rahul\Github\My_Python-codes\Scala codes\Control.scala. Using presentation compiler with project's scala-library version: 3.3.7
2026.07.23 11:31:04 INFO  no build target found for C:\Users\rahul\Github\My_Python-codes\Scala codes\Control.scala. Using presentation compiler with project's scala-library version: 3.3.7
2026.07.23 11:31:07 INFO  no build target found for C:\Users\rahul\Github\My_Python-codes\Scala codes\Control.scala. Using presentation compiler with project's scala-library version: 3.3.7
2026.07.23 11:31:07 INFO  no build target found for C:\Users\rahul\Github\My_Python-codes\Scala codes\Control.scala. Using presentation compiler with project's scala-library version: 3.3.7
2026.07.23 11:31:07 INFO  no build target found for C:\Users\rahul\Github\My_Python-codes\Scala codes\Control.scala. Using presentation compiler with project's scala-library version: 3.3.7
2026.07.23 11:31:09 INFO  no build target found for C:\Users\rahul\Github\My_Python-codes\Scala codes\Control.scala. Using presentation compiler with project's scala-library version: 3.3.7
2026.07.23 11:31:09 INFO  no build target found for C:\Users\rahul\Github\My_Python-codes\Scala codes\Control.scala. Using presentation compiler with project's scala-library version: 3.3.7
2026.07.23 11:31:09 INFO  no build target found for C:\Users\rahul\Github\My_Python-codes\Scala codes\Control.scala. Using presentation compiler with project's scala-library version: 3.3.7
2026.07.23 11:31:09 INFO  no build target found for C:\Users\rahul\Github\My_Python-codes\Scala codes\Control.scala. Using presentation compiler with project's scala-library version: 3.3.7
2026.07.23 11:31:10 INFO  no build target found for C:\Users\rahul\Github\My_Python-codes\Scala codes\Control.scala. Using presentation compiler with project's scala-library version: 3.3.7
2026.07.23 11:31:10 INFO  no build target found for C:\Users\rahul\Github\My_Python-codes\Scala codes\Control.scala. Using presentation compiler with project's scala-library version: 3.3.7
2026.07.23 11:31:12 INFO  no build target found for C:\Users\rahul\Github\My_Python-codes\Scala codes\Control.scala. Using presentation compiler with project's scala-library version: 3.3.7
2026.07.23 11:31:12 INFO  no build target found for C:\Users\rahul\Github\My_Python-codes\Scala codes\Control.scala. Using presentation compiler with project's scala-library version: 3.3.7
2026.07.23 11:31:12 INFO  no build target found for C:\Users\rahul\Github\My_Python-codes\Scala codes\Control.scala. Using presentation compiler with project's scala-library version: 3.3.7
2026.07.23 11:31:12 INFO  no build target found for C:\Users\rahul\Github\My_Python-codes\Scala codes\Control.scala. Using presentation compiler with project's scala-library version: 3.3.7
2026.07.23 11:31:14 WARN  no build target for: C:\Users\rahul\Github\My_Python-codes\Scala codes\Control.scala
2026.07.23 11:45:28 INFO  no build target found for C:\Users\rahul\Github\My_Python-codes\Scala codes\Control.scala. Using presentation compiler with project's scala-library version: 3.3.7
Jul 23, 2026 11:45:33 AM org.eclipse.lsp4j.jsonrpc.services.GenericEndpoint notify
INFO: Unsupported notification method: $/setTrace
2026.07.23 11:45:34 INFO  no build target found for C:\Users\rahul\Github\My_Python-codes\Scala codes\Control.scala. Using presentation compiler with project's scala-library version: 3.3.7
2026.07.23 11:55:39 INFO  no build target found for C:\Users\rahul\Github\My_Python-codes\Scala codes\Class_Objects.scala. Using presentation compiler with project's scala-library version: 3.3.7
2026.07.23 11:55:39 INFO  no build target found for C:\Users\rahul\Github\My_Python-codes\Scala codes\Class and objects_2.scala. Using presentation compiler with project's scala-library version: 3.3.7
2026.07.23 11:55:39 WARN  no build target for: C:\Users\rahul\Github\My_Python-codes\Scala codes\Class and objects_2.scala
2026.07.23 11:55:39 INFO  no build target found for C:\Users\rahul\Github\My_Python-codes\Scala codes\Class and objects_2.scala. Using presentation compiler with project's scala-library version: 3.3.7
2026.07.23 11:55:39 INFO  no build target found for C:\Users\rahul\Github\My_Python-codes\Scala codes\Class and objects_2.scala. Using presentation compiler with project's scala-library version: 3.3.7
Jul 23, 2026 11:55:40 AM org.eclipse.lsp4j.jsonrpc.RemoteEndpoint handleCancellation
WARNING: Unmatched cancel notification for request id 191
2026.07.23 11:55:39 INFO  no build target found for C:\Users\rahul\Github\My_Python-codes\Scala codes\Class and objects_2.scala. Using presentation compiler with project's scala-library version: 3.3.7
2026.07.23 12:05:55 INFO  no build target found for C:\Users\rahul\Github\My_Python-codes\Scala codes\Class and objects_2.scala. Using presentation compiler with project's scala-library version: 3.3.7
2026.07.23 12:05:56 INFO  no build target found for C:\Users\rahul\Github\My_Python-codes\Scala codes\Loops.scala. Using presentation compiler with project's scala-library version: 3.3.7
2026.07.23 12:05:55 INFO  no build target found for C:\Users\rahul\Github\My_Python-codes\Scala codes\Loops.scala. Using presentation compiler with project's scala-library version: 3.3.7
2026.07.23 12:05:56 WARN  no build target for: C:\Users\rahul\Github\My_Python-codes\Scala codes\Loops.scala
2026.07.23 12:05:55 INFO  no build target found for C:\Users\rahul\Github\My_Python-codes\Scala codes\Loops.scala. Using presentation compiler with project's scala-library version: 3.3.7
2026.07.23 12:06:01 INFO  no build target found for C:\Users\rahul\Github\My_Python-codes\Scala codes\Control.scala. Using presentation compiler with project's scala-library version: 3.3.7
2026.07.23 12:06:01 WARN  no build target for: C:\Users\rahul\Github\My_Python-codes\Scala codes\Control.scala
2026.07.23 12:06:01 INFO  no build target found for C:\Users\rahul\Github\My_Python-codes\Scala codes\Control.scala. Using presentation compiler with project's scala-library version: 3.3.7
2026.07.23 12:06:01 INFO  no build target found for C:\Users\rahul\Github\My_Python-codes\Scala codes\Control.scala. Using presentation compiler with project's scala-library version: 3.3.7
2026.07.23 12:06:01 INFO  no build target found for C:\Users\rahul\Github\My_Python-codes\Scala codes\Control.scala. Using presentation compiler with project's scala-library version: 3.3.7
2026.07.23 12:06:41 INFO  no build target found for C:\Users\rahul\Github\My_Python-codes\Scala codes\Control.scala. Using presentation compiler with project's scala-library version: 3.3.7
2026.07.23 12:06:48 INFO  no build target found for C:\Users\rahul\Github\My_Python-codes\Scala codes\Control.scala. Using presentation compiler with project's scala-library version: 3.3.7
2026.07.23 12:06:48 INFO  no build target found for C:\Users\rahul\Github\My_Python-codes\Scala codes\Control.scala. Using presentation compiler with project's scala-library version: 3.3.7
2026.07.23 12:06:48 INFO  no build target found for C:\Users\rahul\Github\My_Python-codes\Scala codes\Control.scala. Using presentation compiler with project's scala-library version: 3.3.7
2026.07.23 12:06:49 INFO  no build target found for C:\Users\rahul\Github\My_Python-codes\Scala codes\Control.scala. Using presentation compiler with project's scala-library version: 3.3.7
2026.07.23 12:06:49 INFO  no build target found for C:\Users\rahul\Github\My_Python-codes\Scala codes\Control.scala. Using presentation compiler with project's scala-library version: 3.3.7
2026.07.23 12:06:49 INFO  no build target found for C:\Users\rahul\Github\My_Python-codes\Scala codes\Control.scala. Using presentation compiler with project's scala-library version: 3.3.7
2026.07.23 12:06:49 INFO  no build target found for C:\Users\rahul\Github\My_Python-codes\Scala codes\Control.scala. Using presentation compiler with project's scala-library version: 3.3.7
2026.07.23 12:06:49 INFO  no build target found for C:\Users\rahul\Github\My_Python-codes\Scala codes\Control.scala. Using presentation compiler with project's scala-library version: 3.3.7
2026.07.23 12:06:51 INFO  no build target found for C:\Users\rahul\Github\My_Python-codes\Scala codes\Control.scala. Using presentation compiler with project's scala-library version: 3.3.7
2026.07.23 12:06:51 INFO  no build target found for C:\Users\rahul\Github\My_Python-codes\Scala codes\Control.scala. Using presentation compiler with project's scala-library version: 3.3.7
2026.07.23 12:06:52 INFO  no build target found for C:\Users\rahul\Github\My_Python-codes\Scala codes\Control.scala. Using presentation compiler with project's scala-library version: 3.3.7
2026.07.23 12:06:52 INFO  no build target found for C:\Users\rahul\Github\My_Python-codes\Scala codes\Control.scala. Using presentation compiler with project's scala-library version: 3.3.7
2026.07.23 12:06:53 INFO  no build target found for C:\Users\rahul\Github\My_Python-codes\Scala codes\Control.scala. Using presentation compiler with project's scala-library version: 3.3.7
2026.07.23 12:06:53 INFO  no build target found for C:\Users\rahul\Github\My_Python-codes\Scala codes\Control.scala. Using presentation compiler with project's scala-library version: 3.3.7
2026.07.23 12:06:55 WARN  no build target for: C:\Users\rahul\Github\My_Python-codes\Scala codes\Control.scala
2026.07.23 12:20:41 INFO  no build target found for C:\Users\rahul\Github\My_Python-codes\Scala codes\Loops.scala. Using presentation compiler with project's scala-library version: 3.3.7
2026.07.23 12:20:41 WARN  no build target for: C:\Users\rahul\Github\My_Python-codes\Scala codes\Loops.scala
2026.07.23 12:20:41 INFO  no build target found for C:\Users\rahul\Github\My_Python-codes\Scala codes\Loops.scala. Using presentation compiler with project's scala-library version: 3.3.7
2026.07.23 12:27:17 INFO  no build target found for C:\Users\rahul\Github\My_Python-codes\Scala codes\Loops.scala. Using presentation compiler with project's scala-library version: 3.3.7
2026.07.23 12:27:17 INFO  no build target found for C:\Users\rahul\Github\My_Python-codes\Scala codes\Overridding.scala. Using presentation compiler with project's scala-library version: 3.3.7
2026.07.23 12:27:17 INFO  no build target found for C:\Users\rahul\Github\My_Python-codes\Scala codes\Overridding.scala. Using presentation compiler with project's scala-library version: 3.3.7
2026.07.23 12:27:17 WARN  no build target for: C:\Users\rahul\Github\My_Python-codes\Scala codes\Overridding.scala
2026.07.23 12:27:17 INFO  no build target found for C:\Users\rahul\Github\My_Python-codes\Scala codes\Overridding.scala. Using presentation compiler with project's scala-library version: 3.3.7
2026.07.23 12:27:19 INFO  no build target found for C:\Users\rahul\Github\My_Python-codes\Scala codes\Operators.scala. Using presentation compiler with project's scala-library version: 3.3.7
2026.07.23 12:27:19 INFO  no build target found for C:\Users\rahul\Github\My_Python-codes\Scala codes\Operators.scala. Using presentation compiler with project's scala-library version: 3.3.7
2026.07.23 12:27:19 WARN  no build target for: C:\Users\rahul\Github\My_Python-codes\Scala codes\Operators.scala
2026.07.23 12:27:19 INFO  no build target found for C:\Users\rahul\Github\My_Python-codes\Scala codes\Operators.scala. Using presentation compiler with project's scala-library version: 3.3.7
2026.07.23 12:27:24 INFO  no build target found for C:\Users\rahul\Github\My_Python-codes\Scala codes\Operators.scala. Using presentation compiler with project's scala-library version: 3.3.7
2026.07.23 12:28:02 INFO  no build target found for C:\Users\rahul\Github\My_Python-codes\Scala codes\Overridding.scala. Using presentation compiler with project's scala-library version: 3.3.7
2026.07.23 12:28:02 WARN  no build target for: C:\Users\rahul\Github\My_Python-codes\Scala codes\Overridding.scala
2026.07.23 12:28:02 INFO  no build target found for C:\Users\rahul\Github\My_Python-codes\Scala codes\Overridding.scala. Using presentation compiler with project's scala-library version: 3.3.7
2026.07.23 12:30:20 INFO  no build target found for C:\Users\rahul\Github\My_Python-codes\Scala codes\Operators.scala. Using presentation compiler with project's scala-library version: 3.3.7
2026.07.23 12:31:30 INFO  no build target found for C:\Users\rahul\Github\My_Python-codes\Scala codes\Overridding.scala. Using presentation compiler with project's scala-library version: 3.3.7
Jul 23, 2026 1:23:50 PM org.eclipse.lsp4j.jsonrpc.services.GenericEndpoint notify
INFO: Unsupported notification method: $/setTrace
2026.07.23 13:23:51 INFO  no build target found for C:\Users\rahul\Github\My_Python-codes\Scala codes\Overridding.scala. Using presentation compiler with project's scala-library version: 3.3.7
Jul 23, 2026 2:30:16 PM org.eclipse.lsp4j.jsonrpc.services.GenericEndpoint notify
INFO: Unsupported notification method: $/setTrace
2026.07.23 14:30:18 INFO  no build target found for C:\Users\rahul\Github\My_Python-codes\Scala codes\Overridding.scala. Using presentation compiler with project's scala-library version: 3.3.7
2026.07.25 01:20:27 INFO  tracing is disabled for protocol LSP, to enable tracing of incoming and outgoing JSON messages create an empty file at c:\Users\rahul\Github\My_Python-codes\.metals\lsp.trace.json or C:\Users\rahul\AppData\Local\scalameta\metals\cache\lsp.trace.json
2026.07.25 01:20:39 INFO  logging to files C:\Users\rahul\Github\My_Python-codes\.metals\metals.log
2026.07.25 01:20:39 INFO  Started: Metals version 1.6.7 in folders 'C:\Users\rahul\Github\My_Python-codes' for client Visual Studio Code 1.130.0.
2026.07.25 01:20:39 INFO  Memory monitor started
2026.07.25 01:20:49 WARN  Using H2 2.4.240 which is newer than the version Flyway has been verified with. The latest verified version of H2 is 2.3.232.
2026.07.25 01:20:51 INFO  Attempting to connect to the build server...
2026.07.25 01:20:51 INFO  Running BSP server List(C:\Users\rahul\AppData\Local\Coursier\data\bin\.scala-cli.aux.exe, bsp, --json-options, C:\Users\rahul\OneDrive\Documents\GitHub\My_Python-codes\.scala-build\ide-options-v2.json, --json-launcher-options, C:\Users\rahul\OneDrive\Documents\GitHub\My_Python-codes\.scala-build\ide-launcher-options.json, --envs-file, C:\Users\rahul\OneDrive\Documents\GitHub\My_Python-codes\.scala-build\ide-envs.json, C:\Users\rahul\OneDrive\Documents\GitHub\My_Python-codes)
2026.07.25 01:21:23 ERROR Running process 'C:\Users\rahul\AppData\Local\Coursier\data\bin\.scala-cli.aux.exe bsp --json-options C:\Users\rahul\OneDrive\Documents\GitHub\My_Python-codes\.scala-build\ide-options-v2.json --json-launcher-options C:\Users\rahul\OneDrive\Documents\GitHub\My_Python-codes\.scala-build\ide-launcher-options.json --envs-file C:\Users\rahul\OneDrive\Documents\GitHub\My_Python-codes\.scala-build\ide-envs.json C:\Users\rahul\OneDrive\Documents\GitHub\My_Python-codes' failed
java.io.IOException: Cannot run program "C:\Users\rahul\AppData\Local\Coursier\data\bin\.scala-cli.aux.exe" (in directory "C:\Users\rahul\OneDrive\Documents\GitHub\My_Python-codes"): CreateProcess error=4551, An Application Control policy has blocked this file
	at java.lang.ProcessBuilder.start(ProcessBuilder.java:1143)
	at java.lang.ProcessBuilder.start(ProcessBuilder.java:1073)
	at scala.meta.internal.process.SystemProcess$.run(SystemProcess.scala:48)
	at scala.meta.internal.bsp.BspServers.newConnection$1(BspServers.scala:129)
	at scala.meta.internal.bsp.BspServers.$anonfun$newServer$8(BspServers.scala:172)
	at scala.meta.internal.metals.BuildServerConnection$.setupServer$1(BuildServerConnection.scala:631)
	at scala.meta.internal.metals.BuildServerConnection$.fromSockets(BuildServerConnection.scala:700)
	at scala.meta.internal.bsp.BspServers.newServer(BspServers.scala:167)
	at scala.meta.internal.bsp.BspConnector.connect$1(BspConnector.scala:185)
	at scala.meta.internal.bsp.BspConnector.connect(BspConnector.scala:260)
	at scala.meta.internal.metals.ConnectionProvider$Connect$.$anonfun$createSession$7(ConnectionProvider.scala:586)
	at scala.concurrent.impl.Promise$Transformation.run(Promise.scala:503)
	at java.util.concurrent.ThreadPoolExecutor.runWorker(ThreadPoolExecutor.java:1136)
	at java.util.concurrent.ThreadPoolExecutor$Worker.run(ThreadPoolExecutor.java:635)
	at java.lang.Thread.run(Thread.java:842)
Caused by: java.io.IOException: CreateProcess error=4551, An Application Control policy has blocked this file
	at java.lang.ProcessImpl.create(Native Method)
	at java.lang.ProcessImpl.<init>(ProcessImpl.java:505)
	at java.lang.ProcessImpl.start(ProcessImpl.java:158)
	at java.lang.ProcessBuilder.start(ProcessBuilder.java:1110)
	at java.lang.ProcessBuilder.start(ProcessBuilder.java:1073)
	at scala.meta.internal.process.SystemProcess$.run(SystemProcess.scala:48)
	at scala.meta.internal.bsp.BspServers.newConnection$1(BspServers.scala:129)
	at scala.meta.internal.bsp.BspServers.$anonfun$newServer$8(BspServers.scala:172)
	at scala.meta.internal.metals.BuildServerConnection$.setupServer$1(BuildServerConnection.scala:631)
	at scala.meta.internal.metals.BuildServerConnection$.fromSockets(BuildServerConnection.scala:700)
	at scala.meta.internal.bsp.BspServers.newServer(BspServers.scala:167)
	at scala.meta.internal.bsp.BspConnector.connect$1(BspConnector.scala:185)
	at scala.meta.internal.bsp.BspConnector.connect(BspConnector.scala:260)
	at scala.meta.internal.metals.ConnectionProvider$Connect$.$anonfun$createSession$7(ConnectionProvider.scala:586)
	at scala.concurrent.impl.Promise$Transformation.run(Promise.scala:503)
	at java.util.concurrent.ThreadPoolExecutor.runWorker(ThreadPoolExecutor.java:1136)
	at java.util.concurrent.ThreadPoolExecutor$Worker.run(ThreadPoolExecutor.java:635)
	at java.lang.Thread.run(Thread.java:842)

2026.07.25 01:21:23 INFO  tracing is disabled for protocol BSP, to enable tracing of incoming and outgoing JSON messages create an empty file at C:\Users\rahul\Github\My_Python-codes\.metals\bsp.trace.json or C:\Users\rahul\AppData\Local\scalameta\metals\cache\bsp.trace.json
2026.07.25 01:22:23 ERROR Timeout waiting for 'build/initialize' response
2026.07.25 01:22:23 WARN  Retrying connection to the build server scala-cli
2026.07.25 01:22:23 INFO  Running BSP server List(C:\Users\rahul\AppData\Local\Coursier\data\bin\.scala-cli.aux.exe, bsp, --json-options, C:\Users\rahul\OneDrive\Documents\GitHub\My_Python-codes\.scala-build\ide-options-v2.json, --json-launcher-options, C:\Users\rahul\OneDrive\Documents\GitHub\My_Python-codes\.scala-build\ide-launcher-options.json, --envs-file, C:\Users\rahul\OneDrive\Documents\GitHub\My_Python-codes\.scala-build\ide-envs.json, C:\Users\rahul\OneDrive\Documents\GitHub\My_Python-codes)
2026.07.25 01:22:49 ERROR Running process 'C:\Users\rahul\AppData\Local\Coursier\data\bin\.scala-cli.aux.exe bsp --json-options C:\Users\rahul\OneDrive\Documents\GitHub\My_Python-codes\.scala-build\ide-options-v2.json --json-launcher-options C:\Users\rahul\OneDrive\Documents\GitHub\My_Python-codes\.scala-build\ide-launcher-options.json --envs-file C:\Users\rahul\OneDrive\Documents\GitHub\My_Python-codes\.scala-build\ide-envs.json C:\Users\rahul\OneDrive\Documents\GitHub\My_Python-codes' failed
java.io.IOException: Cannot run program "C:\Users\rahul\AppData\Local\Coursier\data\bin\.scala-cli.aux.exe" (in directory "C:\Users\rahul\OneDrive\Documents\GitHub\My_Python-codes"): CreateProcess error=4551, An Application Control policy has blocked this file
	at java.lang.ProcessBuilder.start(ProcessBuilder.java:1143)
	at java.lang.ProcessBuilder.start(ProcessBuilder.java:1073)
	at scala.meta.internal.process.SystemProcess$.run(SystemProcess.scala:48)
	at scala.meta.internal.bsp.BspServers.newConnection$1(BspServers.scala:129)
	at scala.meta.internal.bsp.BspServers.$anonfun$newServer$8(BspServers.scala:172)
	at scala.meta.internal.metals.BuildServerConnection$.setupServer$1(BuildServerConnection.scala:631)
	at scala.meta.internal.metals.BuildServerConnection$.fromSockets(BuildServerConnection.scala:700)
	at scala.meta.internal.metals.BuildServerConnection$$anonfun$fromSockets$17.applyOrElse(BuildServerConnection.scala:717)
	at scala.meta.internal.metals.BuildServerConnection$$anonfun$fromSockets$17.applyOrElse(BuildServerConnection.scala:714)
	at scala.concurrent.impl.Promise$Transformation.run(Promise.scala:523)
	at java.util.concurrent.ThreadPoolExecutor.runWorker(ThreadPoolExecutor.java:1136)
	at java.util.concurrent.ThreadPoolExecutor$Worker.run(ThreadPoolExecutor.java:635)
	at java.lang.Thread.run(Thread.java:842)
Caused by: java.io.IOException: CreateProcess error=4551, An Application Control policy has blocked this file
	at java.lang.ProcessImpl.create(Native Method)
	at java.lang.ProcessImpl.<init>(ProcessImpl.java:505)
	at java.lang.ProcessImpl.start(ProcessImpl.java:158)
	at java.lang.ProcessBuilder.start(ProcessBuilder.java:1110)
	at java.lang.ProcessBuilder.start(ProcessBuilder.java:1073)
	at scala.meta.internal.process.SystemProcess$.run(SystemProcess.scala:48)
	at scala.meta.internal.bsp.BspServers.newConnection$1(BspServers.scala:129)
	at scala.meta.internal.bsp.BspServers.$anonfun$newServer$8(BspServers.scala:172)
	at scala.meta.internal.metals.BuildServerConnection$.setupServer$1(BuildServerConnection.scala:631)
	at scala.meta.internal.metals.BuildServerConnection$.fromSockets(BuildServerConnection.scala:700)
	at scala.meta.internal.metals.BuildServerConnection$$anonfun$fromSockets$17.applyOrElse(BuildServerConnection.scala:717)
	at scala.meta.internal.metals.BuildServerConnection$$anonfun$fromSockets$17.applyOrElse(BuildServerConnection.scala:714)
	at scala.concurrent.impl.Promise$Transformation.run(Promise.scala:523)
	at java.util.concurrent.ThreadPoolExecutor.runWorker(ThreadPoolExecutor.java:1136)
	at java.util.concurrent.ThreadPoolExecutor$Worker.run(ThreadPoolExecutor.java:635)
	at java.lang.Thread.run(Thread.java:842)

2026.07.25 01:22:49 INFO  tracing is disabled for protocol BSP, to enable tracing of incoming and outgoing JSON messages create an empty file at C:\Users\rahul\Github\My_Python-codes\.metals\bsp.trace.json or C:\Users\rahul\AppData\Local\scalameta\metals\cache\bsp.trace.json
2026.07.25 01:23:49 ERROR Timeout waiting for 'build/initialize' response
2026.07.25 01:23:49 WARN  Retrying connection to the build server scala-cli
2026.07.25 01:23:49 INFO  Running BSP server List(C:\Users\rahul\AppData\Local\Coursier\data\bin\.scala-cli.aux.exe, bsp, --json-options, C:\Users\rahul\OneDrive\Documents\GitHub\My_Python-codes\.scala-build\ide-options-v2.json, --json-launcher-options, C:\Users\rahul\OneDrive\Documents\GitHub\My_Python-codes\.scala-build\ide-launcher-options.json, --envs-file, C:\Users\rahul\OneDrive\Documents\GitHub\My_Python-codes\.scala-build\ide-envs.json, C:\Users\rahul\OneDrive\Documents\GitHub\My_Python-codes)
2026.07.25 01:24:18 INFO  tracing is disabled for protocol BSP, to enable tracing of incoming and outgoing JSON messages create an empty file at C:\Users\rahul\Github\My_Python-codes\.metals\bsp.trace.json or C:\Users\rahul\AppData\Local\scalameta\metals\cache\bsp.trace.json
2026.07.25 01:24:18 INFO  BSP server: Exception in thread "subprocess-shutdown-hook-monitor" java.io.IOException: Cannot run program "C:\Program Files\Java\jdk-25\bin\java.exe" (in directory "C:\Users\rahul\OneDrive\Documents\GitHub\My_Python-codes"): CreateProcess error=2, The system cannot find the file specified
2026.07.25 01:24:18 INFO  BSP server: 	at java.base@17.0.9/java.lang.ProcessBuilder.start(ProcessBuilder.java:1143)
2026.07.25 01:24:18 INFO  BSP server: 	at java.base@17.0.9/java.lang.ProcessBuilder.start(ProcessBuilder.java:1073)
2026.07.25 01:24:18 INFO  BSP server: 	at os.proc.proc$lzyINIT1$1(ProcessOps.scala:345)
2026.07.25 01:24:18 INFO  BSP server: 	at os.proc.os$proc$$_$proc$1(ProcessOps.scala:351)
2026.07.25 01:24:18 INFO  BSP server: 	at os.proc$$anon$2.run(ProcessOps.scala:335)
2026.07.25 01:24:18 INFO  BSP server: 	at com.oracle.svm.core.thread.PlatformThreads.threadStartRoutine(PlatformThreads.java:807)
2026.07.25 01:24:18 INFO  BSP server: 	at com.oracle.svm.core.windows.WindowsPlatformThreads.osThreadStartRoutine(WindowsPlatformThreads.java:179)
2026.07.25 01:24:18 INFO  BSP server: Caused by: java.io.IOException: CreateProcess error=2, The system cannot find the file specified
2026.07.25 01:24:18 INFO  BSP server: 	at com.oracle.svm.core.jni.functions.JNIFunctions$NewObjectWithObjectArrayArgFunctionPointer.invoke(JNIFunctions.java)
2026.07.25 01:24:18 INFO  BSP server: 	at com.oracle.svm.core.jni.functions.JNIFunctions.ThrowNew(JNIFunctions.java:889)
2026.07.25 01:24:18 INFO  BSP server: 	at java.base@17.0.9/java.lang.ProcessImpl.create(Native Method)
2026.07.25 01:24:18 INFO  BSP server: 	at java.base@17.0.9/java.lang.ProcessImpl.<init>(ProcessImpl.java:499)
2026.07.25 01:24:18 INFO  BSP server: 	at java.base@17.0.9/java.lang.ProcessImpl.start(ProcessImpl.java:158)
2026.07.25 01:24:18 INFO  BSP server: 	at java.base@17.0.9/java.lang.ProcessBuilder.start(ProcessBuilder.java:1110)
2026.07.25 01:24:18 INFO  BSP server: 	... 6 more
2026.07.25 01:24:18 INFO  BSP server: Error: java.io.IOException: Cannot run program "C:\Program Files\Java\jdk-25\bin\java.exe" (in directory "C:\Users\rahul\OneDrive\Documents\GitHub\My_Python-codes"): CreateProcess error=2, The system cannot find the file specified
2026.07.25 01:24:18 INFO  BSP server: For more details, please see 'C:\Users\rahul\OneDrive\Documents\GitHub\My_Python-codes\.scala-build\stacktraces\1784922858-1852860503853014789.log'
2026.07.25 01:24:18 INFO  BSP server: Exception in thread "subprocess-shutdown-hook" java.io.IOException: Cannot run program "C:\Program Files\Java\jdk-25\bin\java.exe" (in directory "C:\Users\rahul\OneDrive\Documents\GitHub\My_Python-codes"): CreateProcess error=2, The system cannot find the file specified
2026.07.25 01:24:18 INFO  BSP server: 	at java.base@17.0.9/java.lang.ProcessBuilder.start(ProcessBuilder.java:1143)
2026.07.25 01:24:18 INFO  BSP server: 	at java.base@17.0.9/java.lang.ProcessBuilder.start(ProcessBuilder.java:1073)
2026.07.25 01:24:18 INFO  BSP server: 	at os.proc.proc$lzyINIT1$1(ProcessOps.scala:345)
2026.07.25 01:24:18 INFO  BSP server: 	at os.proc.os$proc$$_$proc$1(ProcessOps.scala:351)
2026.07.25 01:24:18 INFO  BSP server: 	at os.proc$$anon$1.run(ProcessOps.scala:329)
2026.07.25 01:24:18 INFO  BSP server: 	at com.oracle.svm.core.thread.PlatformThreads.threadStartRoutine(PlatformThreads.java:807)
2026.07.25 01:24:18 INFO  BSP server: 	at com.oracle.svm.core.windows.WindowsPlatformThreads.osThreadStartRoutine(WindowsPlatformThreads.java:179)
2026.07.25 01:24:18 INFO  BSP server: Caused by: java.io.IOException: CreateProcess error=2, The system cannot find the file specified
2026.07.25 01:24:18 INFO  BSP server: 	at com.oracle.svm.core.jni.functions.JNIFunctions$NewObjectWithObjectArrayArgFunctionPointer.invoke(JNIFunctions.java)
2026.07.25 01:24:18 INFO  BSP server: 	at com.oracle.svm.core.jni.functions.JNIFunctions.ThrowNew(JNIFunctions.java:889)
2026.07.25 01:24:18 INFO  BSP server: 	at java.base@17.0.9/java.lang.ProcessImpl.create(Native Method)
2026.07.25 01:24:18 INFO  BSP server: 	at java.base@17.0.9/java.lang.ProcessImpl.<init>(ProcessImpl.java:499)
2026.07.25 01:24:18 INFO  BSP server: 	at java.base@17.0.9/java.lang.ProcessImpl.start(ProcessImpl.java:158)
2026.07.25 01:24:18 INFO  BSP server: 	at java.base@17.0.9/java.lang.ProcessBuilder.start(ProcessBuilder.java:1110)
2026.07.25 01:24:18 INFO  BSP server: 	... 6 more
2026.07.25 01:25:18 ERROR Timeout waiting for 'build/initialize' response
2026.07.25 01:25:18 WARN  Retrying connection to the build server scala-cli
2026.07.25 01:25:18 INFO  Running BSP server List(C:\Users\rahul\AppData\Local\Coursier\data\bin\.scala-cli.aux.exe, bsp, --json-options, C:\Users\rahul\OneDrive\Documents\GitHub\My_Python-codes\.scala-build\ide-options-v2.json, --json-launcher-options, C:\Users\rahul\OneDrive\Documents\GitHub\My_Python-codes\.scala-build\ide-launcher-options.json, --envs-file, C:\Users\rahul\OneDrive\Documents\GitHub\My_Python-codes\.scala-build\ide-envs.json, C:\Users\rahul\OneDrive\Documents\GitHub\My_Python-codes)
2026.07.25 01:25:18 INFO  tracing is disabled for protocol BSP, to enable tracing of incoming and outgoing JSON messages create an empty file at C:\Users\rahul\Github\My_Python-codes\.metals\bsp.trace.json or C:\Users\rahul\AppData\Local\scalameta\metals\cache\bsp.trace.json
2026.07.25 01:25:18 INFO  BSP server: Exception in thread "subprocess-shutdown-hook-monitor" java.io.IOException: Cannot run program "C:\Program Files\Java\jdk-25\bin\java.exe" (in directory "C:\Users\rahul\OneDrive\Documents\GitHub\My_Python-codes"): CreateProcess error=2, The system cannot find the file specified
2026.07.25 01:25:18 INFO  BSP server: 	at java.base@17.0.9/java.lang.ProcessBuilder.start(ProcessBuilder.java:1143)
2026.07.25 01:25:18 INFO  BSP server: 	at java.base@17.0.9/java.lang.ProcessBuilder.start(ProcessBuilder.java:1073)
2026.07.25 01:25:18 INFO  BSP server: 	at os.proc.proc$lzyINIT1$1(ProcessOps.scala:345)
2026.07.25 01:25:18 INFO  BSP server: 	at os.proc.os$proc$$_$proc$1(ProcessOps.scala:351)
2026.07.25 01:25:18 INFO  BSP server: 	at os.proc$$anon$2.run(ProcessOps.scala:335)
2026.07.25 01:25:18 INFO  BSP server: 	at com.oracle.svm.core.thread.PlatformThreads.threadStartRoutine(PlatformThreads.java:807)
2026.07.25 01:25:18 INFO  BSP server: 	at com.oracle.svm.core.windows.WindowsPlatformThreads.osThreadStartRoutine(WindowsPlatformThreads.java:179)
2026.07.25 01:25:18 INFO  BSP server: Caused by: java.io.IOException: CreateProcess error=2, The system cannot find the file specified
2026.07.25 01:25:18 INFO  BSP server: 	at com.oracle.svm.core.jni.functions.JNIFunctions$NewObjectWithObjectArrayArgFunctionPointer.invoke(JNIFunctions.java)
2026.07.25 01:25:18 INFO  BSP server: 	at com.oracle.svm.core.jni.functions.JNIFunctions.ThrowNew(JNIFunctions.java:889)
2026.07.25 01:25:18 INFO  BSP server: 	at java.base@17.0.9/java.lang.ProcessImpl.create(Native Method)
2026.07.25 01:25:18 INFO  BSP server: 	at java.base@17.0.9/java.lang.ProcessImpl.<init>(ProcessImpl.java:499)
2026.07.25 01:25:18 INFO  BSP server: 	at java.base@17.0.9/java.lang.ProcessImpl.start(ProcessImpl.java:158)
2026.07.25 01:25:18 INFO  BSP server: 	at java.base@17.0.9/java.lang.ProcessBuilder.start(ProcessBuilder.java:1110)
2026.07.25 01:25:18 INFO  BSP server: 	... 6 more
2026.07.25 01:25:18 INFO  BSP server: Error: java.io.IOException: Cannot run program "C:\Program Files\Java\jdk-25\bin\java.exe" (in directory "C:\Users\rahul\OneDrive\Documents\GitHub\My_Python-codes"): CreateProcess error=2, The system cannot find the file specified
2026.07.25 01:25:18 INFO  BSP server: For more details, please see 'C:\Users\rahul\OneDrive\Documents\GitHub\My_Python-codes\.scala-build\stacktraces\1784922918-4658415851529266429.log'
2026.07.25 01:25:18 INFO  BSP server: Exception in thread "subprocess-shutdown-hook" java.io.IOException: Cannot run program "C:\Program Files\Java\jdk-25\bin\java.exe" (in directory "C:\Users\rahul\OneDrive\Documents\GitHub\My_Python-codes"): CreateProcess error=2, The system cannot find the file specified
2026.07.25 01:25:18 INFO  BSP server: 	at java.base@17.0.9/java.lang.ProcessBuilder.start(ProcessBuilder.java:1143)
2026.07.25 01:25:18 INFO  BSP server: 	at java.base@17.0.9/java.lang.ProcessBuilder.start(ProcessBuilder.java:1073)
2026.07.25 01:25:18 INFO  BSP server: 	at os.proc.proc$lzyINIT1$1(ProcessOps.scala:345)
2026.07.25 01:25:18 INFO  BSP server: 	at os.proc.os$proc$$_$proc$1(ProcessOps.scala:351)
2026.07.25 01:25:18 INFO  BSP server: 	at os.proc$$anon$1.run(ProcessOps.scala:329)
2026.07.25 01:25:18 INFO  BSP server: 	at com.oracle.svm.core.thread.PlatformThreads.threadStartRoutine(PlatformThreads.java:807)
2026.07.25 01:25:18 INFO  BSP server: 	at com.oracle.svm.core.windows.WindowsPlatformThreads.osThreadStartRoutine(WindowsPlatformThreads.java:179)
2026.07.25 01:25:18 INFO  BSP server: Caused by: java.io.IOException: CreateProcess error=2, The system cannot find the file specified
2026.07.25 01:25:18 INFO  BSP server: 	at com.oracle.svm.core.jni.functions.JNIFunctions$NewObjectWithObjectArrayArgFunctionPointer.invoke(JNIFunctions.java)
2026.07.25 01:25:18 INFO  BSP server: 	at com.oracle.svm.core.jni.functions.JNIFunctions.ThrowNew(JNIFunctions.java:889)
2026.07.25 01:25:18 INFO  BSP server: 	at java.base@17.0.9/java.lang.ProcessImpl.create(Native Method)
2026.07.25 01:25:18 INFO  BSP server: 	at java.base@17.0.9/java.lang.ProcessImpl.<init>(ProcessImpl.java:499)
2026.07.25 01:25:18 INFO  BSP server: 	at java.base@17.0.9/java.lang.ProcessImpl.start(ProcessImpl.java:158)
2026.07.25 01:25:18 INFO  BSP server: 	at java.base@17.0.9/java.lang.ProcessBuilder.start(ProcessBuilder.java:1110)
2026.07.25 01:25:18 INFO  BSP server: 	... 6 more
2026.07.25 01:26:18 ERROR Timeout waiting for 'build/initialize' response
2026.07.25 01:26:18 WARN  Retrying connection to the build server scala-cli
2026.07.25 01:26:18 INFO  Running BSP server List(C:\Users\rahul\AppData\Local\Coursier\data\bin\.scala-cli.aux.exe, bsp, --json-options, C:\Users\rahul\OneDrive\Documents\GitHub\My_Python-codes\.scala-build\ide-options-v2.json, --json-launcher-options, C:\Users\rahul\OneDrive\Documents\GitHub\My_Python-codes\.scala-build\ide-launcher-options.json, --envs-file, C:\Users\rahul\OneDrive\Documents\GitHub\My_Python-codes\.scala-build\ide-envs.json, C:\Users\rahul\OneDrive\Documents\GitHub\My_Python-codes)
2026.07.25 01:26:18 INFO  tracing is disabled for protocol BSP, to enable tracing of incoming and outgoing JSON messages create an empty file at C:\Users\rahul\Github\My_Python-codes\.metals\bsp.trace.json or C:\Users\rahul\AppData\Local\scalameta\metals\cache\bsp.trace.json
2026.07.25 01:26:18 INFO  BSP server: Exception in thread "subprocess-shutdown-hook-monitor" java.io.IOException: Cannot run program "C:\Program Files\Java\jdk-25\bin\java.exe" (in directory "C:\Users\rahul\OneDrive\Documents\GitHub\My_Python-codes"): CreateProcess error=2, The system cannot find the file specified
2026.07.25 01:26:18 INFO  BSP server: 	at java.base@17.0.9/java.lang.ProcessBuilder.start(ProcessBuilder.java:1143)
2026.07.25 01:26:18 INFO  BSP server: 	at java.base@17.0.9/java.lang.ProcessBuilder.start(ProcessBuilder.java:1073)
2026.07.25 01:26:18 INFO  BSP server: 	at os.proc.proc$lzyINIT1$1(ProcessOps.scala:345)
2026.07.25 01:26:18 INFO  BSP server: 	at os.proc.os$proc$$_$proc$1(ProcessOps.scala:351)
2026.07.25 01:26:18 INFO  BSP server: 	at os.proc$$anon$2.run(ProcessOps.scala:335)
2026.07.25 01:26:18 INFO  BSP server: 	at com.oracle.svm.core.thread.PlatformThreads.threadStartRoutine(PlatformThreads.java:807)
2026.07.25 01:26:18 INFO  BSP server: 	at com.oracle.svm.core.windows.WindowsPlatformThreads.osThreadStartRoutine(WindowsPlatformThreads.java:179)
2026.07.25 01:26:18 INFO  BSP server: Caused by: java.io.IOException: CreateProcess error=2, The system cannot find the file specified
2026.07.25 01:26:18 INFO  BSP server: 	at com.oracle.svm.core.jni.functions.JNIFunctions$NewObjectWithObjectArrayArgFunctionPointer.invoke(JNIFunctions.java)
2026.07.25 01:26:18 INFO  BSP server: 	at com.oracle.svm.core.jni.functions.JNIFunctions.ThrowNew(JNIFunctions.java:889)
2026.07.25 01:26:18 INFO  BSP server: 	at java.base@17.0.9/java.lang.ProcessImpl.create(Native Method)
2026.07.25 01:26:18 INFO  BSP server: 	at java.base@17.0.9/java.lang.ProcessImpl.<init>(ProcessImpl.java:499)
2026.07.25 01:26:18 INFO  BSP server: 	at java.base@17.0.9/java.lang.ProcessImpl.start(ProcessImpl.java:158)
2026.07.25 01:26:18 INFO  BSP server: 	at java.base@17.0.9/java.lang.ProcessBuilder.start(ProcessBuilder.java:1110)
2026.07.25 01:26:18 INFO  BSP server: 	... 6 more
2026.07.25 01:26:18 INFO  BSP server: Error: java.io.IOException: Cannot run program "C:\Program Files\Java\jdk-25\bin\java.exe" (in directory "C:\Users\rahul\OneDrive\Documents\GitHub\My_Python-codes"): CreateProcess error=2, The system cannot find the file specified
2026.07.25 01:26:18 INFO  BSP server: For more details, please see 'C:\Users\rahul\OneDrive\Documents\GitHub\My_Python-codes\.scala-build\stacktraces\1784922978-9899650795281854678.log'
2026.07.25 01:26:18 INFO  BSP server: Exception in thread "subprocess-shutdown-hook" java.io.IOException: Cannot run program "C:\Program Files\Java\jdk-25\bin\java.exe" (in directory "C:\Users\rahul\OneDrive\Documents\GitHub\My_Python-codes"): CreateProcess error=2, The system cannot find the file specified
2026.07.25 01:26:18 INFO  BSP server: 	at java.base@17.0.9/java.lang.ProcessBuilder.start(ProcessBuilder.java:1143)
2026.07.25 01:26:18 INFO  BSP server: 	at java.base@17.0.9/java.lang.ProcessBuilder.start(ProcessBuilder.java:1073)
2026.07.25 01:26:18 INFO  BSP server: 	at os.proc.proc$lzyINIT1$1(ProcessOps.scala:345)
2026.07.25 01:26:18 INFO  BSP server: 	at os.proc.os$proc$$_$proc$1(ProcessOps.scala:351)
2026.07.25 01:26:18 INFO  BSP server: 	at os.proc$$anon$1.run(ProcessOps.scala:329)
2026.07.25 01:26:18 INFO  BSP server: 	at com.oracle.svm.core.thread.PlatformThreads.threadStartRoutine(PlatformThreads.java:807)
2026.07.25 01:26:18 INFO  BSP server: 	at com.oracle.svm.core.windows.WindowsPlatformThreads.osThreadStartRoutine(WindowsPlatformThreads.java:179)
2026.07.25 01:26:18 INFO  BSP server: Caused by: java.io.IOException: CreateProcess error=2, The system cannot find the file specified
2026.07.25 01:26:18 INFO  BSP server: 	at com.oracle.svm.core.jni.functions.JNIFunctions$NewObjectWithObjectArrayArgFunctionPointer.invoke(JNIFunctions.java)
2026.07.25 01:26:18 INFO  BSP server: 	at com.oracle.svm.core.jni.functions.JNIFunctions.ThrowNew(JNIFunctions.java:889)
2026.07.25 01:26:18 INFO  BSP server: 	at java.base@17.0.9/java.lang.ProcessImpl.create(Native Method)
2026.07.25 01:26:18 INFO  BSP server: 	at java.base@17.0.9/java.lang.ProcessImpl.<init>(ProcessImpl.java:499)
2026.07.25 01:26:18 INFO  BSP server: 	at java.base@17.0.9/java.lang.ProcessImpl.start(ProcessImpl.java:158)
2026.07.25 01:26:18 INFO  BSP server: 	at java.base@17.0.9/java.lang.ProcessBuilder.start(ProcessBuilder.java:1110)
2026.07.25 01:26:18 INFO  BSP server: 	... 6 more
2026.07.25 01:27:18 ERROR Timeout waiting for 'build/initialize' response
2026.07.25 01:27:18 WARN  Retrying connection to the build server scala-cli
2026.07.25 01:27:18 INFO  Running BSP server List(C:\Users\rahul\AppData\Local\Coursier\data\bin\.scala-cli.aux.exe, bsp, --json-options, C:\Users\rahul\OneDrive\Documents\GitHub\My_Python-codes\.scala-build\ide-options-v2.json, --json-launcher-options, C:\Users\rahul\OneDrive\Documents\GitHub\My_Python-codes\.scala-build\ide-launcher-options.json, --envs-file, C:\Users\rahul\OneDrive\Documents\GitHub\My_Python-codes\.scala-build\ide-envs.json, C:\Users\rahul\OneDrive\Documents\GitHub\My_Python-codes)
2026.07.25 01:27:18 INFO  tracing is disabled for protocol BSP, to enable tracing of incoming and outgoing JSON messages create an empty file at C:\Users\rahul\Github\My_Python-codes\.metals\bsp.trace.json or C:\Users\rahul\AppData\Local\scalameta\metals\cache\bsp.trace.json
2026.07.25 01:27:18 INFO  BSP server: Exception in thread "subprocess-shutdown-hook-monitor" java.io.IOException: Cannot run program "C:\Program Files\Java\jdk-25\bin\java.exe" (in directory "C:\Users\rahul\OneDrive\Documents\GitHub\My_Python-codes"): CreateProcess error=2, The system cannot find the file specified
2026.07.25 01:27:18 INFO  BSP server: 	at java.base@17.0.9/java.lang.ProcessBuilder.start(ProcessBuilder.java:1143)
2026.07.25 01:27:18 INFO  BSP server: 	at java.base@17.0.9/java.lang.ProcessBuilder.start(ProcessBuilder.java:1073)
2026.07.25 01:27:18 INFO  BSP server: 	at os.proc.proc$lzyINIT1$1(ProcessOps.scala:345)
2026.07.25 01:27:18 INFO  BSP server: 	at os.proc.os$proc$$_$proc$1(ProcessOps.scala:351)
2026.07.25 01:27:18 INFO  BSP server: 	at os.proc$$anon$2.run(ProcessOps.scala:335)
2026.07.25 01:27:18 INFO  BSP server: 	at com.oracle.svm.core.thread.PlatformThreads.threadStartRoutine(PlatformThreads.java:807)
2026.07.25 01:27:18 INFO  BSP server: 	at com.oracle.svm.core.windows.WindowsPlatformThreads.osThreadStartRoutine(WindowsPlatformThreads.java:179)
2026.07.25 01:27:18 INFO  BSP server: Caused by: java.io.IOException: CreateProcess error=2, The system cannot find the file specified
2026.07.25 01:27:18 INFO  BSP server: 	at com.oracle.svm.core.jni.functions.JNIFunctions$NewObjectWithObjectArrayArgFunctionPointer.invoke(JNIFunctions.java)
2026.07.25 01:27:18 INFO  BSP server: 	at com.oracle.svm.core.jni.functions.JNIFunctions.ThrowNew(JNIFunctions.java:889)
2026.07.25 01:27:18 INFO  BSP server: 	at java.base@17.0.9/java.lang.ProcessImpl.create(Native Method)
2026.07.25 01:27:18 INFO  BSP server: 	at java.base@17.0.9/java.lang.ProcessImpl.<init>(ProcessImpl.java:499)
2026.07.25 01:27:18 INFO  BSP server: 	at java.base@17.0.9/java.lang.ProcessImpl.start(ProcessImpl.java:158)
2026.07.25 01:27:18 INFO  BSP server: 	at java.base@17.0.9/java.lang.ProcessBuilder.start(ProcessBuilder.java:1110)
2026.07.25 01:27:18 INFO  BSP server: 	... 6 more
2026.07.25 01:27:18 INFO  BSP server: Error: java.io.IOException: Cannot run program "C:\Program Files\Java\jdk-25\bin\java.exe" (in directory "C:\Users\rahul\OneDrive\Documents\GitHub\My_Python-codes"): CreateProcess error=2, The system cannot find the file specified
2026.07.25 01:27:18 INFO  BSP server: For more details, please see 'C:\Users\rahul\OneDrive\Documents\GitHub\My_Python-codes\.scala-build\stacktraces\1784923038-13647671124804585748.log'
2026.07.25 01:27:18 INFO  BSP server: Exception in thread "subprocess-shutdown-hook" java.io.IOException: Cannot run program "C:\Program Files\Java\jdk-25\bin\java.exe" (in directory "C:\Users\rahul\OneDrive\Documents\GitHub\My_Python-codes"): CreateProcess error=2, The system cannot find the file specified
2026.07.25 01:27:18 INFO  BSP server: 	at java.base@17.0.9/java.lang.ProcessBuilder.start(ProcessBuilder.java:1143)
2026.07.25 01:27:18 INFO  BSP server: 	at java.base@17.0.9/java.lang.ProcessBuilder.start(ProcessBuilder.java:1073)
2026.07.25 01:27:18 INFO  BSP server: 	at os.proc.proc$lzyINIT1$1(ProcessOps.scala:345)
2026.07.25 01:27:18 INFO  BSP server: 	at os.proc.os$proc$$_$proc$1(ProcessOps.scala:351)
2026.07.25 01:27:18 INFO  BSP server: 	at os.proc$$anon$1.run(ProcessOps.scala:329)
2026.07.25 01:27:18 INFO  BSP server: 	at com.oracle.svm.core.thread.PlatformThreads.threadStartRoutine(PlatformThreads.java:807)
2026.07.25 01:27:18 INFO  BSP server: 	at com.oracle.svm.core.windows.WindowsPlatformThreads.osThreadStartRoutine(WindowsPlatformThreads.java:179)
2026.07.25 01:27:18 INFO  BSP server: Caused by: java.io.IOException: CreateProcess error=2, The system cannot find the file specified
2026.07.25 01:27:18 INFO  BSP server: 	at com.oracle.svm.core.jni.functions.JNIFunctions$NewObjectWithObjectArrayArgFunctionPointer.invoke(JNIFunctions.java)
2026.07.25 01:27:18 INFO  BSP server: 	at com.oracle.svm.core.jni.functions.JNIFunctions.ThrowNew(JNIFunctions.java:889)
2026.07.25 01:27:18 INFO  BSP server: 	at java.base@17.0.9/java.lang.ProcessImpl.create(Native Method)
2026.07.25 01:27:18 INFO  BSP server: 	at java.base@17.0.9/java.lang.ProcessImpl.<init>(ProcessImpl.java:499)
2026.07.25 01:27:18 INFO  BSP server: 	at java.base@17.0.9/java.lang.ProcessImpl.start(ProcessImpl.java:158)
2026.07.25 01:27:18 INFO  BSP server: 	at java.base@17.0.9/java.lang.ProcessBuilder.start(ProcessBuilder.java:1110)
2026.07.25 01:27:18 INFO  BSP server: 	... 6 more
2026.07.25 01:28:18 ERROR Timeout waiting for 'build/initialize' response
2026.07.25 01:28:18 ERROR Failed to connect with build server, no functionality will work.
java.util.concurrent.TimeoutException
	at java.util.concurrent.CompletableFuture.timedGet(CompletableFuture.java:1960)
	at java.util.concurrent.CompletableFuture.get(CompletableFuture.java:2095)
	at scala.meta.internal.metals.BuildServerConnection$.initialize(BuildServerConnection.scala:806)
	at scala.meta.internal.metals.BuildServerConnection$.$anonfun$fromSockets$1(BuildServerConnection.scala:658)
	at scala.concurrent.impl.Promise$Transformation.run(Promise.scala:500)
	at java.util.concurrent.ThreadPoolExecutor.runWorker(ThreadPoolExecutor.java:1136)
	at java.util.concurrent.ThreadPoolExecutor$Worker.run(ThreadPoolExecutor.java:635)
	at java.lang.Thread.run(Thread.java:842)

2026.07.25 01:28:18 WARN  no build target for: C:\Users\rahul\Github\My_Python-codes\Scala codes\Overridding.scala
2026.07.25 01:28:18 INFO  no build target found for C:\Users\rahul\Github\My_Python-codes\Scala codes\Overridding.scala. Using presentation compiler with project's scala-library version: 3.3.7
2026.08.03 14:34:33 INFO  Tracing is disabled for protocol LSP. To enable tracing of incoming and outgoing JSON messages, create an empty file at c:\Users\rahul\Github\My_Python-codes\.metals\lsp.trace.json or C:\Users\rahul\AppData\Local\scalameta\metals\cache\lsp.trace.json
2026.08.03 14:34:55 INFO  logging to files C:\Users\rahul\Github\My_Python-codes\.metals\metals.log
2026.08.03 14:34:55 INFO  Started: Metals version 1.6.8 in folders 'C:\Users\rahul\Github\My_Python-codes' for client Visual Studio Code 1.131.0.
2026.08.03 14:34:55 INFO  Memory monitor started
2026.08.03 14:35:02 WARN  Using H2 2.4.240 which is newer than the version Flyway has been verified with. The latest verified version of H2 is 2.3.232.
2026.08.03 14:35:04 INFO  Attempting to connect to the build server...
2026.08.03 14:35:04 INFO  Running BSP server List(C:\Users\rahul\AppData\Local\Coursier\data\bin\.scala-cli.aux.exe, bsp, --json-options, C:\Users\rahul\OneDrive\Documents\GitHub\My_Python-codes\.scala-build\ide-options-v2.json, --json-launcher-options, C:\Users\rahul\OneDrive\Documents\GitHub\My_Python-codes\.scala-build\ide-launcher-options.json, --envs-file, C:\Users\rahul\OneDrive\Documents\GitHub\My_Python-codes\.scala-build\ide-envs.json, C:\Users\rahul\OneDrive\Documents\GitHub\My_Python-codes)
2026.08.03 14:35:37 INFO  Tracing is disabled for protocol BSP. To enable tracing of incoming and outgoing JSON messages, create an empty file at C:\Users\rahul\Github\My_Python-codes\.metals\bsp.trace.json or C:\Users\rahul\AppData\Local\scalameta\metals\cache\bsp.trace.json
2026.08.03 14:35:37 INFO  BSP server: Exception in thread "subprocess-shutdown-hook-monitor" java.io.IOException: Cannot run program "C:\Program Files\Java\jdk-25\bin\java.exe" (in directory "C:\Users\rahul\OneDrive\Documents\GitHub\My_Python-codes"): CreateProcess error=2, The system cannot find the file specified
2026.08.03 14:35:37 INFO  BSP server: 	at java.base@17.0.9/java.lang.ProcessBuilder.start(ProcessBuilder.java:1143)
2026.08.03 14:35:37 INFO  BSP server: 	at java.base@17.0.9/java.lang.ProcessBuilder.start(ProcessBuilder.java:1073)
2026.08.03 14:35:37 INFO  BSP server: 	at os.proc.proc$lzyINIT1$1(ProcessOps.scala:345)
2026.08.03 14:35:37 INFO  BSP server: 	at os.proc.os$proc$$_$proc$1(ProcessOps.scala:351)
2026.08.03 14:35:37 INFO  BSP server: 	at os.proc$$anon$2.run(ProcessOps.scala:335)
2026.08.03 14:35:37 INFO  BSP server: 	at com.oracle.svm.core.thread.PlatformThreads.threadStartRoutine(PlatformThreads.java:807)
2026.08.03 14:35:37 INFO  BSP server: 	at com.oracle.svm.core.windows.WindowsPlatformThreads.osThreadStartRoutine(WindowsPlatformThreads.java:179)
2026.08.03 14:35:37 INFO  BSP server: Caused by: java.io.IOException: CreateProcess error=2, The system cannot find the file specified
2026.08.03 14:35:37 INFO  BSP server: 	at com.oracle.svm.core.jni.functions.JNIFunctions$NewObjectWithObjectArrayArgFunctionPointer.invoke(JNIFunctions.java)
2026.08.03 14:35:37 INFO  BSP server: 	at com.oracle.svm.core.jni.functions.JNIFunctions.ThrowNew(JNIFunctions.java:889)
2026.08.03 14:35:37 INFO  BSP server: 	at java.base@17.0.9/java.lang.ProcessImpl.create(Native Method)
2026.08.03 14:35:37 INFO  BSP server: 	at java.base@17.0.9/java.lang.ProcessImpl.<init>(ProcessImpl.java:499)
2026.08.03 14:35:37 INFO  BSP server: 	at java.base@17.0.9/java.lang.ProcessImpl.start(ProcessImpl.java:158)
2026.08.03 14:35:37 INFO  BSP server: 	at java.base@17.0.9/java.lang.ProcessBuilder.start(ProcessBuilder.java:1110)
2026.08.03 14:35:37 INFO  BSP server: 	... 6 more
2026.08.03 14:35:37 INFO  BSP server: Error: java.io.IOException: Cannot run program "C:\Program Files\Java\jdk-25\bin\java.exe" (in directory "C:\Users\rahul\OneDrive\Documents\GitHub\My_Python-codes"): CreateProcess error=2, The system cannot find the file specified
2026.08.03 14:35:37 INFO  BSP server: For more details, please see 'C:\Users\rahul\OneDrive\Documents\GitHub\My_Python-codes\.scala-build\stacktraces\1785747937-15548975741753766420.log'
2026.08.03 14:35:37 INFO  BSP server: Exception in thread "subprocess-shutdown-hook" java.io.IOException: Cannot run program "C:\Program Files\Java\jdk-25\bin\java.exe" (in directory "C:\Users\rahul\OneDrive\Documents\GitHub\My_Python-codes"): CreateProcess error=2, The system cannot find the file specified
2026.08.03 14:35:37 INFO  BSP server: 	at java.base@17.0.9/java.lang.ProcessBuilder.start(ProcessBuilder.java:1143)
2026.08.03 14:35:37 INFO  BSP server: 	at java.base@17.0.9/java.lang.ProcessBuilder.start(ProcessBuilder.java:1073)
2026.08.03 14:35:37 INFO  BSP server: 	at os.proc.proc$lzyINIT1$1(ProcessOps.scala:345)
2026.08.03 14:35:37 INFO  BSP server: 	at os.proc.os$proc$$_$proc$1(ProcessOps.scala:351)
2026.08.03 14:35:37 INFO  BSP server: 	at os.proc$$anon$1.run(ProcessOps.scala:329)
2026.08.03 14:35:37 INFO  BSP server: 	at com.oracle.svm.core.thread.PlatformThreads.threadStartRoutine(PlatformThreads.java:807)
2026.08.03 14:35:37 INFO  BSP server: 	at com.oracle.svm.core.windows.WindowsPlatformThreads.osThreadStartRoutine(WindowsPlatformThreads.java:179)
2026.08.03 14:35:37 INFO  BSP server: Caused by: java.io.IOException: CreateProcess error=2, The system cannot find the file specified
2026.08.03 14:35:37 INFO  BSP server: 	at com.oracle.svm.core.jni.functions.JNIFunctions$NewObjectWithObjectArrayArgFunctionPointer.invoke(JNIFunctions.java)
2026.08.03 14:35:37 INFO  BSP server: 	at com.oracle.svm.core.jni.functions.JNIFunctions.ThrowNew(JNIFunctions.java:889)
2026.08.03 14:35:37 INFO  BSP server: 	at java.base@17.0.9/java.lang.ProcessImpl.create(Native Method)
2026.08.03 14:35:37 INFO  BSP server: 	at java.base@17.0.9/java.lang.ProcessImpl.<init>(ProcessImpl.java:499)
2026.08.03 14:35:37 INFO  BSP server: 	at java.base@17.0.9/java.lang.ProcessImpl.start(ProcessImpl.java:158)
2026.08.03 14:35:37 INFO  BSP server: 	at java.base@17.0.9/java.lang.ProcessBuilder.start(ProcessBuilder.java:1110)
2026.08.03 14:35:37 INFO  BSP server: 	... 6 more
2026.08.03 14:36:37 ERROR Timeout waiting for 'build/initialize' response
2026.08.03 14:36:37 WARN  Retrying connection to the build server scala-cli
2026.08.03 14:36:37 INFO  Running BSP server List(C:\Users\rahul\AppData\Local\Coursier\data\bin\.scala-cli.aux.exe, bsp, --json-options, C:\Users\rahul\OneDrive\Documents\GitHub\My_Python-codes\.scala-build\ide-options-v2.json, --json-launcher-options, C:\Users\rahul\OneDrive\Documents\GitHub\My_Python-codes\.scala-build\ide-launcher-options.json, --envs-file, C:\Users\rahul\OneDrive\Documents\GitHub\My_Python-codes\.scala-build\ide-envs.json, C:\Users\rahul\OneDrive\Documents\GitHub\My_Python-codes)
2026.08.03 14:36:37 INFO  Tracing is disabled for protocol BSP. To enable tracing of incoming and outgoing JSON messages, create an empty file at C:\Users\rahul\Github\My_Python-codes\.metals\bsp.trace.json or C:\Users\rahul\AppData\Local\scalameta\metals\cache\bsp.trace.json
2026.08.03 14:36:37 INFO  BSP server: Exception in thread "subprocess-shutdown-hook-monitor" java.io.IOException: Cannot run program "C:\Program Files\Java\jdk-25\bin\java.exe" (in directory "C:\Users\rahul\OneDrive\Documents\GitHub\My_Python-codes"): CreateProcess error=2, The system cannot find the file specified
2026.08.03 14:36:37 INFO  BSP server: 	at java.base@17.0.9/java.lang.ProcessBuilder.start(ProcessBuilder.java:1143)
2026.08.03 14:36:37 INFO  BSP server: 	at java.base@17.0.9/java.lang.ProcessBuilder.start(ProcessBuilder.java:1073)
2026.08.03 14:36:37 INFO  BSP server: 	at os.proc.proc$lzyINIT1$1(ProcessOps.scala:345)
2026.08.03 14:36:37 INFO  BSP server: 	at os.proc.os$proc$$_$proc$1(ProcessOps.scala:351)
2026.08.03 14:36:37 INFO  BSP server: 	at os.proc$$anon$2.run(ProcessOps.scala:335)
2026.08.03 14:36:37 INFO  BSP server: 	at com.oracle.svm.core.thread.PlatformThreads.threadStartRoutine(PlatformThreads.java:807)
2026.08.03 14:36:37 INFO  BSP server: 	at com.oracle.svm.core.windows.WindowsPlatformThreads.osThreadStartRoutine(WindowsPlatformThreads.java:179)
2026.08.03 14:36:37 INFO  BSP server: Caused by: java.io.IOException: CreateProcess error=2, The system cannot find the file specified
2026.08.03 14:36:37 INFO  BSP server: 	at com.oracle.svm.core.jni.functions.JNIFunctions$NewObjectWithObjectArrayArgFunctionPointer.invoke(JNIFunctions.java)
2026.08.03 14:36:37 INFO  BSP server: 	at com.oracle.svm.core.jni.functions.JNIFunctions.ThrowNew(JNIFunctions.java:889)
2026.08.03 14:36:37 INFO  BSP server: 	at java.base@17.0.9/java.lang.ProcessImpl.create(Native Method)
2026.08.03 14:36:37 INFO  BSP server: 	at java.base@17.0.9/java.lang.ProcessImpl.<init>(ProcessImpl.java:499)
2026.08.03 14:36:37 INFO  BSP server: 	at java.base@17.0.9/java.lang.ProcessImpl.start(ProcessImpl.java:158)
2026.08.03 14:36:37 INFO  BSP server: 	at java.base@17.0.9/java.lang.ProcessBuilder.start(ProcessBuilder.java:1110)
2026.08.03 14:36:37 INFO  BSP server: 	... 6 more
2026.08.03 14:36:37 INFO  BSP server: Error: java.io.IOException: Cannot run program "C:\Program Files\Java\jdk-25\bin\java.exe" (in directory "C:\Users\rahul\OneDrive\Documents\GitHub\My_Python-codes"): CreateProcess error=2, The system cannot find the file specified
2026.08.03 14:36:37 INFO  BSP server: For more details, please see 'C:\Users\rahul\OneDrive\Documents\GitHub\My_Python-codes\.scala-build\stacktraces\1785747997-2283939842208556.log'
2026.08.03 14:36:37 INFO  BSP server: Exception in thread "subprocess-shutdown-hook" java.io.IOException: Cannot run program "C:\Program Files\Java\jdk-25\bin\java.exe" (in directory "C:\Users\rahul\OneDrive\Documents\GitHub\My_Python-codes"): CreateProcess error=2, The system cannot find the file specified
2026.08.03 14:36:37 INFO  BSP server: 	at java.base@17.0.9/java.lang.ProcessBuilder.start(ProcessBuilder.java:1143)
2026.08.03 14:36:37 INFO  BSP server: 	at java.base@17.0.9/java.lang.ProcessBuilder.start(ProcessBuilder.java:1073)
2026.08.03 14:36:37 INFO  BSP server: 	at os.proc.proc$lzyINIT1$1(ProcessOps.scala:345)
2026.08.03 14:36:37 INFO  BSP server: 	at os.proc.os$proc$$_$proc$1(ProcessOps.scala:351)
2026.08.03 14:36:37 INFO  BSP server: 	at os.proc$$anon$1.run(ProcessOps.scala:329)
2026.08.03 14:36:37 INFO  BSP server: 	at com.oracle.svm.core.thread.PlatformThreads.threadStartRoutine(PlatformThreads.java:807)
2026.08.03 14:36:37 INFO  BSP server: 	at com.oracle.svm.core.windows.WindowsPlatformThreads.osThreadStartRoutine(WindowsPlatformThreads.java:179)
2026.08.03 14:36:37 INFO  BSP server: Caused by: java.io.IOException: CreateProcess error=2, The system cannot find the file specified
2026.08.03 14:36:37 INFO  BSP server: 	at com.oracle.svm.core.jni.functions.JNIFunctions$NewObjectWithObjectArrayArgFunctionPointer.invoke(JNIFunctions.java)
2026.08.03 14:36:37 INFO  BSP server: 	at com.oracle.svm.core.jni.functions.JNIFunctions.ThrowNew(JNIFunctions.java:889)
2026.08.03 14:36:37 INFO  BSP server: 	at java.base@17.0.9/java.lang.ProcessImpl.create(Native Method)
2026.08.03 14:36:37 INFO  BSP server: 	at java.base@17.0.9/java.lang.ProcessImpl.<init>(ProcessImpl.java:499)
2026.08.03 14:36:37 INFO  BSP server: 	at java.base@17.0.9/java.lang.ProcessImpl.start(ProcessImpl.java:158)
2026.08.03 14:36:37 INFO  BSP server: 	at java.base@17.0.9/java.lang.ProcessBuilder.start(ProcessBuilder.java:1110)
2026.08.03 14:36:37 INFO  BSP server: 	... 6 more
2026.08.03 14:37:37 ERROR Timeout waiting for 'build/initialize' response
2026.08.03 14:37:37 WARN  Retrying connection to the build server scala-cli
2026.08.03 14:37:37 INFO  Running BSP server List(C:\Users\rahul\AppData\Local\Coursier\data\bin\.scala-cli.aux.exe, bsp, --json-options, C:\Users\rahul\OneDrive\Documents\GitHub\My_Python-codes\.scala-build\ide-options-v2.json, --json-launcher-options, C:\Users\rahul\OneDrive\Documents\GitHub\My_Python-codes\.scala-build\ide-launcher-options.json, --envs-file, C:\Users\rahul\OneDrive\Documents\GitHub\My_Python-codes\.scala-build\ide-envs.json, C:\Users\rahul\OneDrive\Documents\GitHub\My_Python-codes)
2026.08.03 14:37:37 INFO  Tracing is disabled for protocol BSP. To enable tracing of incoming and outgoing JSON messages, create an empty file at C:\Users\rahul\Github\My_Python-codes\.metals\bsp.trace.json or C:\Users\rahul\AppData\Local\scalameta\metals\cache\bsp.trace.json
2026.08.03 14:37:37 INFO  BSP server: Exception in thread "subprocess-shutdown-hook-monitor" java.io.IOException: Cannot run program "C:\Program Files\Java\jdk-25\bin\java.exe" (in directory "C:\Users\rahul\OneDrive\Documents\GitHub\My_Python-codes"): CreateProcess error=2, The system cannot find the file specified
2026.08.03 14:37:37 INFO  BSP server: 	at java.base@17.0.9/java.lang.ProcessBuilder.start(ProcessBuilder.java:1143)
2026.08.03 14:37:37 INFO  BSP server: 	at java.base@17.0.9/java.lang.ProcessBuilder.start(ProcessBuilder.java:1073)
2026.08.03 14:37:37 INFO  BSP server: 	at os.proc.proc$lzyINIT1$1(ProcessOps.scala:345)
2026.08.03 14:37:37 INFO  BSP server: 	at os.proc.os$proc$$_$proc$1(ProcessOps.scala:351)
2026.08.03 14:37:37 INFO  BSP server: 	at os.proc$$anon$2.run(ProcessOps.scala:335)
2026.08.03 14:37:37 INFO  BSP server: 	at com.oracle.svm.core.thread.PlatformThreads.threadStartRoutine(PlatformThreads.java:807)
2026.08.03 14:37:37 INFO  BSP server: 	at com.oracle.svm.core.windows.WindowsPlatformThreads.osThreadStartRoutine(WindowsPlatformThreads.java:179)
2026.08.03 14:37:37 INFO  BSP server: Caused by: java.io.IOException: CreateProcess error=2, The system cannot find the file specified
2026.08.03 14:37:37 INFO  BSP server: 	at com.oracle.svm.core.jni.functions.JNIFunctions$NewObjectWithObjectArrayArgFunctionPointer.invoke(JNIFunctions.java)
2026.08.03 14:37:37 INFO  BSP server: 	at com.oracle.svm.core.jni.functions.JNIFunctions.ThrowNew(JNIFunctions.java:889)
2026.08.03 14:37:37 INFO  BSP server: 	at java.base@17.0.9/java.lang.ProcessImpl.create(Native Method)
2026.08.03 14:37:37 INFO  BSP server: 	at java.base@17.0.9/java.lang.ProcessImpl.<init>(ProcessImpl.java:499)
2026.08.03 14:37:37 INFO  BSP server: 	at java.base@17.0.9/java.lang.ProcessImpl.start(ProcessImpl.java:158)
2026.08.03 14:37:37 INFO  BSP server: 	at java.base@17.0.9/java.lang.ProcessBuilder.start(ProcessBuilder.java:1110)
2026.08.03 14:37:37 INFO  BSP server: 	... 6 more
2026.08.03 14:37:37 INFO  BSP server: Error: java.io.IOException: Cannot run program "C:\Program Files\Java\jdk-25\bin\java.exe" (in directory "C:\Users\rahul\OneDrive\Documents\GitHub\My_Python-codes"): CreateProcess error=2, The system cannot find the file specified
2026.08.03 14:37:37 INFO  BSP server: For more details, please see 'C:\Users\rahul\OneDrive\Documents\GitHub\My_Python-codes\.scala-build\stacktraces\1785748057-17967207448940315845.log'
2026.08.03 14:37:37 INFO  BSP server: Exception in thread "subprocess-shutdown-hook" java.io.IOException: Cannot run program "C:\Program Files\Java\jdk-25\bin\java.exe" (in directory "C:\Users\rahul\OneDrive\Documents\GitHub\My_Python-codes"): CreateProcess error=2, The system cannot find the file specified
2026.08.03 14:37:37 INFO  BSP server: 	at java.base@17.0.9/java.lang.ProcessBuilder.start(ProcessBuilder.java:1143)
2026.08.03 14:37:37 INFO  BSP server: 	at java.base@17.0.9/java.lang.ProcessBuilder.start(ProcessBuilder.java:1073)
2026.08.03 14:37:37 INFO  BSP server: 	at os.proc.proc$lzyINIT1$1(ProcessOps.scala:345)
2026.08.03 14:37:37 INFO  BSP server: 	at os.proc.os$proc$$_$proc$1(ProcessOps.scala:351)
2026.08.03 14:37:37 INFO  BSP server: 	at os.proc$$anon$1.run(ProcessOps.scala:329)
2026.08.03 14:37:37 INFO  BSP server: 	at com.oracle.svm.core.thread.PlatformThreads.threadStartRoutine(PlatformThreads.java:807)
2026.08.03 14:37:37 INFO  BSP server: 	at com.oracle.svm.core.windows.WindowsPlatformThreads.osThreadStartRoutine(WindowsPlatformThreads.java:179)
2026.08.03 14:37:37 INFO  BSP server: Caused by: java.io.IOException: CreateProcess error=2, The system cannot find the file specified
2026.08.03 14:37:37 INFO  BSP server: 	at com.oracle.svm.core.jni.functions.JNIFunctions$NewObjectWithObjectArrayArgFunctionPointer.invoke(JNIFunctions.java)
2026.08.03 14:37:37 INFO  BSP server: 	at com.oracle.svm.core.jni.functions.JNIFunctions.ThrowNew(JNIFunctions.java:889)
2026.08.03 14:37:37 INFO  BSP server: 	at java.base@17.0.9/java.lang.ProcessImpl.create(Native Method)
2026.08.03 14:37:37 INFO  BSP server: 	at java.base@17.0.9/java.lang.ProcessImpl.<init>(ProcessImpl.java:499)
2026.08.03 14:37:37 INFO  BSP server: 	at java.base@17.0.9/java.lang.ProcessImpl.start(ProcessImpl.java:158)
2026.08.03 14:37:37 INFO  BSP server: 	at java.base@17.0.9/java.lang.ProcessBuilder.start(ProcessBuilder.java:1110)
2026.08.03 14:37:37 INFO  BSP server: 	... 6 more
2026.08.03 14:38:37 ERROR Timeout waiting for 'build/initialize' response
2026.08.03 14:38:37 WARN  Retrying connection to the build server scala-cli
2026.08.03 14:38:37 INFO  Running BSP server List(C:\Users\rahul\AppData\Local\Coursier\data\bin\.scala-cli.aux.exe, bsp, --json-options, C:\Users\rahul\OneDrive\Documents\GitHub\My_Python-codes\.scala-build\ide-options-v2.json, --json-launcher-options, C:\Users\rahul\OneDrive\Documents\GitHub\My_Python-codes\.scala-build\ide-launcher-options.json, --envs-file, C:\Users\rahul\OneDrive\Documents\GitHub\My_Python-codes\.scala-build\ide-envs.json, C:\Users\rahul\OneDrive\Documents\GitHub\My_Python-codes)
2026.08.03 14:38:37 INFO  Tracing is disabled for protocol BSP. To enable tracing of incoming and outgoing JSON messages, create an empty file at C:\Users\rahul\Github\My_Python-codes\.metals\bsp.trace.json or C:\Users\rahul\AppData\Local\scalameta\metals\cache\bsp.trace.json
2026.08.03 14:38:37 INFO  BSP server: Exception in thread "subprocess-shutdown-hook-monitor" java.io.IOException: Cannot run program "C:\Program Files\Java\jdk-25\bin\java.exe" (in directory "C:\Users\rahul\OneDrive\Documents\GitHub\My_Python-codes"): CreateProcess error=2, The system cannot find the file specified
2026.08.03 14:38:37 INFO  BSP server: 	at java.base@17.0.9/java.lang.ProcessBuilder.start(ProcessBuilder.java:1143)
2026.08.03 14:38:37 INFO  BSP server: 	at java.base@17.0.9/java.lang.ProcessBuilder.start(ProcessBuilder.java:1073)
2026.08.03 14:38:37 INFO  BSP server: 	at os.proc.proc$lzyINIT1$1(ProcessOps.scala:345)
2026.08.03 14:38:37 INFO  BSP server: 	at os.proc.os$proc$$_$proc$1(ProcessOps.scala:351)
2026.08.03 14:38:37 INFO  BSP server: 	at os.proc$$anon$2.run(ProcessOps.scala:335)
2026.08.03 14:38:37 INFO  BSP server: 	at com.oracle.svm.core.thread.PlatformThreads.threadStartRoutine(PlatformThreads.java:807)
2026.08.03 14:38:37 INFO  BSP server: 	at com.oracle.svm.core.windows.WindowsPlatformThreads.osThreadStartRoutine(WindowsPlatformThreads.java:179)
2026.08.03 14:38:37 INFO  BSP server: Caused by: java.io.IOException: CreateProcess error=2, The system cannot find the file specified
2026.08.03 14:38:37 INFO  BSP server: 	at com.oracle.svm.core.jni.functions.JNIFunctions$NewObjectWithObjectArrayArgFunctionPointer.invoke(JNIFunctions.java)
2026.08.03 14:38:37 INFO  BSP server: 	at com.oracle.svm.core.jni.functions.JNIFunctions.ThrowNew(JNIFunctions.java:889)
2026.08.03 14:38:37 INFO  BSP server: 	at java.base@17.0.9/java.lang.ProcessImpl.create(Native Method)
2026.08.03 14:38:37 INFO  BSP server: 	at java.base@17.0.9/java.lang.ProcessImpl.<init>(ProcessImpl.java:499)
2026.08.03 14:38:37 INFO  BSP server: 	at java.base@17.0.9/java.lang.ProcessImpl.start(ProcessImpl.java:158)
2026.08.03 14:38:37 INFO  BSP server: 	at java.base@17.0.9/java.lang.ProcessBuilder.start(ProcessBuilder.java:1110)
2026.08.03 14:38:37 INFO  BSP server: 	... 6 more
2026.08.03 14:38:37 INFO  BSP server: Error: java.io.IOException: Cannot run program "C:\Program Files\Java\jdk-25\bin\java.exe" (in directory "C:\Users\rahul\OneDrive\Documents\GitHub\My_Python-codes"): CreateProcess error=2, The system cannot find the file specified
2026.08.03 14:38:37 INFO  BSP server: For more details, please see 'C:\Users\rahul\OneDrive\Documents\GitHub\My_Python-codes\.scala-build\stacktraces\1785748117-1772548242274834945.log'
2026.08.03 14:38:37 INFO  BSP server: Exception in thread "subprocess-shutdown-hook" java.io.IOException: Cannot run program "C:\Program Files\Java\jdk-25\bin\java.exe" (in directory "C:\Users\rahul\OneDrive\Documents\GitHub\My_Python-codes"): CreateProcess error=2, The system cannot find the file specified
2026.08.03 14:38:37 INFO  BSP server: 	at java.base@17.0.9/java.lang.ProcessBuilder.start(ProcessBuilder.java:1143)
2026.08.03 14:38:37 INFO  BSP server: 	at java.base@17.0.9/java.lang.ProcessBuilder.start(ProcessBuilder.java:1073)
2026.08.03 14:38:37 INFO  BSP server: 	at os.proc.proc$lzyINIT1$1(ProcessOps.scala:345)
2026.08.03 14:38:37 INFO  BSP server: 	at os.proc.os$proc$$_$proc$1(ProcessOps.scala:351)
2026.08.03 14:38:37 INFO  BSP server: 	at os.proc$$anon$1.run(ProcessOps.scala:329)
2026.08.03 14:38:37 INFO  BSP server: 	at com.oracle.svm.core.thread.PlatformThreads.threadStartRoutine(PlatformThreads.java:807)
2026.08.03 14:38:37 INFO  BSP server: 	at com.oracle.svm.core.windows.WindowsPlatformThreads.osThreadStartRoutine(WindowsPlatformThreads.java:179)
2026.08.03 14:38:37 INFO  BSP server: Caused by: java.io.IOException: CreateProcess error=2, The system cannot find the file specified
2026.08.03 14:38:37 INFO  BSP server: 	at com.oracle.svm.core.jni.functions.JNIFunctions$NewObjectWithObjectArrayArgFunctionPointer.invoke(JNIFunctions.java)
2026.08.03 14:38:37 INFO  BSP server: 	at com.oracle.svm.core.jni.functions.JNIFunctions.ThrowNew(JNIFunctions.java:889)
2026.08.03 14:38:37 INFO  BSP server: 	at java.base@17.0.9/java.lang.ProcessImpl.create(Native Method)
2026.08.03 14:38:37 INFO  BSP server: 	at java.base@17.0.9/java.lang.ProcessImpl.<init>(ProcessImpl.java:499)
2026.08.03 14:38:37 INFO  BSP server: 	at java.base@17.0.9/java.lang.ProcessImpl.start(ProcessImpl.java:158)
2026.08.03 14:38:37 INFO  BSP server: 	at java.base@17.0.9/java.lang.ProcessBuilder.start(ProcessBuilder.java:1110)
2026.08.03 14:38:37 INFO  BSP server: 	... 6 more
2026.08.03 14:39:37 ERROR Timeout waiting for 'build/initialize' response
2026.08.03 14:39:37 WARN  Retrying connection to the build server scala-cli
2026.08.03 14:39:37 INFO  Running BSP server List(C:\Users\rahul\AppData\Local\Coursier\data\bin\.scala-cli.aux.exe, bsp, --json-options, C:\Users\rahul\OneDrive\Documents\GitHub\My_Python-codes\.scala-build\ide-options-v2.json, --json-launcher-options, C:\Users\rahul\OneDrive\Documents\GitHub\My_Python-codes\.scala-build\ide-launcher-options.json, --envs-file, C:\Users\rahul\OneDrive\Documents\GitHub\My_Python-codes\.scala-build\ide-envs.json, C:\Users\rahul\OneDrive\Documents\GitHub\My_Python-codes)
2026.08.03 14:39:37 INFO  Tracing is disabled for protocol BSP. To enable tracing of incoming and outgoing JSON messages, create an empty file at C:\Users\rahul\Github\My_Python-codes\.metals\bsp.trace.json or C:\Users\rahul\AppData\Local\scalameta\metals\cache\bsp.trace.json
2026.08.03 14:39:37 INFO  BSP server: Exception in thread "subprocess-shutdown-hook-monitor" java.io.IOException: Cannot run program "C:\Program Files\Java\jdk-25\bin\java.exe" (in directory "C:\Users\rahul\OneDrive\Documents\GitHub\My_Python-codes"): CreateProcess error=2, The system cannot find the file specified
2026.08.03 14:39:37 INFO  BSP server: 	at java.base@17.0.9/java.lang.ProcessBuilder.start(ProcessBuilder.java:1143)
2026.08.03 14:39:37 INFO  BSP server: 	at java.base@17.0.9/java.lang.ProcessBuilder.start(ProcessBuilder.java:1073)
2026.08.03 14:39:37 INFO  BSP server: 	at os.proc.proc$lzyINIT1$1(ProcessOps.scala:345)
2026.08.03 14:39:37 INFO  BSP server: 	at os.proc.os$proc$$_$proc$1(ProcessOps.scala:351)
2026.08.03 14:39:37 INFO  BSP server: 	at os.proc$$anon$2.run(ProcessOps.scala:335)
2026.08.03 14:39:37 INFO  BSP server: 	at com.oracle.svm.core.thread.PlatformThreads.threadStartRoutine(PlatformThreads.java:807)
2026.08.03 14:39:37 INFO  BSP server: 	at com.oracle.svm.core.windows.WindowsPlatformThreads.osThreadStartRoutine(WindowsPlatformThreads.java:179)
2026.08.03 14:39:37 INFO  BSP server: Caused by: java.io.IOException: CreateProcess error=2, The system cannot find the file specified
2026.08.03 14:39:37 INFO  BSP server: 	at com.oracle.svm.core.jni.functions.JNIFunctions$NewObjectWithObjectArrayArgFunctionPointer.invoke(JNIFunctions.java)
2026.08.03 14:39:37 INFO  BSP server: 	at com.oracle.svm.core.jni.functions.JNIFunctions.ThrowNew(JNIFunctions.java:889)
2026.08.03 14:39:37 INFO  BSP server: 	at java.base@17.0.9/java.lang.ProcessImpl.create(Native Method)
2026.08.03 14:39:37 INFO  BSP server: 	at java.base@17.0.9/java.lang.ProcessImpl.<init>(ProcessImpl.java:499)
2026.08.03 14:39:37 INFO  BSP server: 	at java.base@17.0.9/java.lang.ProcessImpl.start(ProcessImpl.java:158)
2026.08.03 14:39:37 INFO  BSP server: 	at java.base@17.0.9/java.lang.ProcessBuilder.start(ProcessBuilder.java:1110)
2026.08.03 14:39:37 INFO  BSP server: 	... 6 more
2026.08.03 14:39:37 INFO  BSP server: Error: java.io.IOException: Cannot run program "C:\Program Files\Java\jdk-25\bin\java.exe" (in directory "C:\Users\rahul\OneDrive\Documents\GitHub\My_Python-codes"): CreateProcess error=2, The system cannot find the file specified
2026.08.03 14:39:37 INFO  BSP server: For more details, please see 'C:\Users\rahul\OneDrive\Documents\GitHub\My_Python-codes\.scala-build\stacktraces\1785748177-651516425611064285.log'
2026.08.03 14:39:37 INFO  BSP server: Exception in thread "subprocess-shutdown-hook" java.io.IOException: Cannot run program "C:\Program Files\Java\jdk-25\bin\java.exe" (in directory "C:\Users\rahul\OneDrive\Documents\GitHub\My_Python-codes"): CreateProcess error=2, The system cannot find the file specified
2026.08.03 14:39:37 INFO  BSP server: 	at java.base@17.0.9/java.lang.ProcessBuilder.start(ProcessBuilder.java:1143)
2026.08.03 14:39:37 INFO  BSP server: 	at java.base@17.0.9/java.lang.ProcessBuilder.start(ProcessBuilder.java:1073)
2026.08.03 14:39:37 INFO  BSP server: 	at os.proc.proc$lzyINIT1$1(ProcessOps.scala:345)
2026.08.03 14:39:37 INFO  BSP server: 	at os.proc.os$proc$$_$proc$1(ProcessOps.scala:351)
2026.08.03 14:39:37 INFO  BSP server: 	at os.proc$$anon$1.run(ProcessOps.scala:329)
2026.08.03 14:39:37 INFO  BSP server: 	at com.oracle.svm.core.thread.PlatformThreads.threadStartRoutine(PlatformThreads.java:807)
2026.08.03 14:39:37 INFO  BSP server: 	at com.oracle.svm.core.windows.WindowsPlatformThreads.osThreadStartRoutine(WindowsPlatformThreads.java:179)
2026.08.03 14:39:37 INFO  BSP server: Caused by: java.io.IOException: CreateProcess error=2, The system cannot find the file specified
2026.08.03 14:39:37 INFO  BSP server: 	at com.oracle.svm.core.jni.functions.JNIFunctions$NewObjectWithObjectArrayArgFunctionPointer.invoke(JNIFunctions.java)
2026.08.03 14:39:37 INFO  BSP server: 	at com.oracle.svm.core.jni.functions.JNIFunctions.ThrowNew(JNIFunctions.java:889)
2026.08.03 14:39:37 INFO  BSP server: 	at java.base@17.0.9/java.lang.ProcessImpl.create(Native Method)
2026.08.03 14:39:37 INFO  BSP server: 	at java.base@17.0.9/java.lang.ProcessImpl.<init>(ProcessImpl.java:499)
2026.08.03 14:39:37 INFO  BSP server: 	at java.base@17.0.9/java.lang.ProcessImpl.start(ProcessImpl.java:158)
2026.08.03 14:39:37 INFO  BSP server: 	at java.base@17.0.9/java.lang.ProcessBuilder.start(ProcessBuilder.java:1110)
2026.08.03 14:39:37 INFO  BSP server: 	... 6 more
2026.08.03 14:40:37 ERROR Timeout waiting for 'build/initialize' response
2026.08.03 14:40:37 WARN  Retrying connection to the build server scala-cli
2026.08.03 14:40:37 INFO  Running BSP server List(C:\Users\rahul\AppData\Local\Coursier\data\bin\.scala-cli.aux.exe, bsp, --json-options, C:\Users\rahul\OneDrive\Documents\GitHub\My_Python-codes\.scala-build\ide-options-v2.json, --json-launcher-options, C:\Users\rahul\OneDrive\Documents\GitHub\My_Python-codes\.scala-build\ide-launcher-options.json, --envs-file, C:\Users\rahul\OneDrive\Documents\GitHub\My_Python-codes\.scala-build\ide-envs.json, C:\Users\rahul\OneDrive\Documents\GitHub\My_Python-codes)
2026.08.03 14:40:37 INFO  Tracing is disabled for protocol BSP. To enable tracing of incoming and outgoing JSON messages, create an empty file at C:\Users\rahul\Github\My_Python-codes\.metals\bsp.trace.json or C:\Users\rahul\AppData\Local\scalameta\metals\cache\bsp.trace.json
2026.08.03 14:40:37 INFO  BSP server: Exception in thread "subprocess-shutdown-hook-monitor" java.io.IOException: Cannot run program "C:\Program Files\Java\jdk-25\bin\java.exe" (in directory "C:\Users\rahul\OneDrive\Documents\GitHub\My_Python-codes"): CreateProcess error=2, The system cannot find the file specified
2026.08.03 14:40:37 INFO  BSP server: 	at java.base@17.0.9/java.lang.ProcessBuilder.start(ProcessBuilder.java:1143)
2026.08.03 14:40:37 INFO  BSP server: 	at java.base@17.0.9/java.lang.ProcessBuilder.start(ProcessBuilder.java:1073)
2026.08.03 14:40:37 INFO  BSP server: 	at os.proc.proc$lzyINIT1$1(ProcessOps.scala:345)
2026.08.03 14:40:37 INFO  BSP server: 	at os.proc.os$proc$$_$proc$1(ProcessOps.scala:351)
2026.08.03 14:40:37 INFO  BSP server: 	at os.proc$$anon$2.run(ProcessOps.scala:335)
2026.08.03 14:40:37 INFO  BSP server: 	at com.oracle.svm.core.thread.PlatformThreads.threadStartRoutine(PlatformThreads.java:807)
2026.08.03 14:40:37 INFO  BSP server: 	at com.oracle.svm.core.windows.WindowsPlatformThreads.osThreadStartRoutine(WindowsPlatformThreads.java:179)
2026.08.03 14:40:37 INFO  BSP server: Caused by: java.io.IOException: CreateProcess error=2, The system cannot find the file specified
2026.08.03 14:40:37 INFO  BSP server: 	at com.oracle.svm.core.jni.functions.JNIFunctions$NewObjectWithObjectArrayArgFunctionPointer.invoke(JNIFunctions.java)
2026.08.03 14:40:37 INFO  BSP server: 	at com.oracle.svm.core.jni.functions.JNIFunctions.ThrowNew(JNIFunctions.java:889)
2026.08.03 14:40:37 INFO  BSP server: 	at java.base@17.0.9/java.lang.ProcessImpl.create(Native Method)
2026.08.03 14:40:37 INFO  BSP server: 	at java.base@17.0.9/java.lang.ProcessImpl.<init>(ProcessImpl.java:499)
2026.08.03 14:40:37 INFO  BSP server: 	at java.base@17.0.9/java.lang.ProcessImpl.start(ProcessImpl.java:158)
2026.08.03 14:40:37 INFO  BSP server: 	at java.base@17.0.9/java.lang.ProcessBuilder.start(ProcessBuilder.java:1110)
2026.08.03 14:40:37 INFO  BSP server: 	... 6 more
2026.08.03 14:40:37 INFO  BSP server: Error: java.io.IOException: Cannot run program "C:\Program Files\Java\jdk-25\bin\java.exe" (in directory "C:\Users\rahul\OneDrive\Documents\GitHub\My_Python-codes"): CreateProcess error=2, The system cannot find the file specified
2026.08.03 14:40:37 INFO  BSP server: For more details, please see 'C:\Users\rahul\OneDrive\Documents\GitHub\My_Python-codes\.scala-build\stacktraces\1785748237-17316934660782094042.log'
2026.08.03 14:40:37 INFO  BSP server: Exception in thread "subprocess-shutdown-hook" java.io.IOException: Cannot run program "C:\Program Files\Java\jdk-25\bin\java.exe" (in directory "C:\Users\rahul\OneDrive\Documents\GitHub\My_Python-codes"): CreateProcess error=2, The system cannot find the file specified
2026.08.03 14:40:37 INFO  BSP server: 	at java.base@17.0.9/java.lang.ProcessBuilder.start(ProcessBuilder.java:1143)
2026.08.03 14:40:37 INFO  BSP server: 	at java.base@17.0.9/java.lang.ProcessBuilder.start(ProcessBuilder.java:1073)
2026.08.03 14:40:37 INFO  BSP server: 	at os.proc.proc$lzyINIT1$1(ProcessOps.scala:345)
2026.08.03 14:40:37 INFO  BSP server: 	at os.proc.os$proc$$_$proc$1(ProcessOps.scala:351)
2026.08.03 14:40:37 INFO  BSP server: 	at os.proc$$anon$1.run(ProcessOps.scala:329)
2026.08.03 14:40:37 INFO  BSP server: 	at com.oracle.svm.core.thread.PlatformThreads.threadStartRoutine(PlatformThreads.java:807)
2026.08.03 14:40:37 INFO  BSP server: 	at com.oracle.svm.core.windows.WindowsPlatformThreads.osThreadStartRoutine(WindowsPlatformThreads.java:179)
2026.08.03 14:40:37 INFO  BSP server: Caused by: java.io.IOException: CreateProcess error=2, The system cannot find the file specified
2026.08.03 14:40:37 INFO  BSP server: 	at com.oracle.svm.core.jni.functions.JNIFunctions$NewObjectWithObjectArrayArgFunctionPointer.invoke(JNIFunctions.java)
2026.08.03 14:40:37 INFO  BSP server: 	at com.oracle.svm.core.jni.functions.JNIFunctions.ThrowNew(JNIFunctions.java:889)
2026.08.03 14:40:37 INFO  BSP server: 	at java.base@17.0.9/java.lang.ProcessImpl.create(Native Method)
2026.08.03 14:40:37 INFO  BSP server: 	at java.base@17.0.9/java.lang.ProcessImpl.<init>(ProcessImpl.java:499)
2026.08.03 14:40:37 INFO  BSP server: 	at java.base@17.0.9/java.lang.ProcessImpl.start(ProcessImpl.java:158)
2026.08.03 14:40:37 INFO  BSP server: 	at java.base@17.0.9/java.lang.ProcessBuilder.start(ProcessBuilder.java:1110)
2026.08.03 14:40:37 INFO  BSP server: 	... 6 more
2026.08.03 14:41:37 ERROR Timeout waiting for 'build/initialize' response
2026.08.03 14:41:37 ERROR Failed to connect with build server, no functionality will work.
java.util.concurrent.TimeoutException
	at java.util.concurrent.CompletableFuture.timedGet(CompletableFuture.java:1960)
	at java.util.concurrent.CompletableFuture.get(CompletableFuture.java:2095)
	at scala.meta.internal.metals.BuildServerConnection$.initialize(BuildServerConnection.scala:806)
	at scala.meta.internal.metals.BuildServerConnection$.$anonfun$fromSockets$1(BuildServerConnection.scala:658)
	at scala.concurrent.impl.Promise$Transformation.run(Promise.scala:500)
	at java.util.concurrent.ThreadPoolExecutor.runWorker(ThreadPoolExecutor.java:1136)
	at java.util.concurrent.ThreadPoolExecutor$Worker.run(ThreadPoolExecutor.java:635)
	at java.lang.Thread.run(Thread.java:842)

2026.08.03 14:41:37 WARN  no build target for: C:\Users\rahul\Github\My_Python-codes\Scala codes\input.scala
2026.08.03 14:41:37 WARN  no build target for: C:\Users\rahul\Github\My_Python-codes\Scala codes\new.scala
2026.08.03 14:41:37 INFO  no build target found for C:\Users\rahul\Github\My_Python-codes\Scala codes\new.scala. Using presentation compiler with project's scala-library version: 3.3.8
Aug 03, 2026 2:41:55 PM org.eclipse.lsp4j.jsonrpc.services.GenericEndpoint notify
INFO: Unsupported notification method: $/setTrace
Aug 03, 2026 2:41:56 PM org.eclipse.lsp4j.jsonrpc.services.GenericEndpoint notify
INFO: Unsupported notification method: $/setTrace
2026.08.03 14:43:50 INFO  no build target found for C:\Users\rahul\Github\My_Python-codes\Scala codes\input.scala. Using presentation compiler with project's scala-library version: 3.3.8
Aug 03, 2026 2:43:55 PM org.eclipse.lsp4j.jsonrpc.services.GenericEndpoint notify
INFO: Unsupported notification method: $/setTrace
2026.08.05 11:07:01 INFO  no build target found for C:\Users\rahul\Github\My_Python-codes\Scala codes\Loops.scala. Using presentation compiler with project's scala-library version: 3.3.8
2026.08.05 11:07:01 WARN  no build target for: C:\Users\rahul\Github\My_Python-codes\Scala codes\Loops.scala
2026.08.05 11:07:01 INFO  no build target found for C:\Users\rahul\Github\My_Python-codes\Scala codes\Loops.scala. Using presentation compiler with project's scala-library version: 3.3.8
Aug 05, 2026 11:07:02 AM org.eclipse.lsp4j.jsonrpc.RemoteEndpoint handleCancellation
WARNING: Unmatched cancel notification for request id 4
2026.08.05 11:07:02 INFO  no build target found for C:\Users\rahul\Github\My_Python-codes\Scala codes\Loops.scala. Using presentation compiler with project's scala-library version: 3.3.8
2026.08.05 11:07:04 INFO  time: code lens generation in 1.31s
Aug 05, 2026 11:07:04 AM org.eclipse.lsp4j.jsonrpc.RemoteEndpoint handleCancellation
WARNING: Unmatched cancel notification for request id 8
Aug 05, 2026 11:07:04 AM org.eclipse.lsp4j.jsonrpc.RemoteEndpoint handleCancellation
WARNING: Unmatched cancel notification for request id 7
Aug 05, 2026 11:07:04 AM org.eclipse.lsp4j.jsonrpc.RemoteEndpoint handleCancellation
WARNING: Unmatched cancel notification for request id 9
Aug 05, 2026 11:07:04 AM org.eclipse.lsp4j.jsonrpc.RemoteEndpoint handleCancellation
WARNING: Unmatched cancel notification for request id 6
Aug 05, 2026 11:07:04 AM org.eclipse.lsp4j.jsonrpc.RemoteEndpoint handleCancellation
WARNING: Unmatched cancel notification for request id 10
Aug 05, 2026 11:07:04 AM org.eclipse.lsp4j.jsonrpc.RemoteEndpoint handleCancellation
WARNING: Unmatched cancel notification for request id 5
2026.08.05 11:07:05 WARN  no build target for: C:\Users\rahul\Github\My_Python-codes\Scala codes\new.scala
2026.08.05 11:07:05 INFO  no build target found for C:\Users\rahul\Github\My_Python-codes\Scala codes\new.scala. Using presentation compiler with project's scala-library version: 3.3.8
2026.08.05 11:07:05 INFO  no build target found for C:\Users\rahul\Github\My_Python-codes\Scala codes\new.scala. Using presentation compiler with project's scala-library version: 3.3.8
2026.08.05 11:07:05 INFO  no build target found for C:\Users\rahul\Github\My_Python-codes\Scala codes\new.scala. Using presentation compiler with project's scala-library version: 3.3.8
Aug 05, 2026 11:07:05 AM org.eclipse.lsp4j.jsonrpc.RemoteEndpoint handleCancellation
WARNING: Unmatched cancel notification for request id 14
2026.08.05 11:07:05 INFO  no build target found for C:\Users\rahul\Github\My_Python-codes\Scala codes\new.scala. Using presentation compiler with project's scala-library version: 3.3.8
2026.08.05 11:07:06 INFO  no build target found for C:\Users\rahul\Github\My_Python-codes\Scala codes\new.scala. Using presentation compiler with project's scala-library version: 3.3.8
Aug 05, 2026 11:07:06 AM org.eclipse.lsp4j.jsonrpc.RemoteEndpoint handleCancellation
WARNING: Unmatched cancel notification for request id 19
2026.08.05 11:07:08 INFO  no build target found for C:\Users\rahul\Github\My_Python-codes\Scala codes\new.scala. Using presentation compiler with project's scala-library version: 3.3.8
2026.08.05 11:07:08 INFO  no build target found for C:\Users\rahul\Github\My_Python-codes\Scala codes\new.scala. Using presentation compiler with project's scala-library version: 3.3.8
2026.08.05 11:07:09 INFO  no build target found for C:\Users\rahul\Github\My_Python-codes\Scala codes\new.scala. Using presentation compiler with project's scala-library version: 3.3.8
2026.08.05 11:07:14 WARN  no build target for: C:\Users\rahul\Github\My_Python-codes\Scala codes\new.scala
2026.08.05 11:07:48 INFO  no build target found for C:\Users\rahul\Github\My_Python-codes\Scala codes\new.scala. Using presentation compiler with project's scala-library version: 3.3.8
2026.08.05 11:07:48 INFO  no build target found for C:\Users\rahul\Github\My_Python-codes\Scala codes\new.scala. Using presentation compiler with project's scala-library version: 3.3.8
2026.08.05 11:07:48 INFO  no build target found for C:\Users\rahul\Github\My_Python-codes\Scala codes\new.scala. Using presentation compiler with project's scala-library version: 3.3.8
2026.08.05 11:08:21 INFO  no build target found for C:\Users\rahul\Github\My_Python-codes\Scala codes\new.scala. Using presentation compiler with project's scala-library version: 3.3.8
2026.08.05 11:08:21 INFO  no build target found for C:\Users\rahul\Github\My_Python-codes\Scala codes\new.scala. Using presentation compiler with project's scala-library version: 3.3.8
2026.08.05 11:08:21 INFO  no build target found for C:\Users\rahul\Github\My_Python-codes\Scala codes\new.scala. Using presentation compiler with project's scala-library version: 3.3.8
2026.08.05 11:08:21 INFO  no build target found for C:\Users\rahul\Github\My_Python-codes\Scala codes\new.scala. Using presentation compiler with project's scala-library version: 3.3.8
2026.08.05 11:08:22 INFO  no build target found for C:\Users\rahul\Github\My_Python-codes\Scala codes\new.scala. Using presentation compiler with project's scala-library version: 3.3.8
2026.08.05 11:08:22 WARN  no build target for: C:\Users\rahul\Github\My_Python-codes\Scala codes\new.scala
2026.08.05 11:09:14 INFO  no build target found for C:\Users\rahul\Github\My_Python-codes\Scala codes\Functions.scala. Using presentation compiler with project's scala-library version: 3.3.8
2026.08.05 11:09:14 INFO  no build target found for C:\Users\rahul\Github\My_Python-codes\Scala codes\Functions.scala. Using presentation compiler with project's scala-library version: 3.3.8
2026.08.05 11:09:14 WARN  no build target for: C:\Users\rahul\Github\My_Python-codes\Scala codes\Functions.scala
Aug 05, 2026 11:09:14 AM org.eclipse.lsp4j.jsonrpc.RemoteEndpoint handleCancellation
WARNING: Unmatched cancel notification for request id 46
2026.08.05 11:09:14 INFO  no build target found for C:\Users\rahul\Github\My_Python-codes\Scala codes\Functions.scala. Using presentation compiler with project's scala-library version: 3.3.8
2026.08.05 11:09:15 INFO  no build target found for C:\Users\rahul\Github\My_Python-codes\Scala codes\Functions.scala. Using presentation compiler with project's scala-library version: 3.3.8
2026.08.05 11:09:15 INFO  no build target found for C:\Users\rahul\Github\My_Python-codes\Scala codes\Functions.scala. Using presentation compiler with project's scala-library version: 3.3.8
2026.08.05 11:09:16 WARN  no build target for: C:\Users\rahul\Github\My_Python-codes\Scala codes\Functions.scala
2026.08.05 11:10:01 INFO  no build target found for C:\Users\rahul\Github\My_Python-codes\Scala codes\Loops.scala. Using presentation compiler with project's scala-library version: 3.3.8
2026.08.05 11:10:32 INFO  no build target found for C:\Users\rahul\Github\My_Python-codes\Scala codes\Functions.scala. Using presentation compiler with project's scala-library version: 3.3.8
2026.08.05 11:11:16 WARN  no build target for: C:\Users\rahul\Github\My_Python-codes\Scala codes\new.scala
2026.08.05 11:11:16 INFO  no build target found for C:\Users\rahul\Github\My_Python-codes\Scala codes\new.scala. Using presentation compiler with project's scala-library version: 3.3.8
2026.08.05 11:11:18 INFO  no build target found for C:\Users\rahul\Github\My_Python-codes\Scala codes\new.scala. Using presentation compiler with project's scala-library version: 3.3.8
2026.08.05 11:11:18 INFO  no build target found for C:\Users\rahul\Github\My_Python-codes\Scala codes\new.scala. Using presentation compiler with project's scala-library version: 3.3.8
2026.08.05 11:11:18 INFO  no build target found for C:\Users\rahul\Github\My_Python-codes\Scala codes\new.scala. Using presentation compiler with project's scala-library version: 3.3.8
2026.08.05 11:11:20 INFO  no build target found for C:\Users\rahul\Github\My_Python-codes\Scala codes\new.scala. Using presentation compiler with project's scala-library version: 3.3.8
2026.08.05 11:11:20 INFO  no build target found for C:\Users\rahul\Github\My_Python-codes\Scala codes\new.scala. Using presentation compiler with project's scala-library version: 3.3.8
2026.08.05 11:11:20 INFO  no build target found for C:\Users\rahul\Github\My_Python-codes\Scala codes\new.scala. Using presentation compiler with project's scala-library version: 3.3.8
2026.08.05 11:11:20 INFO  no build target found for C:\Users\rahul\Github\My_Python-codes\Scala codes\new.scala. Using presentation compiler with project's scala-library version: 3.3.8
2026.08.05 11:11:21 INFO  no build target found for C:\Users\rahul\Github\My_Python-codes\Scala codes\new.scala. Using presentation compiler with project's scala-library version: 3.3.8
2026.08.05 11:11:21 INFO  no build target found for C:\Users\rahul\Github\My_Python-codes\Scala codes\new.scala. Using presentation compiler with project's scala-library version: 3.3.8
2026.08.05 11:11:22 INFO  no build target found for C:\Users\rahul\Github\My_Python-codes\Scala codes\new.scala. Using presentation compiler with project's scala-library version: 3.3.8
2026.08.05 11:11:23 WARN  no build target for: C:\Users\rahul\Github\My_Python-codes\Scala codes\new.scala
2026.08.05 11:11:24 INFO  no build target found for C:\Users\rahul\Github\My_Python-codes\Scala codes\new.scala. Using presentation compiler with project's scala-library version: 3.3.8
2026.08.05 11:19:15 INFO  no build target found for C:\Users\rahul\Github\My_Python-codes\Scala codes\new.scala. Using presentation compiler with project's scala-library version: 3.3.8
2026.08.05 11:19:15 INFO  no build target found for C:\Users\rahul\Github\My_Python-codes\Scala codes\new.scala. Using presentation compiler with project's scala-library version: 3.3.8
2026.08.05 11:19:15 INFO  no build target found for C:\Users\rahul\Github\My_Python-codes\Scala codes\new.scala. Using presentation compiler with project's scala-library version: 3.3.8
2026.08.05 11:19:18 INFO  no build target found for C:\Users\rahul\Github\My_Python-codes\Scala codes\new.scala. Using presentation compiler with project's scala-library version: 3.3.8
Exception in thread "pool-30-thread-1" java.lang.InterruptedException
	at scala.meta.internal.metals.FutureCancelToken.checkCanceled(FutureCancelToken.scala:29)
	at scala.meta.internal.pc.CompilerAccess.onCompilerJobQueue$$anonfun$1(CompilerAccess.scala:208)
	at scala.meta.internal.pc.CompilerJobQueue$Job.run(CompilerJobQueue.scala:153)
	at java.base/java.util.concurrent.ThreadPoolExecutor.runWorker(ThreadPoolExecutor.java:1136)
	at java.base/java.util.concurrent.ThreadPoolExecutor$Worker.run(ThreadPoolExecutor.java:635)
	at java.base/java.lang.Thread.run(Thread.java:842)
2026.08.05 11:19:18 INFO  no build target found for C:\Users\rahul\Github\My_Python-codes\Scala codes\new.scala. Using presentation compiler with project's scala-library version: 3.3.8
2026.08.05 11:19:18 INFO  no build target found for C:\Users\rahul\Github\My_Python-codes\Scala codes\new.scala. Using presentation compiler with project's scala-library version: 3.3.8
2026.08.05 11:19:36 INFO  no build target found for C:\Users\rahul\Github\My_Python-codes\Scala codes\new.scala. Using presentation compiler with project's scala-library version: 3.3.8
2026.08.05 11:19:36 INFO  no build target found for C:\Users\rahul\Github\My_Python-codes\Scala codes\new.scala. Using presentation compiler with project's scala-library version: 3.3.8
2026.08.05 11:19:36 INFO  no build target found for C:\Users\rahul\Github\My_Python-codes\Scala codes\new.scala. Using presentation compiler with project's scala-library version: 3.3.8
2026.08.05 11:19:38 INFO  no build target found for C:\Users\rahul\Github\My_Python-codes\Scala codes\new.scala. Using presentation compiler with project's scala-library version: 3.3.8
2026.08.05 11:19:39 INFO  no build target found for C:\Users\rahul\Github\My_Python-codes\Scala codes\new.scala. Using presentation compiler with project's scala-library version: 3.3.8
2026.08.05 11:19:39 INFO  no build target found for C:\Users\rahul\Github\My_Python-codes\Scala codes\new.scala. Using presentation compiler with project's scala-library version: 3.3.8
2026.08.05 11:19:39 INFO  no build target found for C:\Users\rahul\Github\My_Python-codes\Scala codes\new.scala. Using presentation compiler with project's scala-library version: 3.3.8
2026.08.05 11:19:40 INFO  no build target found for C:\Users\rahul\Github\My_Python-codes\Scala codes\new.scala. Using presentation compiler with project's scala-library version: 3.3.8
2026.08.05 11:19:41 INFO  no build target found for C:\Users\rahul\Github\My_Python-codes\Scala codes\new.scala. Using presentation compiler with project's scala-library version: 3.3.8
2026.08.05 11:19:41 INFO  no build target found for C:\Users\rahul\Github\My_Python-codes\Scala codes\new.scala. Using presentation compiler with project's scala-library version: 3.3.8
2026.08.05 11:19:41 INFO  no build target found for C:\Users\rahul\Github\My_Python-codes\Scala codes\new.scala. Using presentation compiler with project's scala-library version: 3.3.8
2026.08.05 11:19:41 INFO  no build target found for C:\Users\rahul\Github\My_Python-codes\Scala codes\new.scala. Using presentation compiler with project's scala-library version: 3.3.8
2026.08.05 11:19:41 INFO  no build target found for C:\Users\rahul\Github\My_Python-codes\Scala codes\new.scala. Using presentation compiler with project's scala-library version: 3.3.8
2026.08.05 11:19:42 WARN  no build target for: C:\Users\rahul\Github\My_Python-codes\Scala codes\new.scala
2026.08.05 11:20:48 INFO  no build target found for C:\Users\rahul\Github\My_Python-codes\Scala codes\new.scala. Using presentation compiler with project's scala-library version: 3.3.8
2026.08.05 11:20:48 INFO  no build target found for C:\Users\rahul\Github\My_Python-codes\Scala codes\new.scala. Using presentation compiler with project's scala-library version: 3.3.8
2026.08.05 11:20:48 INFO  no build target found for C:\Users\rahul\Github\My_Python-codes\Scala codes\new.scala. Using presentation compiler with project's scala-library version: 3.3.8
2026.08.05 11:20:48 INFO  no build target found for C:\Users\rahul\Github\My_Python-codes\Scala codes\new.scala. Using presentation compiler with project's scala-library version: 3.3.8
2026.08.05 11:20:49 WARN  no build target for: C:\Users\rahul\Github\My_Python-codes\Scala codes\new.scala
2026.08.05 11:20:49 INFO  no build target found for C:\Users\rahul\Github\My_Python-codes\Scala codes\new.scala. Using presentation compiler with project's scala-library version: 3.3.8
2026.08.05 11:22:02 INFO  no build target found for C:\Users\rahul\Github\My_Python-codes\Scala codes\new.scala. Using presentation compiler with project's scala-library version: 3.3.8
2026.08.05 11:22:02 INFO  no build target found for C:\Users\rahul\Github\My_Python-codes\Scala codes\new.scala. Using presentation compiler with project's scala-library version: 3.3.8
2026.08.05 11:22:02 INFO  no build target found for C:\Users\rahul\Github\My_Python-codes\Scala codes\new.scala. Using presentation compiler with project's scala-library version: 3.3.8
2026.08.05 11:22:04 INFO  no build target found for C:\Users\rahul\Github\My_Python-codes\Scala codes\new.scala. Using presentation compiler with project's scala-library version: 3.3.8
2026.08.05 11:22:04 INFO  no build target found for C:\Users\rahul\Github\My_Python-codes\Scala codes\new.scala. Using presentation compiler with project's scala-library version: 3.3.8
2026.08.05 11:22:04 INFO  no build target found for C:\Users\rahul\Github\My_Python-codes\Scala codes\new.scala. Using presentation compiler with project's scala-library version: 3.3.8
Aug 05, 2026 11:22:05 AM org.eclipse.lsp4j.jsonrpc.RemoteEndpoint handleCancellation
WARNING: Unmatched cancel notification for request id 125
2026.08.05 11:22:04 INFO  no build target found for C:\Users\rahul\Github\My_Python-codes\Scala codes\new.scala. Using presentation compiler with project's scala-library version: 3.3.8
Aug 05, 2026 11:22:06 AM org.eclipse.lsp4j.jsonrpc.RemoteEndpoint handleCancellation
WARNING: Unmatched cancel notification for request id 127
2026.08.05 11:22:06 INFO  no build target found for C:\Users\rahul\Github\My_Python-codes\Scala codes\new.scala. Using presentation compiler with project's scala-library version: 3.3.8
2026.08.05 11:22:06 INFO  no build target found for C:\Users\rahul\Github\My_Python-codes\Scala codes\new.scala. Using presentation compiler with project's scala-library version: 3.3.8
2026.08.05 11:22:06 INFO  no build target found for C:\Users\rahul\Github\My_Python-codes\Scala codes\new.scala. Using presentation compiler with project's scala-library version: 3.3.8
2026.08.05 11:22:07 INFO  no build target found for C:\Users\rahul\Github\My_Python-codes\Scala codes\new.scala. Using presentation compiler with project's scala-library version: 3.3.8
2026.08.05 11:22:07 INFO  no build target found for C:\Users\rahul\Github\My_Python-codes\Scala codes\new.scala. Using presentation compiler with project's scala-library version: 3.3.8
2026.08.05 11:22:07 INFO  no build target found for C:\Users\rahul\Github\My_Python-codes\Scala codes\new.scala. Using presentation compiler with project's scala-library version: 3.3.8
2026.08.05 11:22:07 INFO  no build target found for C:\Users\rahul\Github\My_Python-codes\Scala codes\new.scala. Using presentation compiler with project's scala-library version: 3.3.8
2026.08.05 11:22:08 INFO  no build target found for C:\Users\rahul\Github\My_Python-codes\Scala codes\new.scala. Using presentation compiler with project's scala-library version: 3.3.8
2026.08.05 11:22:08 INFO  no build target found for C:\Users\rahul\Github\My_Python-codes\Scala codes\new.scala. Using presentation compiler with project's scala-library version: 3.3.8
2026.08.05 11:22:09 INFO  no build target found for C:\Users\rahul\Github\My_Python-codes\Scala codes\new.scala. Using presentation compiler with project's scala-library version: 3.3.8
2026.08.05 11:22:08 INFO  no build target found for C:\Users\rahul\Github\My_Python-codes\Scala codes\new.scala. Using presentation compiler with project's scala-library version: 3.3.8
2026.08.05 11:22:08 INFO  no build target found for C:\Users\rahul\Github\My_Python-codes\Scala codes\new.scala. Using presentation compiler with project's scala-library version: 3.3.8
Aug 05, 2026 11:22:09 AM org.eclipse.lsp4j.jsonrpc.RemoteEndpoint handleCancellation
WARNING: Unmatched cancel notification for request id 151
2026.08.05 11:22:09 INFO  no build target found for C:\Users\rahul\Github\My_Python-codes\Scala codes\new.scala. Using presentation compiler with project's scala-library version: 3.3.8
2026.08.05 11:22:10 INFO  no build target found for C:\Users\rahul\Github\My_Python-codes\Scala codes\new.scala. Using presentation compiler with project's scala-library version: 3.3.8
Aug 05, 2026 11:22:10 AM org.eclipse.lsp4j.jsonrpc.RemoteEndpoint handleCancellation
WARNING: Unmatched cancel notification for request id 154
2026.08.05 11:22:10 INFO  no build target found for C:\Users\rahul\Github\My_Python-codes\Scala codes\new.scala. Using presentation compiler with project's scala-library version: 3.3.8
2026.08.05 11:22:10 INFO  no build target found for C:\Users\rahul\Github\My_Python-codes\Scala codes\new.scala. Using presentation compiler with project's scala-library version: 3.3.8
2026.08.05 11:22:10 INFO  no build target found for C:\Users\rahul\Github\My_Python-codes\Scala codes\new.scala. Using presentation compiler with project's scala-library version: 3.3.8
Aug 05, 2026 11:22:11 AM org.eclipse.lsp4j.jsonrpc.RemoteEndpoint handleCancellation
WARNING: Unmatched cancel notification for request id 164
Aug 05, 2026 11:22:11 AM org.eclipse.lsp4j.jsonrpc.RemoteEndpoint handleCancellation
WARNING: Unmatched cancel notification for request id 163
2026.08.05 11:22:10 INFO  no build target found for C:\Users\rahul\Github\My_Python-codes\Scala codes\new.scala. Using presentation compiler with project's scala-library version: 3.3.8
Aug 05, 2026 11:22:11 AM org.eclipse.lsp4j.jsonrpc.RemoteEndpoint handleCancellation
WARNING: Unmatched cancel notification for request id 162
2026.08.05 11:22:11 INFO  no build target found for C:\Users\rahul\Github\My_Python-codes\Scala codes\new.scala. Using presentation compiler with project's scala-library version: 3.3.8
2026.08.05 11:22:13 INFO  no build target found for C:\Users\rahul\Github\My_Python-codes\Scala codes\new.scala. Using presentation compiler with project's scala-library version: 3.3.8
2026.08.05 11:22:13 INFO  no build target found for C:\Users\rahul\Github\My_Python-codes\Scala codes\new.scala. Using presentation compiler with project's scala-library version: 3.3.8
2026.08.05 11:22:13 INFO  no build target found for C:\Users\rahul\Github\My_Python-codes\Scala codes\new.scala. Using presentation compiler with project's scala-library version: 3.3.8
2026.08.05 11:22:14 INFO  no build target found for C:\Users\rahul\Github\My_Python-codes\Scala codes\new.scala. Using presentation compiler with project's scala-library version: 3.3.8
2026.08.05 11:22:14 INFO  no build target found for C:\Users\rahul\Github\My_Python-codes\Scala codes\new.scala. Using presentation compiler with project's scala-library version: 3.3.8
2026.08.05 11:22:14 INFO  no build target found for C:\Users\rahul\Github\My_Python-codes\Scala codes\new.scala. Using presentation compiler with project's scala-library version: 3.3.8
2026.08.05 11:22:14 INFO  no build target found for C:\Users\rahul\Github\My_Python-codes\Scala codes\new.scala. Using presentation compiler with project's scala-library version: 3.3.8
2026.08.05 11:22:15 INFO  no build target found for C:\Users\rahul\Github\My_Python-codes\Scala codes\new.scala. Using presentation compiler with project's scala-library version: 3.3.8
2026.08.05 11:22:15 WARN  no build target for: C:\Users\rahul\Github\My_Python-codes\Scala codes\new.scala
2026.08.05 11:31:41 INFO  no build target found for C:\Users\rahul\Github\My_Python-codes\Scala codes\new.scala. Using presentation compiler with project's scala-library version: 3.3.8
2026.08.05 11:31:41 INFO  no build target found for C:\Users\rahul\Github\My_Python-codes\Scala codes\new.scala. Using presentation compiler with project's scala-library version: 3.3.8
Aug 05, 2026 11:31:42 AM org.eclipse.lsp4j.jsonrpc.RemoteEndpoint handleCancellation
WARNING: Unmatched cancel notification for request id 192
2026.08.05 11:31:41 INFO  no build target found for C:\Users\rahul\Github\My_Python-codes\Scala codes\new.scala. Using presentation compiler with project's scala-library version: 3.3.8
2026.08.05 11:31:43 INFO  no build target found for C:\Users\rahul\Github\My_Python-codes\Scala codes\new.scala. Using presentation compiler with project's scala-library version: 3.3.8
2026.08.05 11:31:52 INFO  no build target found for C:\Users\rahul\Github\My_Python-codes\Scala codes\new.scala. Using presentation compiler with project's scala-library version: 3.3.8
2026.08.05 11:31:52 INFO  no build target found for C:\Users\rahul\Github\My_Python-codes\Scala codes\new.scala. Using presentation compiler with project's scala-library version: 3.3.8
2026.08.05 11:31:52 INFO  no build target found for C:\Users\rahul\Github\My_Python-codes\Scala codes\new.scala. Using presentation compiler with project's scala-library version: 3.3.8
2026.08.05 11:31:54 INFO  no build target found for C:\Users\rahul\Github\My_Python-codes\Scala codes\new.scala. Using presentation compiler with project's scala-library version: 3.3.8
2026.08.05 11:31:54 INFO  no build target found for C:\Users\rahul\Github\My_Python-codes\Scala codes\new.scala. Using presentation compiler with project's scala-library version: 3.3.8
2026.08.05 11:31:57 INFO  no build target found for C:\Users\rahul\Github\My_Python-codes\Scala codes\new.scala. Using presentation compiler with project's scala-library version: 3.3.8
2026.08.05 11:31:57 INFO  no build target found for C:\Users\rahul\Github\My_Python-codes\Scala codes\new.scala. Using presentation compiler with project's scala-library version: 3.3.8
2026.08.05 11:31:57 INFO  no build target found for C:\Users\rahul\Github\My_Python-codes\Scala codes\new.scala. Using presentation compiler with project's scala-library version: 3.3.8
2026.08.05 11:31:57 INFO  no build target found for C:\Users\rahul\Github\My_Python-codes\Scala codes\new.scala. Using presentation compiler with project's scala-library version: 3.3.8
2026.08.05 11:31:58 INFO  no build target found for C:\Users\rahul\Github\My_Python-codes\Scala codes\new.scala. Using presentation compiler with project's scala-library version: 3.3.8
2026.08.05 11:31:59 INFO  no build target found for C:\Users\rahul\Github\My_Python-codes\Scala codes\new.scala. Using presentation compiler with project's scala-library version: 3.3.8
2026.08.05 11:31:59 INFO  no build target found for C:\Users\rahul\Github\My_Python-codes\Scala codes\new.scala. Using presentation compiler with project's scala-library version: 3.3.8
2026.08.05 11:31:59 INFO  no build target found for C:\Users\rahul\Github\My_Python-codes\Scala codes\new.scala. Using presentation compiler with project's scala-library version: 3.3.8
2026.08.05 11:31:59 INFO  no build target found for C:\Users\rahul\Github\My_Python-codes\Scala codes\new.scala. Using presentation compiler with project's scala-library version: 3.3.8
2026.08.05 11:31:59 INFO  no build target found for C:\Users\rahul\Github\My_Python-codes\Scala codes\new.scala. Using presentation compiler with project's scala-library version: 3.3.8
2026.08.05 11:32:00 INFO  no build target found for C:\Users\rahul\Github\My_Python-codes\Scala codes\new.scala. Using presentation compiler with project's scala-library version: 3.3.8
2026.08.05 11:32:01 INFO  no build target found for C:\Users\rahul\Github\My_Python-codes\Scala codes\new.scala. Using presentation compiler with project's scala-library version: 3.3.8
2026.08.05 11:32:01 INFO  no build target found for C:\Users\rahul\Github\My_Python-codes\Scala codes\new.scala. Using presentation compiler with project's scala-library version: 3.3.8
2026.08.05 11:32:02 INFO  no build target found for C:\Users\rahul\Github\My_Python-codes\Scala codes\new.scala. Using presentation compiler with project's scala-library version: 3.3.8
2026.08.05 11:32:02 INFO  no build target found for C:\Users\rahul\Github\My_Python-codes\Scala codes\new.scala. Using presentation compiler with project's scala-library version: 3.3.8
2026.08.05 11:32:04 INFO  no build target found for C:\Users\rahul\Github\My_Python-codes\Scala codes\new.scala. Using presentation compiler with project's scala-library version: 3.3.8
2026.08.05 11:32:04 INFO  no build target found for C:\Users\rahul\Github\My_Python-codes\Scala codes\new.scala. Using presentation compiler with project's scala-library version: 3.3.8
2026.08.05 11:32:04 INFO  no build target found for C:\Users\rahul\Github\My_Python-codes\Scala codes\new.scala. Using presentation compiler with project's scala-library version: 3.3.8
2026.08.05 11:32:04 INFO  no build target found for C:\Users\rahul\Github\My_Python-codes\Scala codes\new.scala. Using presentation compiler with project's scala-library version: 3.3.8
2026.08.05 11:32:04 INFO  no build target found for C:\Users\rahul\Github\My_Python-codes\Scala codes\new.scala. Using presentation compiler with project's scala-library version: 3.3.8
2026.08.05 11:32:04 INFO  no build target found for C:\Users\rahul\Github\My_Python-codes\Scala codes\new.scala. Using presentation compiler with project's scala-library version: 3.3.8
2026.08.05 11:32:05 INFO  no build target found for C:\Users\rahul\Github\My_Python-codes\Scala codes\new.scala. Using presentation compiler with project's scala-library version: 3.3.8
2026.08.05 11:32:05 INFO  no build target found for C:\Users\rahul\Github\My_Python-codes\Scala codes\new.scala. Using presentation compiler with project's scala-library version: 3.3.8
2026.08.05 11:32:05 INFO  no build target found for C:\Users\rahul\Github\My_Python-codes\Scala codes\new.scala. Using presentation compiler with project's scala-library version: 3.3.8
2026.08.05 11:32:06 INFO  no build target found for C:\Users\rahul\Github\My_Python-codes\Scala codes\new.scala. Using presentation compiler with project's scala-library version: 3.3.8
2026.08.05 11:32:06 INFO  no build target found for C:\Users\rahul\Github\My_Python-codes\Scala codes\new.scala. Using presentation compiler with project's scala-library version: 3.3.8
2026.08.05 11:32:06 INFO  no build target found for C:\Users\rahul\Github\My_Python-codes\Scala codes\new.scala. Using presentation compiler with project's scala-library version: 3.3.8
2026.08.05 11:32:06 INFO  no build target found for C:\Users\rahul\Github\My_Python-codes\Scala codes\new.scala. Using presentation compiler with project's scala-library version: 3.3.8
2026.08.05 11:32:10 WARN  no build target for: C:\Users\rahul\Github\My_Python-codes\Scala codes\new.scala
2026.08.05 11:32:11 INFO  no build target found for C:\Users\rahul\Github\My_Python-codes\Scala codes\new.scala. Using presentation compiler with project's scala-library version: 3.3.8
2026.08.05 11:32:13 INFO  no build target found for C:\Users\rahul\Github\My_Python-codes\Scala codes\new.scala. Using presentation compiler with project's scala-library version: 3.3.8
2026.08.05 11:32:16 INFO  no build target found for C:\Users\rahul\Github\My_Python-codes\Scala codes\new.scala. Using presentation compiler with project's scala-library version: 3.3.8
2026.08.05 11:32:16 INFO  no build target found for C:\Users\rahul\Github\My_Python-codes\Scala codes\new.scala. Using presentation compiler with project's scala-library version: 3.3.8
2026.08.05 11:32:16 INFO  no build target found for C:\Users\rahul\Github\My_Python-codes\Scala codes\new.scala. Using presentation compiler with project's scala-library version: 3.3.8
2026.08.05 11:32:17 INFO  no build target found for C:\Users\rahul\Github\My_Python-codes\Scala codes\new.scala. Using presentation compiler with project's scala-library version: 3.3.8
2026.08.05 11:32:17 INFO  no build target found for C:\Users\rahul\Github\My_Python-codes\Scala codes\new.scala. Using presentation compiler with project's scala-library version: 3.3.8
2026.08.05 11:32:19 INFO  no build target found for C:\Users\rahul\Github\My_Python-codes\Scala codes\new.scala. Using presentation compiler with project's scala-library version: 3.3.8
2026.08.05 11:32:19 INFO  no build target found for C:\Users\rahul\Github\My_Python-codes\Scala codes\new.scala. Using presentation compiler with project's scala-library version: 3.3.8
2026.08.05 11:32:19 INFO  no build target found for C:\Users\rahul\Github\My_Python-codes\Scala codes\new.scala. Using presentation compiler with project's scala-library version: 3.3.8
2026.08.05 11:32:19 INFO  no build target found for C:\Users\rahul\Github\My_Python-codes\Scala codes\new.scala. Using presentation compiler with project's scala-library version: 3.3.8
2026.08.05 11:32:20 INFO  no build target found for C:\Users\rahul\Github\My_Python-codes\Scala codes\new.scala. Using presentation compiler with project's scala-library version: 3.3.8
2026.08.05 11:32:20 INFO  no build target found for C:\Users\rahul\Github\My_Python-codes\Scala codes\new.scala. Using presentation compiler with project's scala-library version: 3.3.8
2026.08.05 11:32:20 INFO  no build target found for C:\Users\rahul\Github\My_Python-codes\Scala codes\new.scala. Using presentation compiler with project's scala-library version: 3.3.8
2026.08.05 11:32:22 INFO  no build target found for C:\Users\rahul\Github\My_Python-codes\Scala codes\new.scala. Using presentation compiler with project's scala-library version: 3.3.8
2026.08.05 11:32:22 INFO  no build target found for C:\Users\rahul\Github\My_Python-codes\Scala codes\new.scala. Using presentation compiler with project's scala-library version: 3.3.8
2026.08.05 11:32:22 INFO  no build target found for C:\Users\rahul\Github\My_Python-codes\Scala codes\new.scala. Using presentation compiler with project's scala-library version: 3.3.8
2026.08.05 11:32:23 WARN  no build target for: C:\Users\rahul\Github\My_Python-codes\Scala codes\new.scala
2026.08.05 11:32:37 INFO  no build target found for C:\Users\rahul\Github\My_Python-codes\Scala codes\new.scala. Using presentation compiler with project's scala-library version: 3.3.8
2026.08.05 11:32:37 INFO  no build target found for C:\Users\rahul\Github\My_Python-codes\Scala codes\new.scala. Using presentation compiler with project's scala-library version: 3.3.8
2026.08.05 11:32:37 WARN  no build target for: C:\Users\rahul\Github\My_Python-codes\Scala codes\new.scala
2026.08.05 11:33:10 INFO  no build target found for C:\Users\rahul\Github\My_Python-codes\Scala codes\new.scala. Using presentation compiler with project's scala-library version: 3.3.8
2026.08.05 11:33:54 INFO  no build target found for C:\Users\rahul\Github\My_Python-codes\Scala codes\new.scala. Using presentation compiler with project's scala-library version: 3.3.8
2026.08.05 11:33:54 INFO  no build target found for C:\Users\rahul\Github\My_Python-codes\Scala codes\new.scala. Using presentation compiler with project's scala-library version: 3.3.8
2026.08.05 11:33:55 INFO  no build target found for C:\Users\rahul\Github\My_Python-codes\Scala codes\new.scala. Using presentation compiler with project's scala-library version: 3.3.8
2026.08.05 11:33:56 INFO  no build target found for C:\Users\rahul\Github\My_Python-codes\Scala codes\new.scala. Using presentation compiler with project's scala-library version: 3.3.8
2026.08.05 11:33:57 INFO  no build target found for C:\Users\rahul\Github\My_Python-codes\Scala codes\new.scala. Using presentation compiler with project's scala-library version: 3.3.8
Aug 05, 2026 11:33:57 AM org.eclipse.lsp4j.jsonrpc.RemoteEndpoint handleCancellation
WARNING: Unmatched cancel notification for request id 302
2026.08.05 11:33:57 INFO  no build target found for C:\Users\rahul\Github\My_Python-codes\Scala codes\new.scala. Using presentation compiler with project's scala-library version: 3.3.8
2026.08.05 11:33:57 INFO  no build target found for C:\Users\rahul\Github\My_Python-codes\Scala codes\new.scala. Using presentation compiler with project's scala-library version: 3.3.8
2026.08.05 11:33:57 INFO  no build target found for C:\Users\rahul\Github\My_Python-codes\Scala codes\new.scala. Using presentation compiler with project's scala-library version: 3.3.8
2026.08.05 11:33:57 INFO  no build target found for C:\Users\rahul\Github\My_Python-codes\Scala codes\new.scala. Using presentation compiler with project's scala-library version: 3.3.8
2026.08.05 11:33:58 INFO  no build target found for C:\Users\rahul\Github\My_Python-codes\Scala codes\new.scala. Using presentation compiler with project's scala-library version: 3.3.8
2026.08.05 11:33:58 INFO  no build target found for C:\Users\rahul\Github\My_Python-codes\Scala codes\new.scala. Using presentation compiler with project's scala-library version: 3.3.8
2026.08.05 11:33:58 INFO  no build target found for C:\Users\rahul\Github\My_Python-codes\Scala codes\new.scala. Using presentation compiler with project's scala-library version: 3.3.8
2026.08.05 11:33:59 INFO  no build target found for C:\Users\rahul\Github\My_Python-codes\Scala codes\new.scala. Using presentation compiler with project's scala-library version: 3.3.8
2026.08.05 11:33:59 INFO  no build target found for C:\Users\rahul\Github\My_Python-codes\Scala codes\new.scala. Using presentation compiler with project's scala-library version: 3.3.8
2026.08.05 11:33:59 INFO  no build target found for C:\Users\rahul\Github\My_Python-codes\Scala codes\new.scala. Using presentation compiler with project's scala-library version: 3.3.8
2026.08.05 11:33:59 INFO  no build target found for C:\Users\rahul\Github\My_Python-codes\Scala codes\new.scala. Using presentation compiler with project's scala-library version: 3.3.8
2026.08.05 11:33:59 INFO  no build target found for C:\Users\rahul\Github\My_Python-codes\Scala codes\new.scala. Using presentation compiler with project's scala-library version: 3.3.8
Aug 05, 2026 11:34:00 AM org.eclipse.lsp4j.jsonrpc.RemoteEndpoint handleCancellation
WARNING: Unmatched cancel notification for request id 318
2026.08.05 11:33:59 INFO  no build target found for C:\Users\rahul\Github\My_Python-codes\Scala codes\new.scala. Using presentation compiler with project's scala-library version: 3.3.8
2026.08.05 11:33:59 INFO  no build target found for C:\Users\rahul\Github\My_Python-codes\Scala codes\new.scala. Using presentation compiler with project's scala-library version: 3.3.8
2026.08.05 11:33:59 INFO  no build target found for C:\Users\rahul\Github\My_Python-codes\Scala codes\new.scala. Using presentation compiler with project's scala-library version: 3.3.8
2026.08.05 11:34:00 INFO  no build target found for C:\Users\rahul\Github\My_Python-codes\Scala codes\new.scala. Using presentation compiler with project's scala-library version: 3.3.8
Aug 05, 2026 11:34:00 AM org.eclipse.lsp4j.jsonrpc.RemoteEndpoint handleCancellation
WARNING: Unmatched cancel notification for request id 328
2026.08.05 11:34:00 INFO  no build target found for C:\Users\rahul\Github\My_Python-codes\Scala codes\new.scala. Using presentation compiler with project's scala-library version: 3.3.8
2026.08.05 11:34:00 INFO  no build target found for C:\Users\rahul\Github\My_Python-codes\Scala codes\new.scala. Using presentation compiler with project's scala-library version: 3.3.8
2026.08.05 11:34:00 INFO  no build target found for C:\Users\rahul\Github\My_Python-codes\Scala codes\new.scala. Using presentation compiler with project's scala-library version: 3.3.8
2026.08.05 11:34:01 INFO  no build target found for C:\Users\rahul\Github\My_Python-codes\Scala codes\new.scala. Using presentation compiler with project's scala-library version: 3.3.8
2026.08.05 11:34:00 INFO  no build target found for C:\Users\rahul\Github\My_Python-codes\Scala codes\new.scala. Using presentation compiler with project's scala-library version: 3.3.8
2026.08.05 11:34:03 INFO  no build target found for C:\Users\rahul\Github\My_Python-codes\Scala codes\new.scala. Using presentation compiler with project's scala-library version: 3.3.8
2026.08.05 11:34:03 INFO  no build target found for C:\Users\rahul\Github\My_Python-codes\Scala codes\new.scala. Using presentation compiler with project's scala-library version: 3.3.8
2026.08.05 11:34:14 WARN  no build target for: C:\Users\rahul\Github\My_Python-codes\Scala codes\new.scala
2026.08.05 11:34:50 INFO  no build target found for C:\Users\rahul\Github\My_Python-codes\Scala codes\new.scala. Using presentation compiler with project's scala-library version: 3.3.8
2026.08.05 11:34:50 INFO  no build target found for C:\Users\rahul\Github\My_Python-codes\Scala codes\new.scala. Using presentation compiler with project's scala-library version: 3.3.8
2026.08.05 11:34:53 INFO  no build target found for C:\Users\rahul\Github\My_Python-codes\Scala codes\new.scala. Using presentation compiler with project's scala-library version: 3.3.8
2026.08.05 11:34:53 INFO  no build target found for C:\Users\rahul\Github\My_Python-codes\Scala codes\new.scala. Using presentation compiler with project's scala-library version: 3.3.8
2026.08.05 11:34:53 INFO  no build target found for C:\Users\rahul\Github\My_Python-codes\Scala codes\new.scala. Using presentation compiler with project's scala-library version: 3.3.8
2026.08.05 11:34:54 INFO  no build target found for C:\Users\rahul\Github\My_Python-codes\Scala codes\new.scala. Using presentation compiler with project's scala-library version: 3.3.8
2026.08.05 11:34:54 INFO  no build target found for C:\Users\rahul\Github\My_Python-codes\Scala codes\new.scala. Using presentation compiler with project's scala-library version: 3.3.8
2026.08.05 11:34:55 INFO  no build target found for C:\Users\rahul\Github\My_Python-codes\Scala codes\new.scala. Using presentation compiler with project's scala-library version: 3.3.8
2026.08.05 11:34:54 INFO  no build target found for C:\Users\rahul\Github\My_Python-codes\Scala codes\new.scala. Using presentation compiler with project's scala-library version: 3.3.8
2026.08.05 11:34:55 INFO  no build target found for C:\Users\rahul\Github\My_Python-codes\Scala codes\new.scala. Using presentation compiler with project's scala-library version: 3.3.8
2026.08.05 11:34:58 WARN  no build target for: C:\Users\rahul\Github\My_Python-codes\Scala codes\new.scala
2026.08.05 11:34:58 INFO  no build target found for C:\Users\rahul\Github\My_Python-codes\Scala codes\new.scala. Using presentation compiler with project's scala-library version: 3.3.8
2026.08.05 11:35:10 INFO  no build target found for C:\Users\rahul\Github\My_Python-codes\Scala codes\new.scala. Using presentation compiler with project's scala-library version: 3.3.8
2026.08.05 11:35:10 INFO  no build target found for C:\Users\rahul\Github\My_Python-codes\Scala codes\new.scala. Using presentation compiler with project's scala-library version: 3.3.8
2026.08.05 11:35:10 INFO  no build target found for C:\Users\rahul\Github\My_Python-codes\Scala codes\new.scala. Using presentation compiler with project's scala-library version: 3.3.8
2026.08.05 11:35:11 INFO  no build target found for C:\Users\rahul\Github\My_Python-codes\Scala codes\new.scala. Using presentation compiler with project's scala-library version: 3.3.8
2026.08.05 11:35:11 INFO  no build target found for C:\Users\rahul\Github\My_Python-codes\Scala codes\new.scala. Using presentation compiler with project's scala-library version: 3.3.8
2026.08.05 11:35:11 INFO  no build target found for C:\Users\rahul\Github\My_Python-codes\Scala codes\new.scala. Using presentation compiler with project's scala-library version: 3.3.8
Aug 05, 2026 11:35:12 AM org.eclipse.lsp4j.jsonrpc.RemoteEndpoint handleCancellation
WARNING: Unmatched cancel notification for request id 380
2026.08.05 11:35:11 INFO  no build target found for C:\Users\rahul\Github\My_Python-codes\Scala codes\new.scala. Using presentation compiler with project's scala-library version: 3.3.8
2026.08.05 11:35:12 INFO  no build target found for C:\Users\rahul\Github\My_Python-codes\Scala codes\new.scala. Using presentation compiler with project's scala-library version: 3.3.8
2026.08.05 11:35:12 INFO  no build target found for C:\Users\rahul\Github\My_Python-codes\Scala codes\new.scala. Using presentation compiler with project's scala-library version: 3.3.8
2026.08.05 11:35:12 INFO  no build target found for C:\Users\rahul\Github\My_Python-codes\Scala codes\new.scala. Using presentation compiler with project's scala-library version: 3.3.8
2026.08.05 11:35:14 INFO  no build target found for C:\Users\rahul\Github\My_Python-codes\Scala codes\new.scala. Using presentation compiler with project's scala-library version: 3.3.8
2026.08.05 11:35:14 INFO  no build target found for C:\Users\rahul\Github\My_Python-codes\Scala codes\new.scala. Using presentation compiler with project's scala-library version: 3.3.8
2026.08.05 11:35:14 INFO  no build target found for C:\Users\rahul\Github\My_Python-codes\Scala codes\new.scala. Using presentation compiler with project's scala-library version: 3.3.8
2026.08.05 11:35:16 INFO  no build target found for C:\Users\rahul\Github\My_Python-codes\Scala codes\new.scala. Using presentation compiler with project's scala-library version: 3.3.8
Aug 05, 2026 11:35:16 AM org.eclipse.lsp4j.jsonrpc.RemoteEndpoint handleCancellation
WARNING: Unmatched cancel notification for request id 395
2026.08.05 11:35:16 INFO  no build target found for C:\Users\rahul\Github\My_Python-codes\Scala codes\new.scala. Using presentation compiler with project's scala-library version: 3.3.8
2026.08.05 11:35:16 INFO  no build target found for C:\Users\rahul\Github\My_Python-codes\Scala codes\new.scala. Using presentation compiler with project's scala-library version: 3.3.8
2026.08.05 11:35:16 INFO  no build target found for C:\Users\rahul\Github\My_Python-codes\Scala codes\new.scala. Using presentation compiler with project's scala-library version: 3.3.8
2026.08.05 11:35:16 INFO  no build target found for C:\Users\rahul\Github\My_Python-codes\Scala codes\new.scala. Using presentation compiler with project's scala-library version: 3.3.8
2026.08.05 11:35:16 INFO  no build target found for C:\Users\rahul\Github\My_Python-codes\Scala codes\new.scala. Using presentation compiler with project's scala-library version: 3.3.8
2026.08.05 11:35:17 INFO  no build target found for C:\Users\rahul\Github\My_Python-codes\Scala codes\new.scala. Using presentation compiler with project's scala-library version: 3.3.8
Aug 05, 2026 11:35:17 AM org.eclipse.lsp4j.jsonrpc.RemoteEndpoint handleCancellation
WARNING: Unmatched cancel notification for request id 404
2026.08.05 11:35:17 INFO  no build target found for C:\Users\rahul\Github\My_Python-codes\Scala codes\new.scala. Using presentation compiler with project's scala-library version: 3.3.8
2026.08.05 11:35:17 INFO  no build target found for C:\Users\rahul\Github\My_Python-codes\Scala codes\new.scala. Using presentation compiler with project's scala-library version: 3.3.8
2026.08.05 11:35:17 INFO  no build target found for C:\Users\rahul\Github\My_Python-codes\Scala codes\new.scala. Using presentation compiler with project's scala-library version: 3.3.8
2026.08.05 11:35:18 WARN  no build target for: C:\Users\rahul\Github\My_Python-codes\Scala codes\new.scala
2026.08.05 11:35:17 INFO  no build target found for C:\Users\rahul\Github\My_Python-codes\Scala codes\new.scala. Using presentation compiler with project's scala-library version: 3.3.8
2026.08.05 11:35:19 INFO  no build target found for C:\Users\rahul\Github\My_Python-codes\Scala codes\new.scala. Using presentation compiler with project's scala-library version: 3.3.8
2026.08.05 11:35:25 INFO  no build target found for C:\Users\rahul\Github\My_Python-codes\Scala codes\new.scala. Using presentation compiler with project's scala-library version: 3.3.8
2026.08.05 11:35:34 INFO  no build target found for C:\Users\rahul\Github\My_Python-codes\Scala codes\new.scala. Using presentation compiler with project's scala-library version: 3.3.8
2026.08.05 11:35:34 INFO  no build target found for C:\Users\rahul\Github\My_Python-codes\Scala codes\new.scala. Using presentation compiler with project's scala-library version: 3.3.8
2026.08.05 11:35:34 INFO  no build target found for C:\Users\rahul\Github\My_Python-codes\Scala codes\new.scala. Using presentation compiler with project's scala-library version: 3.3.8
2026.08.05 11:35:35 INFO  no build target found for C:\Users\rahul\Github\My_Python-codes\Scala codes\new.scala. Using presentation compiler with project's scala-library version: 3.3.8
2026.08.05 11:35:58 INFO  no build target found for C:\Users\rahul\Github\My_Python-codes\Scala codes\new.scala. Using presentation compiler with project's scala-library version: 3.3.8
2026.08.05 11:35:58 INFO  no build target found for C:\Users\rahul\Github\My_Python-codes\Scala codes\new.scala. Using presentation compiler with project's scala-library version: 3.3.8
2026.08.05 11:35:58 INFO  no build target found for C:\Users\rahul\Github\My_Python-codes\Scala codes\new.scala. Using presentation compiler with project's scala-library version: 3.3.8
2026.08.05 11:35:58 INFO  no build target found for C:\Users\rahul\Github\My_Python-codes\Scala codes\new.scala. Using presentation compiler with project's scala-library version: 3.3.8
2026.08.05 11:35:59 INFO  no build target found for C:\Users\rahul\Github\My_Python-codes\Scala codes\new.scala. Using presentation compiler with project's scala-library version: 3.3.8
2026.08.05 11:35:59 INFO  no build target found for C:\Users\rahul\Github\My_Python-codes\Scala codes\new.scala. Using presentation compiler with project's scala-library version: 3.3.8
2026.08.05 11:35:59 INFO  no build target found for C:\Users\rahul\Github\My_Python-codes\Scala codes\new.scala. Using presentation compiler with project's scala-library version: 3.3.8
2026.08.05 11:35:59 INFO  no build target found for C:\Users\rahul\Github\My_Python-codes\Scala codes\new.scala. Using presentation compiler with project's scala-library version: 3.3.8
2026.08.05 11:36:00 INFO  no build target found for C:\Users\rahul\Github\My_Python-codes\Scala codes\new.scala. Using presentation compiler with project's scala-library version: 3.3.8
2026.08.05 11:36:00 WARN  no build target for: C:\Users\rahul\Github\My_Python-codes\Scala codes\new.scala
2026.08.05 12:12:58 INFO  Shutting down server
2026.08.05 12:12:58 INFO  Memory monitor stopped
2026.08.05 12:12:58 INFO  shutting down Metals
2026.08.05 12:12:58 INFO  Exiting server
2026.08.05 12:15:54 INFO  Tracing is disabled for protocol LSP. To enable tracing of incoming and outgoing JSON messages, create an empty file at c:\Users\rahul\Github\My_Python-codes\.metals\lsp.trace.json or C:\Users\rahul\AppData\Local\scalameta\metals\cache\lsp.trace.json
2026.08.05 12:16:09 INFO  logging to files C:\Users\rahul\Github\My_Python-codes\.metals\metals.log
2026.08.05 12:16:09 INFO  Started: Metals version 1.6.8 in folders 'C:\Users\rahul\Github\My_Python-codes' for client Visual Studio Code 1.131.0.
2026.08.05 12:16:09 INFO  time: initialize in 0.45s
2026.08.05 12:16:09 INFO  Memory monitor started
2026.08.05 12:16:31 WARN  Using H2 2.4.240 which is newer than the version Flyway has been verified with. The latest verified version of H2 is 2.3.232.
2026.08.05 12:16:35 INFO  Attempting to connect to the build server...
2026.08.05 12:16:35 INFO  Running BSP server List(C:\Users\rahul\AppData\Local\Coursier\data\bin\.scala-cli.aux.exe, bsp, --json-options, C:\Users\rahul\OneDrive\Documents\GitHub\My_Python-codes\.scala-build\ide-options-v2.json, --json-launcher-options, C:\Users\rahul\OneDrive\Documents\GitHub\My_Python-codes\.scala-build\ide-launcher-options.json, --envs-file, C:\Users\rahul\OneDrive\Documents\GitHub\My_Python-codes\.scala-build\ide-envs.json, C:\Users\rahul\OneDrive\Documents\GitHub\My_Python-codes)
2026.08.05 12:16:37 INFO  Tracing is disabled for protocol BSP. To enable tracing of incoming and outgoing JSON messages, create an empty file at C:\Users\rahul\Github\My_Python-codes\.metals\bsp.trace.json or C:\Users\rahul\AppData\Local\scalameta\metals\cache\bsp.trace.json
2026.08.05 12:16:38 INFO  BSP server: Exception in thread "subprocess-shutdown-hook-monitor" java.io.IOException: Cannot run program "C:\Program Files\Java\jdk-25\bin\java.exe" (in directory "C:\Users\rahul\OneDrive\Documents\GitHub\My_Python-codes"): CreateProcess error=2, The system cannot find the file specified
2026.08.05 12:16:38 INFO  BSP server: 	at java.base@17.0.9/java.lang.ProcessBuilder.start(ProcessBuilder.java:1143)
2026.08.05 12:16:38 INFO  BSP server: 	at java.base@17.0.9/java.lang.ProcessBuilder.start(ProcessBuilder.java:1073)
2026.08.05 12:16:38 INFO  BSP server: 	at os.proc.proc$lzyINIT1$1(ProcessOps.scala:345)
2026.08.05 12:16:38 INFO  BSP server: 	at os.proc.os$proc$$_$proc$1(ProcessOps.scala:351)
2026.08.05 12:16:38 INFO  BSP server: 	at os.proc$$anon$2.run(ProcessOps.scala:335)
2026.08.05 12:16:38 INFO  BSP server: 	at com.oracle.svm.core.thread.PlatformThreads.threadStartRoutine(PlatformThreads.java:807)
2026.08.05 12:16:38 INFO  BSP server: 	at com.oracle.svm.core.windows.WindowsPlatformThreads.osThreadStartRoutine(WindowsPlatformThreads.java:179)
2026.08.05 12:16:38 INFO  BSP server: Caused by: java.io.IOException: CreateProcess error=2, The system cannot find the file specified
2026.08.05 12:16:38 INFO  BSP server: 	at com.oracle.svm.core.jni.functions.JNIFunctions$NewObjectWithObjectArrayArgFunctionPointer.invoke(JNIFunctions.java)
2026.08.05 12:16:38 INFO  BSP server: 	at com.oracle.svm.core.jni.functions.JNIFunctions.ThrowNew(JNIFunctions.java:889)
2026.08.05 12:16:38 INFO  BSP server: 	at java.base@17.0.9/java.lang.ProcessImpl.create(Native Method)
2026.08.05 12:16:38 INFO  BSP server: 	at java.base@17.0.9/java.lang.ProcessImpl.<init>(ProcessImpl.java:499)
2026.08.05 12:16:38 INFO  BSP server: 	at java.base@17.0.9/java.lang.ProcessImpl.start(ProcessImpl.java:158)
2026.08.05 12:16:38 INFO  BSP server: 	at java.base@17.0.9/java.lang.ProcessBuilder.start(ProcessBuilder.java:1110)
2026.08.05 12:16:38 INFO  BSP server: 	... 6 more
2026.08.05 12:16:38 INFO  BSP server: Error: java.io.IOException: Cannot run program "C:\Program Files\Java\jdk-25\bin\java.exe" (in directory "C:\Users\rahul\OneDrive\Documents\GitHub\My_Python-codes"): CreateProcess error=2, The system cannot find the file specified
2026.08.05 12:16:38 INFO  BSP server: For more details, please see 'C:\Users\rahul\OneDrive\Documents\GitHub\My_Python-codes\.scala-build\stacktraces\1785912398-1550271105815084185.log'
2026.08.05 12:16:38 INFO  BSP server: Exception in thread "subprocess-shutdown-hook" java.io.IOException: Cannot run program "C:\Program Files\Java\jdk-25\bin\java.exe" (in directory "C:\Users\rahul\OneDrive\Documents\GitHub\My_Python-codes"): CreateProcess error=2, The system cannot find the file specified
2026.08.05 12:16:38 INFO  BSP server: 	at java.base@17.0.9/java.lang.ProcessBuilder.start(ProcessBuilder.java:1143)
2026.08.05 12:16:38 INFO  BSP server: 	at java.base@17.0.9/java.lang.ProcessBuilder.start(ProcessBuilder.java:1073)
2026.08.05 12:16:38 INFO  BSP server: 	at os.proc.proc$lzyINIT1$1(ProcessOps.scala:345)
2026.08.05 12:16:38 INFO  BSP server: 	at os.proc.os$proc$$_$proc$1(ProcessOps.scala:351)
2026.08.05 12:16:38 INFO  BSP server: 	at os.proc$$anon$1.run(ProcessOps.scala:329)
2026.08.05 12:16:38 INFO  BSP server: 	at com.oracle.svm.core.thread.PlatformThreads.threadStartRoutine(PlatformThreads.java:807)
2026.08.05 12:16:38 INFO  BSP server: 	at com.oracle.svm.core.windows.WindowsPlatformThreads.osThreadStartRoutine(WindowsPlatformThreads.java:179)
2026.08.05 12:16:38 INFO  BSP server: Caused by: java.io.IOException: CreateProcess error=2, The system cannot find the file specified
2026.08.05 12:16:38 INFO  BSP server: 	at com.oracle.svm.core.jni.functions.JNIFunctions$NewObjectWithObjectArrayArgFunctionPointer.invoke(JNIFunctions.java)
2026.08.05 12:16:38 INFO  BSP server: 	at com.oracle.svm.core.jni.functions.JNIFunctions.ThrowNew(JNIFunctions.java:889)
2026.08.05 12:16:38 INFO  BSP server: 	at java.base@17.0.9/java.lang.ProcessImpl.create(Native Method)
2026.08.05 12:16:38 INFO  BSP server: 	at java.base@17.0.9/java.lang.ProcessImpl.<init>(ProcessImpl.java:499)
2026.08.05 12:16:38 INFO  BSP server: 	at java.base@17.0.9/java.lang.ProcessImpl.start(ProcessImpl.java:158)
2026.08.05 12:16:38 INFO  BSP server: 	at java.base@17.0.9/java.lang.ProcessBuilder.start(ProcessBuilder.java:1110)
2026.08.05 12:16:38 INFO  BSP server: 	... 6 more
2026.08.05 12:17:37 ERROR Timeout waiting for 'build/initialize' response
2026.08.05 12:17:37 WARN  Retrying connection to the build server scala-cli
2026.08.05 12:17:37 INFO  Running BSP server List(C:\Users\rahul\AppData\Local\Coursier\data\bin\.scala-cli.aux.exe, bsp, --json-options, C:\Users\rahul\OneDrive\Documents\GitHub\My_Python-codes\.scala-build\ide-options-v2.json, --json-launcher-options, C:\Users\rahul\OneDrive\Documents\GitHub\My_Python-codes\.scala-build\ide-launcher-options.json, --envs-file, C:\Users\rahul\OneDrive\Documents\GitHub\My_Python-codes\.scala-build\ide-envs.json, C:\Users\rahul\OneDrive\Documents\GitHub\My_Python-codes)
2026.08.05 12:17:37 INFO  Tracing is disabled for protocol BSP. To enable tracing of incoming and outgoing JSON messages, create an empty file at C:\Users\rahul\Github\My_Python-codes\.metals\bsp.trace.json or C:\Users\rahul\AppData\Local\scalameta\metals\cache\bsp.trace.json
2026.08.05 12:17:38 INFO  BSP server: Exception in thread "subprocess-shutdown-hook-monitor" java.io.IOException: Cannot run program "C:\Program Files\Java\jdk-25\bin\java.exe" (in directory "C:\Users\rahul\OneDrive\Documents\GitHub\My_Python-codes"): CreateProcess error=2, The system cannot find the file specified
2026.08.05 12:17:38 INFO  BSP server: 	at java.base@17.0.9/java.lang.ProcessBuilder.start(ProcessBuilder.java:1143)
2026.08.05 12:17:38 INFO  BSP server: 	at java.base@17.0.9/java.lang.ProcessBuilder.start(ProcessBuilder.java:1073)
2026.08.05 12:17:38 INFO  BSP server: 	at os.proc.proc$lzyINIT1$1(ProcessOps.scala:345)
2026.08.05 12:17:38 INFO  BSP server: 	at os.proc.os$proc$$_$proc$1(ProcessOps.scala:351)
2026.08.05 12:17:38 INFO  BSP server: 	at os.proc$$anon$2.run(ProcessOps.scala:335)
2026.08.05 12:17:38 INFO  BSP server: 	at com.oracle.svm.core.thread.PlatformThreads.threadStartRoutine(PlatformThreads.java:807)
2026.08.05 12:17:38 INFO  BSP server: 	at com.oracle.svm.core.windows.WindowsPlatformThreads.osThreadStartRoutine(WindowsPlatformThreads.java:179)
2026.08.05 12:17:38 INFO  BSP server: Caused by: java.io.IOException: CreateProcess error=2, The system cannot find the file specified
2026.08.05 12:17:38 INFO  BSP server: 	at com.oracle.svm.core.jni.functions.JNIFunctions$NewObjectWithObjectArrayArgFunctionPointer.invoke(JNIFunctions.java)
2026.08.05 12:17:38 INFO  BSP server: 	at com.oracle.svm.core.jni.functions.JNIFunctions.ThrowNew(JNIFunctions.java:889)
2026.08.05 12:17:38 INFO  BSP server: 	at java.base@17.0.9/java.lang.ProcessImpl.create(Native Method)
2026.08.05 12:17:38 INFO  BSP server: 	at java.base@17.0.9/java.lang.ProcessImpl.<init>(ProcessImpl.java:499)
2026.08.05 12:17:38 INFO  BSP server: 	at java.base@17.0.9/java.lang.ProcessImpl.start(ProcessImpl.java:158)
2026.08.05 12:17:38 INFO  BSP server: 	at java.base@17.0.9/java.lang.ProcessBuilder.start(ProcessBuilder.java:1110)
2026.08.05 12:17:38 INFO  BSP server: 	... 6 more
2026.08.05 12:17:38 INFO  BSP server: Error: java.io.IOException: Cannot run program "C:\Program Files\Java\jdk-25\bin\java.exe" (in directory "C:\Users\rahul\OneDrive\Documents\GitHub\My_Python-codes"): CreateProcess error=2, The system cannot find the file specified
2026.08.05 12:17:38 INFO  BSP server: For more details, please see 'C:\Users\rahul\OneDrive\Documents\GitHub\My_Python-codes\.scala-build\stacktraces\1785912458-15965201231662012184.log'
2026.08.05 12:17:38 INFO  BSP server: Exception in thread "subprocess-shutdown-hook" java.io.IOException: Cannot run program "C:\Program Files\Java\jdk-25\bin\java.exe" (in directory "C:\Users\rahul\OneDrive\Documents\GitHub\My_Python-codes"): CreateProcess error=2, The system cannot find the file specified
2026.08.05 12:17:38 INFO  BSP server: 	at java.base@17.0.9/java.lang.ProcessBuilder.start(ProcessBuilder.java:1143)
2026.08.05 12:17:38 INFO  BSP server: 	at java.base@17.0.9/java.lang.ProcessBuilder.start(ProcessBuilder.java:1073)
2026.08.05 12:17:38 INFO  BSP server: 	at os.proc.proc$lzyINIT1$1(ProcessOps.scala:345)
2026.08.05 12:17:38 INFO  BSP server: 	at os.proc.os$proc$$_$proc$1(ProcessOps.scala:351)
2026.08.05 12:17:38 INFO  BSP server: 	at os.proc$$anon$1.run(ProcessOps.scala:329)
2026.08.05 12:17:38 INFO  BSP server: 	at com.oracle.svm.core.thread.PlatformThreads.threadStartRoutine(PlatformThreads.java:807)
2026.08.05 12:17:38 INFO  BSP server: 	at com.oracle.svm.core.windows.WindowsPlatformThreads.osThreadStartRoutine(WindowsPlatformThreads.java:179)
2026.08.05 12:17:38 INFO  BSP server: Caused by: java.io.IOException: CreateProcess error=2, The system cannot find the file specified
2026.08.05 12:17:38 INFO  BSP server: 	at com.oracle.svm.core.jni.functions.JNIFunctions$NewObjectWithObjectArrayArgFunctionPointer.invoke(JNIFunctions.java)
2026.08.05 12:17:38 INFO  BSP server: 	at com.oracle.svm.core.jni.functions.JNIFunctions.ThrowNew(JNIFunctions.java:889)
2026.08.05 12:17:38 INFO  BSP server: 	at java.base@17.0.9/java.lang.ProcessImpl.create(Native Method)
2026.08.05 12:17:38 INFO  BSP server: 	at java.base@17.0.9/java.lang.ProcessImpl.<init>(ProcessImpl.java:499)
2026.08.05 12:17:38 INFO  BSP server: 	at java.base@17.0.9/java.lang.ProcessImpl.start(ProcessImpl.java:158)
2026.08.05 12:17:38 INFO  BSP server: 	at java.base@17.0.9/java.lang.ProcessBuilder.start(ProcessBuilder.java:1110)
2026.08.05 12:17:38 INFO  BSP server: 	... 6 more
2026.08.05 12:18:37 ERROR Timeout waiting for 'build/initialize' response
2026.08.05 12:18:37 WARN  Retrying connection to the build server scala-cli
2026.08.05 12:18:37 INFO  Running BSP server List(C:\Users\rahul\AppData\Local\Coursier\data\bin\.scala-cli.aux.exe, bsp, --json-options, C:\Users\rahul\OneDrive\Documents\GitHub\My_Python-codes\.scala-build\ide-options-v2.json, --json-launcher-options, C:\Users\rahul\OneDrive\Documents\GitHub\My_Python-codes\.scala-build\ide-launcher-options.json, --envs-file, C:\Users\rahul\OneDrive\Documents\GitHub\My_Python-codes\.scala-build\ide-envs.json, C:\Users\rahul\OneDrive\Documents\GitHub\My_Python-codes)
2026.08.05 12:18:38 INFO  Tracing is disabled for protocol BSP. To enable tracing of incoming and outgoing JSON messages, create an empty file at C:\Users\rahul\Github\My_Python-codes\.metals\bsp.trace.json or C:\Users\rahul\AppData\Local\scalameta\metals\cache\bsp.trace.json
2026.08.05 12:18:38 INFO  BSP server: Exception in thread "subprocess-shutdown-hook-monitor" java.io.IOException: Cannot run program "C:\Program Files\Java\jdk-25\bin\java.exe" (in directory "C:\Users\rahul\OneDrive\Documents\GitHub\My_Python-codes"): CreateProcess error=2, The system cannot find the file specified
2026.08.05 12:18:38 INFO  BSP server: 	at java.base@17.0.9/java.lang.ProcessBuilder.start(ProcessBuilder.java:1143)
2026.08.05 12:18:38 INFO  BSP server: 	at java.base@17.0.9/java.lang.ProcessBuilder.start(ProcessBuilder.java:1073)
2026.08.05 12:18:38 INFO  BSP server: 	at os.proc.proc$lzyINIT1$1(ProcessOps.scala:345)
2026.08.05 12:18:38 INFO  BSP server: 	at os.proc.os$proc$$_$proc$1(ProcessOps.scala:351)
2026.08.05 12:18:38 INFO  BSP server: 	at os.proc$$anon$2.run(ProcessOps.scala:335)
2026.08.05 12:18:38 INFO  BSP server: 	at com.oracle.svm.core.thread.PlatformThreads.threadStartRoutine(PlatformThreads.java:807)
2026.08.05 12:18:38 INFO  BSP server: 	at com.oracle.svm.core.windows.WindowsPlatformThreads.osThreadStartRoutine(WindowsPlatformThreads.java:179)
2026.08.05 12:18:38 INFO  BSP server: Caused by: java.io.IOException: CreateProcess error=2, The system cannot find the file specified
2026.08.05 12:18:38 INFO  BSP server: 	at com.oracle.svm.core.jni.functions.JNIFunctions$NewObjectWithObjectArrayArgFunctionPointer.invoke(JNIFunctions.java)
2026.08.05 12:18:38 INFO  BSP server: 	at com.oracle.svm.core.jni.functions.JNIFunctions.ThrowNew(JNIFunctions.java:889)
2026.08.05 12:18:38 INFO  BSP server: 	at java.base@17.0.9/java.lang.ProcessImpl.create(Native Method)
2026.08.05 12:18:38 INFO  BSP server: 	at java.base@17.0.9/java.lang.ProcessImpl.<init>(ProcessImpl.java:499)
2026.08.05 12:18:38 INFO  BSP server: 	at java.base@17.0.9/java.lang.ProcessImpl.start(ProcessImpl.java:158)
2026.08.05 12:18:38 INFO  BSP server: 	at java.base@17.0.9/java.lang.ProcessBuilder.start(ProcessBuilder.java:1110)
2026.08.05 12:18:38 INFO  BSP server: 	... 6 more
2026.08.05 12:18:38 INFO  BSP server: Error: java.io.IOException: Cannot run program "C:\Program Files\Java\jdk-25\bin\java.exe" (in directory "C:\Users\rahul\OneDrive\Documents\GitHub\My_Python-codes"): CreateProcess error=2, The system cannot find the file specified
2026.08.05 12:18:38 INFO  BSP server: For more details, please see 'C:\Users\rahul\OneDrive\Documents\GitHub\My_Python-codes\.scala-build\stacktraces\1785912518-13756137257061821082.log'
2026.08.05 12:18:38 INFO  BSP server: Exception in thread "subprocess-shutdown-hook" java.io.IOException: Cannot run program "C:\Program Files\Java\jdk-25\bin\java.exe" (in directory "C:\Users\rahul\OneDrive\Documents\GitHub\My_Python-codes"): CreateProcess error=2, The system cannot find the file specified
2026.08.05 12:18:38 INFO  BSP server: 	at java.base@17.0.9/java.lang.ProcessBuilder.start(ProcessBuilder.java:1143)
2026.08.05 12:18:38 INFO  BSP server: 	at java.base@17.0.9/java.lang.ProcessBuilder.start(ProcessBuilder.java:1073)
2026.08.05 12:18:38 INFO  BSP server: 	at os.proc.proc$lzyINIT1$1(ProcessOps.scala:345)
2026.08.05 12:18:38 INFO  BSP server: 	at os.proc.os$proc$$_$proc$1(ProcessOps.scala:351)
2026.08.05 12:18:38 INFO  BSP server: 	at os.proc$$anon$1.run(ProcessOps.scala:329)
2026.08.05 12:18:38 INFO  BSP server: 	at com.oracle.svm.core.thread.PlatformThreads.threadStartRoutine(PlatformThreads.java:807)
2026.08.05 12:18:38 INFO  BSP server: 	at com.oracle.svm.core.windows.WindowsPlatformThreads.osThreadStartRoutine(WindowsPlatformThreads.java:179)
2026.08.05 12:18:38 INFO  BSP server: Caused by: java.io.IOException: CreateProcess error=2, The system cannot find the file specified
2026.08.05 12:18:38 INFO  BSP server: 	at com.oracle.svm.core.jni.functions.JNIFunctions$NewObjectWithObjectArrayArgFunctionPointer.invoke(JNIFunctions.java)
2026.08.05 12:18:38 INFO  BSP server: 	at com.oracle.svm.core.jni.functions.JNIFunctions.ThrowNew(JNIFunctions.java:889)
2026.08.05 12:18:38 INFO  BSP server: 	at java.base@17.0.9/java.lang.ProcessImpl.create(Native Method)
2026.08.05 12:18:38 INFO  BSP server: 	at java.base@17.0.9/java.lang.ProcessImpl.<init>(ProcessImpl.java:499)
2026.08.05 12:18:38 INFO  BSP server: 	at java.base@17.0.9/java.lang.ProcessImpl.start(ProcessImpl.java:158)
2026.08.05 12:18:38 INFO  BSP server: 	at java.base@17.0.9/java.lang.ProcessBuilder.start(ProcessBuilder.java:1110)
2026.08.05 12:18:38 INFO  BSP server: 	... 6 more
2026.08.05 12:19:38 ERROR Timeout waiting for 'build/initialize' response
2026.08.05 12:19:38 WARN  Retrying connection to the build server scala-cli
2026.08.05 12:19:38 INFO  Running BSP server List(C:\Users\rahul\AppData\Local\Coursier\data\bin\.scala-cli.aux.exe, bsp, --json-options, C:\Users\rahul\OneDrive\Documents\GitHub\My_Python-codes\.scala-build\ide-options-v2.json, --json-launcher-options, C:\Users\rahul\OneDrive\Documents\GitHub\My_Python-codes\.scala-build\ide-launcher-options.json, --envs-file, C:\Users\rahul\OneDrive\Documents\GitHub\My_Python-codes\.scala-build\ide-envs.json, C:\Users\rahul\OneDrive\Documents\GitHub\My_Python-codes)
2026.08.05 12:19:38 INFO  Tracing is disabled for protocol BSP. To enable tracing of incoming and outgoing JSON messages, create an empty file at C:\Users\rahul\Github\My_Python-codes\.metals\bsp.trace.json or C:\Users\rahul\AppData\Local\scalameta\metals\cache\bsp.trace.json
2026.08.05 12:19:38 INFO  BSP server: Exception in thread "subprocess-shutdown-hook-monitor" java.io.IOException: Cannot run program "C:\Program Files\Java\jdk-25\bin\java.exe" (in directory "C:\Users\rahul\OneDrive\Documents\GitHub\My_Python-codes"): CreateProcess error=2, The system cannot find the file specified
2026.08.05 12:19:38 INFO  BSP server: 	at java.base@17.0.9/java.lang.ProcessBuilder.start(ProcessBuilder.java:1143)
2026.08.05 12:19:38 INFO  BSP server: 	at java.base@17.0.9/java.lang.ProcessBuilder.start(ProcessBuilder.java:1073)
2026.08.05 12:19:38 INFO  BSP server: 	at os.proc.proc$lzyINIT1$1(ProcessOps.scala:345)
2026.08.05 12:19:38 INFO  BSP server: 	at os.proc.os$proc$$_$proc$1(ProcessOps.scala:351)
2026.08.05 12:19:38 INFO  BSP server: 	at os.proc$$anon$2.run(ProcessOps.scala:335)
2026.08.05 12:19:38 INFO  BSP server: 	at com.oracle.svm.core.thread.PlatformThreads.threadStartRoutine(PlatformThreads.java:807)
2026.08.05 12:19:38 INFO  BSP server: 	at com.oracle.svm.core.windows.WindowsPlatformThreads.osThreadStartRoutine(WindowsPlatformThreads.java:179)
2026.08.05 12:19:38 INFO  BSP server: Caused by: java.io.IOException: CreateProcess error=2, The system cannot find the file specified
2026.08.05 12:19:38 INFO  BSP server: 	at com.oracle.svm.core.jni.functions.JNIFunctions$NewObjectWithObjectArrayArgFunctionPointer.invoke(JNIFunctions.java)
2026.08.05 12:19:38 INFO  BSP server: 	at com.oracle.svm.core.jni.functions.JNIFunctions.ThrowNew(JNIFunctions.java:889)
2026.08.05 12:19:38 INFO  BSP server: 	at java.base@17.0.9/java.lang.ProcessImpl.create(Native Method)
2026.08.05 12:19:38 INFO  BSP server: 	at java.base@17.0.9/java.lang.ProcessImpl.<init>(ProcessImpl.java:499)
2026.08.05 12:19:38 INFO  BSP server: 	at java.base@17.0.9/java.lang.ProcessImpl.start(ProcessImpl.java:158)
2026.08.05 12:19:38 INFO  BSP server: 	at java.base@17.0.9/java.lang.ProcessBuilder.start(ProcessBuilder.java:1110)
2026.08.05 12:19:38 INFO  BSP server: 	... 6 more
2026.08.05 12:19:38 INFO  BSP server: Error: java.io.IOException: Cannot run program "C:\Program Files\Java\jdk-25\bin\java.exe" (in directory "C:\Users\rahul\OneDrive\Documents\GitHub\My_Python-codes"): CreateProcess error=2, The system cannot find the file specified
2026.08.05 12:19:38 INFO  BSP server: For more details, please see 'C:\Users\rahul\OneDrive\Documents\GitHub\My_Python-codes\.scala-build\stacktraces\1785912578-3899190570064535212.log'
2026.08.05 12:19:38 INFO  BSP server: Exception in thread "subprocess-shutdown-hook" java.io.IOException: Cannot run program "C:\Program Files\Java\jdk-25\bin\java.exe" (in directory "C:\Users\rahul\OneDrive\Documents\GitHub\My_Python-codes"): CreateProcess error=2, The system cannot find the file specified
2026.08.05 12:19:38 INFO  BSP server: 	at java.base@17.0.9/java.lang.ProcessBuilder.start(ProcessBuilder.java:1143)
2026.08.05 12:19:38 INFO  BSP server: 	at java.base@17.0.9/java.lang.ProcessBuilder.start(ProcessBuilder.java:1073)
2026.08.05 12:19:38 INFO  BSP server: 	at os.proc.proc$lzyINIT1$1(ProcessOps.scala:345)
2026.08.05 12:19:38 INFO  BSP server: 	at os.proc.os$proc$$_$proc$1(ProcessOps.scala:351)
2026.08.05 12:19:38 INFO  BSP server: 	at os.proc$$anon$1.run(ProcessOps.scala:329)
2026.08.05 12:19:38 INFO  BSP server: 	at com.oracle.svm.core.thread.PlatformThreads.threadStartRoutine(PlatformThreads.java:807)
2026.08.05 12:19:38 INFO  BSP server: 	at com.oracle.svm.core.windows.WindowsPlatformThreads.osThreadStartRoutine(WindowsPlatformThreads.java:179)
2026.08.05 12:19:38 INFO  BSP server: Caused by: java.io.IOException: CreateProcess error=2, The system cannot find the file specified
2026.08.05 12:19:38 INFO  BSP server: 	at com.oracle.svm.core.jni.functions.JNIFunctions$NewObjectWithObjectArrayArgFunctionPointer.invoke(JNIFunctions.java)
2026.08.05 12:19:38 INFO  BSP server: 	at com.oracle.svm.core.jni.functions.JNIFunctions.ThrowNew(JNIFunctions.java:889)
2026.08.05 12:19:38 INFO  BSP server: 	at java.base@17.0.9/java.lang.ProcessImpl.create(Native Method)
2026.08.05 12:19:38 INFO  BSP server: 	at java.base@17.0.9/java.lang.ProcessImpl.<init>(ProcessImpl.java:499)
2026.08.05 12:19:38 INFO  BSP server: 	at java.base@17.0.9/java.lang.ProcessImpl.start(ProcessImpl.java:158)
2026.08.05 12:19:38 INFO  BSP server: 	at java.base@17.0.9/java.lang.ProcessBuilder.start(ProcessBuilder.java:1110)
2026.08.05 12:19:38 INFO  BSP server: 	... 6 more
2026.08.05 12:20:38 ERROR Timeout waiting for 'build/initialize' response
2026.08.05 12:20:38 WARN  Retrying connection to the build server scala-cli
2026.08.05 12:20:38 INFO  Running BSP server List(C:\Users\rahul\AppData\Local\Coursier\data\bin\.scala-cli.aux.exe, bsp, --json-options, C:\Users\rahul\OneDrive\Documents\GitHub\My_Python-codes\.scala-build\ide-options-v2.json, --json-launcher-options, C:\Users\rahul\OneDrive\Documents\GitHub\My_Python-codes\.scala-build\ide-launcher-options.json, --envs-file, C:\Users\rahul\OneDrive\Documents\GitHub\My_Python-codes\.scala-build\ide-envs.json, C:\Users\rahul\OneDrive\Documents\GitHub\My_Python-codes)
2026.08.05 12:20:38 INFO  Tracing is disabled for protocol BSP. To enable tracing of incoming and outgoing JSON messages, create an empty file at C:\Users\rahul\Github\My_Python-codes\.metals\bsp.trace.json or C:\Users\rahul\AppData\Local\scalameta\metals\cache\bsp.trace.json
2026.08.05 12:20:38 INFO  BSP server: Exception in thread "subprocess-shutdown-hook-monitor" java.io.IOException: Cannot run program "C:\Program Files\Java\jdk-25\bin\java.exe" (in directory "C:\Users\rahul\OneDrive\Documents\GitHub\My_Python-codes"): CreateProcess error=2, The system cannot find the file specified
2026.08.05 12:20:38 INFO  BSP server: 	at java.base@17.0.9/java.lang.ProcessBuilder.start(ProcessBuilder.java:1143)
2026.08.05 12:20:38 INFO  BSP server: 	at java.base@17.0.9/java.lang.ProcessBuilder.start(ProcessBuilder.java:1073)
2026.08.05 12:20:38 INFO  BSP server: 	at os.proc.proc$lzyINIT1$1(ProcessOps.scala:345)
2026.08.05 12:20:38 INFO  BSP server: 	at os.proc.os$proc$$_$proc$1(ProcessOps.scala:351)
2026.08.05 12:20:38 INFO  BSP server: 	at os.proc$$anon$2.run(ProcessOps.scala:335)
2026.08.05 12:20:38 INFO  BSP server: 	at com.oracle.svm.core.thread.PlatformThreads.threadStartRoutine(PlatformThreads.java:807)
2026.08.05 12:20:38 INFO  BSP server: 	at com.oracle.svm.core.windows.WindowsPlatformThreads.osThreadStartRoutine(WindowsPlatformThreads.java:179)
2026.08.05 12:20:38 INFO  BSP server: Caused by: java.io.IOException: CreateProcess error=2, The system cannot find the file specified
2026.08.05 12:20:38 INFO  BSP server: 	at com.oracle.svm.core.jni.functions.JNIFunctions$NewObjectWithObjectArrayArgFunctionPointer.invoke(JNIFunctions.java)
2026.08.05 12:20:38 INFO  BSP server: 	at com.oracle.svm.core.jni.functions.JNIFunctions.ThrowNew(JNIFunctions.java:889)
2026.08.05 12:20:38 INFO  BSP server: 	at java.base@17.0.9/java.lang.ProcessImpl.create(Native Method)
2026.08.05 12:20:38 INFO  BSP server: 	at java.base@17.0.9/java.lang.ProcessImpl.<init>(ProcessImpl.java:499)
2026.08.05 12:20:38 INFO  BSP server: 	at java.base@17.0.9/java.lang.ProcessImpl.start(ProcessImpl.java:158)
2026.08.05 12:20:38 INFO  BSP server: 	at java.base@17.0.9/java.lang.ProcessBuilder.start(ProcessBuilder.java:1110)
2026.08.05 12:20:38 INFO  BSP server: 	... 6 more
2026.08.05 12:20:38 INFO  BSP server: Error: java.io.IOException: Cannot run program "C:\Program Files\Java\jdk-25\bin\java.exe" (in directory "C:\Users\rahul\OneDrive\Documents\GitHub\My_Python-codes"): CreateProcess error=2, The system cannot find the file specified
2026.08.05 12:20:38 INFO  BSP server: For more details, please see 'C:\Users\rahul\OneDrive\Documents\GitHub\My_Python-codes\.scala-build\stacktraces\1785912638-12719768393066729960.log'
2026.08.05 12:20:38 INFO  BSP server: Exception in thread "subprocess-shutdown-hook" java.io.IOException: Cannot run program "C:\Program Files\Java\jdk-25\bin\java.exe" (in directory "C:\Users\rahul\OneDrive\Documents\GitHub\My_Python-codes"): CreateProcess error=2, The system cannot find the file specified
2026.08.05 12:20:38 INFO  BSP server: 	at java.base@17.0.9/java.lang.ProcessBuilder.start(ProcessBuilder.java:1143)
2026.08.05 12:20:38 INFO  BSP server: 	at java.base@17.0.9/java.lang.ProcessBuilder.start(ProcessBuilder.java:1073)
2026.08.05 12:20:38 INFO  BSP server: 	at os.proc.proc$lzyINIT1$1(ProcessOps.scala:345)
2026.08.05 12:20:38 INFO  BSP server: 	at os.proc.os$proc$$_$proc$1(ProcessOps.scala:351)
2026.08.05 12:20:38 INFO  BSP server: 	at os.proc$$anon$1.run(ProcessOps.scala:329)
2026.08.05 12:20:38 INFO  BSP server: 	at com.oracle.svm.core.thread.PlatformThreads.threadStartRoutine(PlatformThreads.java:807)
2026.08.05 12:20:38 INFO  BSP server: 	at com.oracle.svm.core.windows.WindowsPlatformThreads.osThreadStartRoutine(WindowsPlatformThreads.java:179)
2026.08.05 12:20:38 INFO  BSP server: Caused by: java.io.IOException: CreateProcess error=2, The system cannot find the file specified
2026.08.05 12:20:38 INFO  BSP server: 	at com.oracle.svm.core.jni.functions.JNIFunctions$NewObjectWithObjectArrayArgFunctionPointer.invoke(JNIFunctions.java)
2026.08.05 12:20:38 INFO  BSP server: 	at com.oracle.svm.core.jni.functions.JNIFunctions.ThrowNew(JNIFunctions.java:889)
2026.08.05 12:20:38 INFO  BSP server: 	at java.base@17.0.9/java.lang.ProcessImpl.create(Native Method)
2026.08.05 12:20:38 INFO  BSP server: 	at java.base@17.0.9/java.lang.ProcessImpl.<init>(ProcessImpl.java:499)
2026.08.05 12:20:38 INFO  BSP server: 	at java.base@17.0.9/java.lang.ProcessImpl.start(ProcessImpl.java:158)
2026.08.05 12:20:38 INFO  BSP server: 	at java.base@17.0.9/java.lang.ProcessBuilder.start(ProcessBuilder.java:1110)
2026.08.05 12:20:38 INFO  BSP server: 	... 6 more
2026.08.05 12:21:38 ERROR Timeout waiting for 'build/initialize' response
2026.08.05 12:21:38 WARN  Retrying connection to the build server scala-cli
2026.08.05 12:21:38 INFO  Running BSP server List(C:\Users\rahul\AppData\Local\Coursier\data\bin\.scala-cli.aux.exe, bsp, --json-options, C:\Users\rahul\OneDrive\Documents\GitHub\My_Python-codes\.scala-build\ide-options-v2.json, --json-launcher-options, C:\Users\rahul\OneDrive\Documents\GitHub\My_Python-codes\.scala-build\ide-launcher-options.json, --envs-file, C:\Users\rahul\OneDrive\Documents\GitHub\My_Python-codes\.scala-build\ide-envs.json, C:\Users\rahul\OneDrive\Documents\GitHub\My_Python-codes)
2026.08.05 12:21:38 INFO  Tracing is disabled for protocol BSP. To enable tracing of incoming and outgoing JSON messages, create an empty file at C:\Users\rahul\Github\My_Python-codes\.metals\bsp.trace.json or C:\Users\rahul\AppData\Local\scalameta\metals\cache\bsp.trace.json
2026.08.05 12:21:38 INFO  BSP server: Exception in thread "subprocess-shutdown-hook-monitor" java.io.IOException: Cannot run program "C:\Program Files\Java\jdk-25\bin\java.exe" (in directory "C:\Users\rahul\OneDrive\Documents\GitHub\My_Python-codes"): CreateProcess error=2, The system cannot find the file specified
2026.08.05 12:21:38 INFO  BSP server: 	at java.base@17.0.9/java.lang.ProcessBuilder.start(ProcessBuilder.java:1143)
2026.08.05 12:21:38 INFO  BSP server: 	at java.base@17.0.9/java.lang.ProcessBuilder.start(ProcessBuilder.java:1073)
2026.08.05 12:21:38 INFO  BSP server: 	at os.proc.proc$lzyINIT1$1(ProcessOps.scala:345)
2026.08.05 12:21:38 INFO  BSP server: 	at os.proc.os$proc$$_$proc$1(ProcessOps.scala:351)
2026.08.05 12:21:38 INFO  BSP server: 	at os.proc$$anon$2.run(ProcessOps.scala:335)
2026.08.05 12:21:38 INFO  BSP server: 	at com.oracle.svm.core.thread.PlatformThreads.threadStartRoutine(PlatformThreads.java:807)
2026.08.05 12:21:38 INFO  BSP server: 	at com.oracle.svm.core.windows.WindowsPlatformThreads.osThreadStartRoutine(WindowsPlatformThreads.java:179)
2026.08.05 12:21:38 INFO  BSP server: Caused by: java.io.IOException: CreateProcess error=2, The system cannot find the file specified
2026.08.05 12:21:38 INFO  BSP server: 	at com.oracle.svm.core.jni.functions.JNIFunctions$NewObjectWithObjectArrayArgFunctionPointer.invoke(JNIFunctions.java)
2026.08.05 12:21:38 INFO  BSP server: 	at com.oracle.svm.core.jni.functions.JNIFunctions.ThrowNew(JNIFunctions.java:889)
2026.08.05 12:21:38 INFO  BSP server: 	at java.base@17.0.9/java.lang.ProcessImpl.create(Native Method)
2026.08.05 12:21:38 INFO  BSP server: 	at java.base@17.0.9/java.lang.ProcessImpl.<init>(ProcessImpl.java:499)
2026.08.05 12:21:38 INFO  BSP server: 	at java.base@17.0.9/java.lang.ProcessImpl.start(ProcessImpl.java:158)
2026.08.05 12:21:38 INFO  BSP server: 	at java.base@17.0.9/java.lang.ProcessBuilder.start(ProcessBuilder.java:1110)
2026.08.05 12:21:38 INFO  BSP server: 	... 6 more
2026.08.05 12:21:38 INFO  BSP server: Error: java.io.IOException: Cannot run program "C:\Program Files\Java\jdk-25\bin\java.exe" (in directory "C:\Users\rahul\OneDrive\Documents\GitHub\My_Python-codes"): CreateProcess error=2, The system cannot find the file specified
2026.08.05 12:21:38 INFO  BSP server: For more details, please see 'C:\Users\rahul\OneDrive\Documents\GitHub\My_Python-codes\.scala-build\stacktraces\1785912698-2561508352988199405.log'
2026.08.05 12:21:38 INFO  BSP server: Exception in thread "subprocess-shutdown-hook" java.io.IOException: Cannot run program "C:\Program Files\Java\jdk-25\bin\java.exe" (in directory "C:\Users\rahul\OneDrive\Documents\GitHub\My_Python-codes"): CreateProcess error=2, The system cannot find the file specified
2026.08.05 12:21:38 INFO  BSP server: 	at java.base@17.0.9/java.lang.ProcessBuilder.start(ProcessBuilder.java:1143)
2026.08.05 12:21:38 INFO  BSP server: 	at java.base@17.0.9/java.lang.ProcessBuilder.start(ProcessBuilder.java:1073)
2026.08.05 12:21:38 INFO  BSP server: 	at os.proc.proc$lzyINIT1$1(ProcessOps.scala:345)
2026.08.05 12:21:38 INFO  BSP server: 	at os.proc.os$proc$$_$proc$1(ProcessOps.scala:351)
2026.08.05 12:21:38 INFO  BSP server: 	at os.proc$$anon$1.run(ProcessOps.scala:329)
2026.08.05 12:21:38 INFO  BSP server: 	at com.oracle.svm.core.thread.PlatformThreads.threadStartRoutine(PlatformThreads.java:807)
2026.08.05 12:21:38 INFO  BSP server: 	at com.oracle.svm.core.windows.WindowsPlatformThreads.osThreadStartRoutine(WindowsPlatformThreads.java:179)
2026.08.05 12:21:38 INFO  BSP server: Caused by: java.io.IOException: CreateProcess error=2, The system cannot find the file specified
2026.08.05 12:21:38 INFO  BSP server: 	at com.oracle.svm.core.jni.functions.JNIFunctions$NewObjectWithObjectArrayArgFunctionPointer.invoke(JNIFunctions.java)
2026.08.05 12:21:38 INFO  BSP server: 	at com.oracle.svm.core.jni.functions.JNIFunctions.ThrowNew(JNIFunctions.java:889)
2026.08.05 12:21:38 INFO  BSP server: 	at java.base@17.0.9/java.lang.ProcessImpl.create(Native Method)
2026.08.05 12:21:38 INFO  BSP server: 	at java.base@17.0.9/java.lang.ProcessImpl.<init>(ProcessImpl.java:499)
2026.08.05 12:21:38 INFO  BSP server: 	at java.base@17.0.9/java.lang.ProcessImpl.start(ProcessImpl.java:158)
2026.08.05 12:21:38 INFO  BSP server: 	at java.base@17.0.9/java.lang.ProcessBuilder.start(ProcessBuilder.java:1110)
2026.08.05 12:21:38 INFO  BSP server: 	... 6 more
2026.08.05 12:22:38 ERROR Timeout waiting for 'build/initialize' response
2026.08.05 12:22:38 ERROR Failed to connect with build server, no functionality will work.
java.util.concurrent.TimeoutException
	at java.util.concurrent.CompletableFuture.timedGet(CompletableFuture.java:1960)
	at java.util.concurrent.CompletableFuture.get(CompletableFuture.java:2095)
	at scala.meta.internal.metals.BuildServerConnection$.initialize(BuildServerConnection.scala:806)
	at scala.meta.internal.metals.BuildServerConnection$.$anonfun$fromSockets$1(BuildServerConnection.scala:658)
	at scala.concurrent.impl.Promise$Transformation.run(Promise.scala:500)
	at java.util.concurrent.ThreadPoolExecutor.runWorker(ThreadPoolExecutor.java:1136)
	at java.util.concurrent.ThreadPoolExecutor$Worker.run(ThreadPoolExecutor.java:635)
	at java.lang.Thread.run(Thread.java:842)

2026.08.05 12:22:38 WARN  no build target for: C:\Users\rahul\Github\My_Python-codes\Scala codes\input.scala
2026.08.05 12:22:38 INFO  no build target found for C:\Users\rahul\Github\My_Python-codes\Scala codes\input.scala. Using presentation compiler with project's scala-library version: 3.3.8
Aug 06, 2026 11:08:45 AM org.eclipse.lsp4j.jsonrpc.services.GenericEndpoint notify
INFO: Unsupported notification method: $/setTrace
2026.08.06 11:09:52 INFO  no build target found for C:\Users\rahul\Github\My_Python-codes\Scala codes\new.scala. Using presentation compiler with project's scala-library version: 3.3.8
2026.08.06 11:09:52 WARN  no build target for: C:\Users\rahul\Github\My_Python-codes\Scala codes\new.scala
2026.08.06 11:09:52 INFO  no build target found for C:\Users\rahul\Github\My_Python-codes\Scala codes\new.scala. Using presentation compiler with project's scala-library version: 3.3.8
2026.08.06 11:09:52 INFO  no build target found for C:\Users\rahul\Github\My_Python-codes\Scala codes\new.scala. Using presentation compiler with project's scala-library version: 3.3.8
2026.08.06 11:09:54 INFO  no build target found for C:\Users\rahul\Github\My_Python-codes\Scala codes\new.scala. Using presentation compiler with project's scala-library version: 3.3.8
2026.08.06 11:09:54 INFO  no build target found for C:\Users\rahul\Github\My_Python-codes\Scala codes\new.scala. Using presentation compiler with project's scala-library version: 3.3.8
2026.08.06 11:09:54 INFO  no build target found for C:\Users\rahul\Github\My_Python-codes\Scala codes\new.scala. Using presentation compiler with project's scala-library version: 3.3.8
2026.08.06 11:09:55 INFO  no build target found for C:\Users\rahul\Github\My_Python-codes\Scala codes\new.scala. Using presentation compiler with project's scala-library version: 3.3.8
2026.08.06 11:09:57 INFO  no build target found for C:\Users\rahul\Github\My_Python-codes\Scala codes\new.scala. Using presentation compiler with project's scala-library version: 3.3.8
2026.08.06 11:09:57 INFO  no build target found for C:\Users\rahul\Github\My_Python-codes\Scala codes\new.scala. Using presentation compiler with project's scala-library version: 3.3.8
2026.08.06 11:09:57 INFO  no build target found for C:\Users\rahul\Github\My_Python-codes\Scala codes\new.scala. Using presentation compiler with project's scala-library version: 3.3.8
2026.08.06 11:09:58 INFO  no build target found for C:\Users\rahul\Github\My_Python-codes\Scala codes\new.scala. Using presentation compiler with project's scala-library version: 3.3.8
2026.08.06 11:09:58 INFO  no build target found for C:\Users\rahul\Github\My_Python-codes\Scala codes\new.scala. Using presentation compiler with project's scala-library version: 3.3.8
2026.08.06 11:09:58 INFO  no build target found for C:\Users\rahul\Github\My_Python-codes\Scala codes\new.scala. Using presentation compiler with project's scala-library version: 3.3.8
2026.08.06 11:09:58 INFO  no build target found for C:\Users\rahul\Github\My_Python-codes\Scala codes\new.scala. Using presentation compiler with project's scala-library version: 3.3.8
2026.08.06 11:10:00 INFO  no build target found for C:\Users\rahul\Github\My_Python-codes\Scala codes\new.scala. Using presentation compiler with project's scala-library version: 3.3.8
2026.08.06 11:10:03 INFO  no build target found for C:\Users\rahul\Github\My_Python-codes\Scala codes\new.scala. Using presentation compiler with project's scala-library version: 3.3.8
2026.08.06 11:10:05 INFO  no build target found for C:\Users\rahul\Github\My_Python-codes\Scala codes\new.scala. Using presentation compiler with project's scala-library version: 3.3.8
2026.08.06 11:10:05 INFO  no build target found for C:\Users\rahul\Github\My_Python-codes\Scala codes\new.scala. Using presentation compiler with project's scala-library version: 3.3.8
2026.08.06 11:10:05 INFO  no build target found for C:\Users\rahul\Github\My_Python-codes\Scala codes\new.scala. Using presentation compiler with project's scala-library version: 3.3.8
2026.08.06 11:10:05 INFO  no build target found for C:\Users\rahul\Github\My_Python-codes\Scala codes\new.scala. Using presentation compiler with project's scala-library version: 3.3.8
2026.08.06 11:10:07 INFO  no build target found for C:\Users\rahul\Github\My_Python-codes\Scala codes\new.scala. Using presentation compiler with project's scala-library version: 3.3.8
2026.08.06 11:10:07 INFO  no build target found for C:\Users\rahul\Github\My_Python-codes\Scala codes\new.scala. Using presentation compiler with project's scala-library version: 3.3.8
Aug 06, 2026 11:10:07 AM org.eclipse.lsp4j.jsonrpc.RemoteEndpoint handleCancellation
WARNING: Unmatched cancel notification for request id 26
2026.08.06 11:10:07 INFO  no build target found for C:\Users\rahul\Github\My_Python-codes\Scala codes\new.scala. Using presentation compiler with project's scala-library version: 3.3.8
2026.08.06 11:10:08 INFO  no build target found for C:\Users\rahul\Github\My_Python-codes\Scala codes\new.scala. Using presentation compiler with project's scala-library version: 3.3.8
Aug 06, 2026 11:10:09 AM org.eclipse.lsp4j.jsonrpc.RemoteEndpoint handleCancellation
WARNING: Unmatched cancel notification for request id 31
2026.08.06 11:10:08 INFO  no build target found for C:\Users\rahul\Github\My_Python-codes\Scala codes\new.scala. Using presentation compiler with project's scala-library version: 3.3.8
2026.08.06 11:10:09 INFO  no build target found for C:\Users\rahul\Github\My_Python-codes\Scala codes\new.scala. Using presentation compiler with project's scala-library version: 3.3.8
Aug 06, 2026 11:10:09 AM org.eclipse.lsp4j.jsonrpc.RemoteEndpoint handleCancellation
WARNING: Unmatched cancel notification for request id 35
2026.08.06 11:10:09 INFO  no build target found for C:\Users\rahul\Github\My_Python-codes\Scala codes\new.scala. Using presentation compiler with project's scala-library version: 3.3.8
Aug 06, 2026 11:10:09 AM org.eclipse.lsp4j.jsonrpc.RemoteEndpoint handleCancellation
WARNING: Unmatched cancel notification for request id 36
2026.08.06 11:10:09 INFO  no build target found for C:\Users\rahul\Github\My_Python-codes\Scala codes\new.scala. Using presentation compiler with project's scala-library version: 3.3.8
Aug 06, 2026 11:10:10 AM org.eclipse.lsp4j.jsonrpc.RemoteEndpoint handleCancellation
WARNING: Unmatched cancel notification for request id 37
2026.08.06 11:10:10 INFO  no build target found for C:\Users\rahul\Github\My_Python-codes\Scala codes\new.scala. Using presentation compiler with project's scala-library version: 3.3.8
2026.08.06 11:10:10 INFO  no build target found for C:\Users\rahul\Github\My_Python-codes\Scala codes\new.scala. Using presentation compiler with project's scala-library version: 3.3.8
2026.08.06 11:10:12 INFO  no build target found for C:\Users\rahul\Github\My_Python-codes\Scala codes\new.scala. Using presentation compiler with project's scala-library version: 3.3.8
2026.08.06 11:10:12 INFO  no build target found for C:\Users\rahul\Github\My_Python-codes\Scala codes\new.scala. Using presentation compiler with project's scala-library version: 3.3.8
2026.08.06 11:10:13 INFO  no build target found for C:\Users\rahul\Github\My_Python-codes\Scala codes\new.scala. Using presentation compiler with project's scala-library version: 3.3.8
2026.08.06 11:10:13 INFO  no build target found for C:\Users\rahul\Github\My_Python-codes\Scala codes\new.scala. Using presentation compiler with project's scala-library version: 3.3.8
2026.08.06 11:10:13 INFO  no build target found for C:\Users\rahul\Github\My_Python-codes\Scala codes\new.scala. Using presentation compiler with project's scala-library version: 3.3.8
2026.08.06 11:10:13 INFO  no build target found for C:\Users\rahul\Github\My_Python-codes\Scala codes\new.scala. Using presentation compiler with project's scala-library version: 3.3.8
2026.08.06 11:10:15 INFO  no build target found for C:\Users\rahul\Github\My_Python-codes\Scala codes\new.scala. Using presentation compiler with project's scala-library version: 3.3.8
2026.08.06 11:10:15 INFO  no build target found for C:\Users\rahul\Github\My_Python-codes\Scala codes\new.scala. Using presentation compiler with project's scala-library version: 3.3.8
2026.08.06 11:10:16 INFO  no build target found for C:\Users\rahul\Github\My_Python-codes\Scala codes\new.scala. Using presentation compiler with project's scala-library version: 3.3.8
2026.08.06 11:10:16 INFO  no build target found for C:\Users\rahul\Github\My_Python-codes\Scala codes\new.scala. Using presentation compiler with project's scala-library version: 3.3.8
2026.08.06 11:10:16 INFO  no build target found for C:\Users\rahul\Github\My_Python-codes\Scala codes\new.scala. Using presentation compiler with project's scala-library version: 3.3.8
2026.08.06 11:10:16 INFO  no build target found for C:\Users\rahul\Github\My_Python-codes\Scala codes\new.scala. Using presentation compiler with project's scala-library version: 3.3.8
2026.08.06 11:10:17 INFO  no build target found for C:\Users\rahul\Github\My_Python-codes\Scala codes\new.scala. Using presentation compiler with project's scala-library version: 3.3.8
2026.08.06 11:10:17 INFO  no build target found for C:\Users\rahul\Github\My_Python-codes\Scala codes\new.scala. Using presentation compiler with project's scala-library version: 3.3.8
2026.08.06 11:10:17 INFO  no build target found for C:\Users\rahul\Github\My_Python-codes\Scala codes\new.scala. Using presentation compiler with project's scala-library version: 3.3.8
2026.08.06 11:10:17 INFO  no build target found for C:\Users\rahul\Github\My_Python-codes\Scala codes\new.scala. Using presentation compiler with project's scala-library version: 3.3.8
2026.08.06 11:10:17 WARN  no build target for: C:\Users\rahul\Github\My_Python-codes\Scala codes\new.scala
2026.08.06 11:22:38 INFO  no build target found for C:\Users\rahul\Github\My_Python-codes\Scala codes\new.scala. Using presentation compiler with project's scala-library version: 3.3.8
2026.08.06 11:22:49 WARN  no build target for: C:\Users\rahul\Github\My_Python-codes\Scala codes\new.scala
Aug 06, 2026 11:22:52 AM org.eclipse.lsp4j.jsonrpc.services.GenericEndpoint notify
INFO: Unsupported notification method: $/setTrace
2026.08.06 11:28:42 INFO  no build target found for C:\Users\rahul\Github\My_Python-codes\Scala codes\new.scala. Using presentation compiler with project's scala-library version: 3.3.8
2026.08.06 11:28:43 INFO  no build target found for C:\Users\rahul\Github\My_Python-codes\Scala codes\new.scala. Using presentation compiler with project's scala-library version: 3.3.8
2026.08.06 11:28:42 INFO  no build target found for C:\Users\rahul\Github\My_Python-codes\Scala codes\new.scala. Using presentation compiler with project's scala-library version: 3.3.8
2026.08.06 11:28:42 INFO  no build target found for C:\Users\rahul\Github\My_Python-codes\Scala codes\new.scala. Using presentation compiler with project's scala-library version: 3.3.8
2026.08.06 11:28:43 INFO  Created report: Optional[file:///C:/Users/rahul/Github/My_Python-codes/Scala%20codes/new.scala]
2026.08.06 11:28:43 INFO  empty definition using pc, found symbol in pc:  (full report at: "C:\Users\rahul\Github\My_Python-codes\.metals\.reports\metals-full\2026-08-06\r_empty-definition_11-28-43-858.md")
2026.08.06 11:28:43 INFO  no build target found for C:\Users\rahul\Github\My_Python-codes\Scala codes\new.scala. Using presentation compiler with project's scala-library version: 3.3.8
2026.08.06 11:28:44 INFO  no build target found for C:\Users\rahul\Github\My_Python-codes\Scala codes\new.scala. Using presentation compiler with project's scala-library version: 3.3.8
2026.08.06 11:28:45 INFO  no build target found for C:\Users\rahul\Github\My_Python-codes\Scala codes\new.scala. Using presentation compiler with project's scala-library version: 3.3.8
2026.08.06 11:28:45 INFO  no build target found for C:\Users\rahul\Github\My_Python-codes\Scala codes\new.scala. Using presentation compiler with project's scala-library version: 3.3.8
2026.08.06 11:28:46 INFO  no build target found for C:\Users\rahul\Github\My_Python-codes\Scala codes\new.scala. Using presentation compiler with project's scala-library version: 3.3.8
2026.08.06 11:28:46 INFO  no build target found for C:\Users\rahul\Github\My_Python-codes\Scala codes\new.scala. Using presentation compiler with project's scala-library version: 3.3.8
2026.08.06 11:28:46 WARN  no build target for: C:\Users\rahul\Github\My_Python-codes\Scala codes\new.scala
2026.08.06 11:28:48 INFO  no build target found for C:\Users\rahul\Github\My_Python-codes\Scala codes\new.scala. Using presentation compiler with project's scala-library version: 3.3.8
Exception in thread "pool-41-thread-1" java.lang.InterruptedException
	at scala.meta.internal.metals.FutureCancelToken.checkCanceled(FutureCancelToken.scala:29)
	at scala.meta.internal.pc.CompilerAccess.onCompilerJobQueue$$anonfun$1(CompilerAccess.scala:208)
	at scala.meta.internal.pc.CompilerJobQueue$Job.run(CompilerJobQueue.scala:153)
	at java.base/java.util.concurrent.ThreadPoolExecutor.runWorker(ThreadPoolExecutor.java:1136)
	at java.base/java.util.concurrent.ThreadPoolExecutor$Worker.run(ThreadPoolExecutor.java:635)
	at java.base/java.lang.Thread.run(Thread.java:842)
2026.08.06 11:28:48 INFO  no build target found for C:\Users\rahul\Github\My_Python-codes\Scala codes\new.scala. Using presentation compiler with project's scala-library version: 3.3.8
2026.08.06 11:28:48 INFO  no build target found for C:\Users\rahul\Github\My_Python-codes\Scala codes\new.scala. Using presentation compiler with project's scala-library version: 3.3.8
2026.08.06 11:28:48 INFO  no build target found for C:\Users\rahul\Github\My_Python-codes\Scala codes\new.scala. Using presentation compiler with project's scala-library version: 3.3.8
2026.08.06 11:28:50 INFO  no build target found for C:\Users\rahul\Github\My_Python-codes\Scala codes\new.scala. Using presentation compiler with project's scala-library version: 3.3.8
2026.08.06 11:28:50 INFO  no build target found for C:\Users\rahul\Github\My_Python-codes\Scala codes\new.scala. Using presentation compiler with project's scala-library version: 3.3.8
2026.08.06 11:28:50 INFO  no build target found for C:\Users\rahul\Github\My_Python-codes\Scala codes\new.scala. Using presentation compiler with project's scala-library version: 3.3.8
2026.08.06 11:28:51 WARN  no build target for: C:\Users\rahul\Github\My_Python-codes\Scala codes\new.scala
2026.08.06 11:28:52 INFO  no build target found for C:\Users\rahul\Github\My_Python-codes\Scala codes\new.scala. Using presentation compiler with project's scala-library version: 3.3.8
Aug 06, 2026 11:28:52 AM org.eclipse.lsp4j.jsonrpc.RemoteEndpoint handleCancellation
WARNING: Unmatched cancel notification for request id 99
2026.08.06 11:28:52 INFO  no build target found for C:\Users\rahul\Github\My_Python-codes\Scala codes\new.scala. Using presentation compiler with project's scala-library version: 3.3.8
2026.08.06 11:28:53 WARN  no build target for: C:\Users\rahul\Github\My_Python-codes\Scala codes\new.scala
2026.08.06 11:31:40 INFO  no build target found for C:\Users\rahul\Github\My_Python-codes\Scala codes\new.scala. Using presentation compiler with project's scala-library version: 3.3.8
2026.08.06 11:31:41 INFO  no build target found for C:\Users\rahul\Github\My_Python-codes\Scala codes\new.scala. Using presentation compiler with project's scala-library version: 3.3.8
2026.08.06 11:31:41 INFO  no build target found for C:\Users\rahul\Github\My_Python-codes\Scala codes\new.scala. Using presentation compiler with project's scala-library version: 3.3.8
Aug 06, 2026 11:31:42 AM org.eclipse.lsp4j.jsonrpc.RemoteEndpoint handleCancellation
WARNING: Unmatched cancel notification for request id 104
2026.08.06 11:31:41 INFO  no build target found for C:\Users\rahul\Github\My_Python-codes\Scala codes\new.scala. Using presentation compiler with project's scala-library version: 3.3.8
2026.08.06 11:31:42 INFO  no build target found for C:\Users\rahul\Github\My_Python-codes\Scala codes\new.scala. Using presentation compiler with project's scala-library version: 3.3.8
2026.08.06 11:31:43 WARN  no build target for: C:\Users\rahul\Github\My_Python-codes\Scala codes\new.scala
2026.08.06 11:31:50 INFO  no build target found for C:\Users\rahul\Github\My_Python-codes\Scala codes\new.scala. Using presentation compiler with project's scala-library version: 3.3.8
2026.08.06 11:31:50 INFO  no build target found for C:\Users\rahul\Github\My_Python-codes\Scala codes\new.scala. Using presentation compiler with project's scala-library version: 3.3.8
2026.08.06 11:31:52 WARN  no build target for: C:\Users\rahul\Github\My_Python-codes\Scala codes\new.scala
2026.08.06 11:31:52 WARN  no build target for: C:\Users\rahul\Github\My_Python-codes\Scala codes\new.scala
2026.08.06 11:31:52 WARN  no build target for: C:\Users\rahul\Github\My_Python-codes\Scala codes\new.scala
2026.08.06 11:31:52 WARN  no build target for: C:\Users\rahul\Github\My_Python-codes\Scala codes\new.scala
2026.08.06 11:31:52 WARN  no build target for: C:\Users\rahul\Github\My_Python-codes\Scala codes\new.scala
2026.08.06 11:59:11 INFO  no build target found for C:\Users\rahul\Github\My_Python-codes\Scala codes\new.scala. Using presentation compiler with project's scala-library version: 3.3.8
2026.08.06 11:59:14 INFO  no build target found for C:\Users\rahul\Github\My_Python-codes\Scala codes\new.scala. Using presentation compiler with project's scala-library version: 3.3.8
2026.08.06 11:59:14 INFO  no build target found for C:\Users\rahul\Github\My_Python-codes\Scala codes\new.scala. Using presentation compiler with project's scala-library version: 3.3.8
2026.08.06 11:59:15 INFO  no build target found for C:\Users\rahul\Github\My_Python-codes\Scala codes\new.scala. Using presentation compiler with project's scala-library version: 3.3.8
2026.08.06 11:59:15 INFO  no build target found for C:\Users\rahul\Github\My_Python-codes\Scala codes\new.scala. Using presentation compiler with project's scala-library version: 3.3.8
2026.08.06 11:59:15 INFO  no build target found for C:\Users\rahul\Github\My_Python-codes\Scala codes\new.scala. Using presentation compiler with project's scala-library version: 3.3.8
2026.08.06 11:59:15 INFO  no build target found for C:\Users\rahul\Github\My_Python-codes\Scala codes\new.scala. Using presentation compiler with project's scala-library version: 3.3.8
Aug 06, 2026 11:59:16 AM org.eclipse.lsp4j.jsonrpc.RemoteEndpoint handleCancellation
WARNING: Unmatched cancel notification for request id 122
2026.08.06 11:59:15 INFO  no build target found for C:\Users\rahul\Github\My_Python-codes\Scala codes\new.scala. Using presentation compiler with project's scala-library version: 3.3.8
Aug 06, 2026 11:59:16 AM org.eclipse.lsp4j.jsonrpc.RemoteEndpoint handleCancellation
WARNING: Unmatched cancel notification for request id 123
2026.08.06 11:59:16 INFO  no build target found for C:\Users\rahul\Github\My_Python-codes\Scala codes\new.scala. Using presentation compiler with project's scala-library version: 3.3.8
2026.08.06 11:59:16 INFO  no build target found for C:\Users\rahul\Github\My_Python-codes\Scala codes\new.scala. Using presentation compiler with project's scala-library version: 3.3.8
2026.08.06 11:59:16 INFO  no build target found for C:\Users\rahul\Github\My_Python-codes\Scala codes\new.scala. Using presentation compiler with project's scala-library version: 3.3.8
2026.08.06 11:59:16 INFO  no build target found for C:\Users\rahul\Github\My_Python-codes\Scala codes\new.scala. Using presentation compiler with project's scala-library version: 3.3.8
2026.08.06 11:59:18 INFO  no build target found for C:\Users\rahul\Github\My_Python-codes\Scala codes\new.scala. Using presentation compiler with project's scala-library version: 3.3.8
2026.08.06 11:59:18 INFO  no build target found for C:\Users\rahul\Github\My_Python-codes\Scala codes\new.scala. Using presentation compiler with project's scala-library version: 3.3.8
2026.08.06 11:59:18 INFO  no build target found for C:\Users\rahul\Github\My_Python-codes\Scala codes\new.scala. Using presentation compiler with project's scala-library version: 3.3.8
2026.08.06 11:59:18 INFO  no build target found for C:\Users\rahul\Github\My_Python-codes\Scala codes\new.scala. Using presentation compiler with project's scala-library version: 3.3.8
2026.08.06 11:59:18 INFO  no build target found for C:\Users\rahul\Github\My_Python-codes\Scala codes\new.scala. Using presentation compiler with project's scala-library version: 3.3.8
2026.08.06 11:59:22 INFO  no build target found for C:\Users\rahul\Github\My_Python-codes\Scala codes\new.scala. Using presentation compiler with project's scala-library version: 3.3.8
2026.08.06 11:59:22 INFO  no build target found for C:\Users\rahul\Github\My_Python-codes\Scala codes\new.scala. Using presentation compiler with project's scala-library version: 3.3.8
2026.08.06 11:59:22 INFO  no build target found for C:\Users\rahul\Github\My_Python-codes\Scala codes\new.scala. Using presentation compiler with project's scala-library version: 3.3.8
2026.08.06 11:59:24 INFO  no build target found for C:\Users\rahul\Github\My_Python-codes\Scala codes\new.scala. Using presentation compiler with project's scala-library version: 3.3.8
2026.08.06 11:59:24 INFO  no build target found for C:\Users\rahul\Github\My_Python-codes\Scala codes\new.scala. Using presentation compiler with project's scala-library version: 3.3.8
2026.08.06 11:59:25 INFO  no build target found for C:\Users\rahul\Github\My_Python-codes\Scala codes\new.scala. Using presentation compiler with project's scala-library version: 3.3.8
2026.08.06 11:59:25 INFO  no build target found for C:\Users\rahul\Github\My_Python-codes\Scala codes\new.scala. Using presentation compiler with project's scala-library version: 3.3.8
2026.08.06 11:59:28 INFO  no build target found for C:\Users\rahul\Github\My_Python-codes\Scala codes\new.scala. Using presentation compiler with project's scala-library version: 3.3.8
2026.08.06 11:59:28 INFO  no build target found for C:\Users\rahul\Github\My_Python-codes\Scala codes\new.scala. Using presentation compiler with project's scala-library version: 3.3.8
2026.08.06 11:59:28 INFO  no build target found for C:\Users\rahul\Github\My_Python-codes\Scala codes\new.scala. Using presentation compiler with project's scala-library version: 3.3.8
2026.08.06 11:59:30 INFO  no build target found for C:\Users\rahul\Github\My_Python-codes\Scala codes\new.scala. Using presentation compiler with project's scala-library version: 3.3.8
2026.08.06 11:59:30 INFO  no build target found for C:\Users\rahul\Github\My_Python-codes\Scala codes\new.scala. Using presentation compiler with project's scala-library version: 3.3.8
2026.08.06 11:59:32 INFO  no build target found for C:\Users\rahul\Github\My_Python-codes\Scala codes\new.scala. Using presentation compiler with project's scala-library version: 3.3.8
2026.08.06 11:59:32 INFO  no build target found for C:\Users\rahul\Github\My_Python-codes\Scala codes\new.scala. Using presentation compiler with project's scala-library version: 3.3.8
2026.08.06 11:59:32 INFO  no build target found for C:\Users\rahul\Github\My_Python-codes\Scala codes\new.scala. Using presentation compiler with project's scala-library version: 3.3.8
2026.08.06 11:59:34 INFO  no build target found for C:\Users\rahul\Github\My_Python-codes\Scala codes\new.scala. Using presentation compiler with project's scala-library version: 3.3.8
2026.08.06 11:59:34 INFO  no build target found for C:\Users\rahul\Github\My_Python-codes\Scala codes\new.scala. Using presentation compiler with project's scala-library version: 3.3.8
2026.08.06 11:59:34 INFO  no build target found for C:\Users\rahul\Github\My_Python-codes\Scala codes\new.scala. Using presentation compiler with project's scala-library version: 3.3.8
2026.08.06 11:59:37 WARN  no build target for: C:\Users\rahul\Github\My_Python-codes\Scala codes\new.scala
2026.08.06 12:00:35 INFO  no build target found for C:\Users\rahul\Github\My_Python-codes\Scala codes\new.scala. Using presentation compiler with project's scala-library version: 3.3.8
2026.08.06 12:00:35 INFO  no build target found for C:\Users\rahul\Github\My_Python-codes\Scala codes\new.scala. Using presentation compiler with project's scala-library version: 3.3.8
2026.08.06 12:00:37 INFO  no build target found for C:\Users\rahul\Github\My_Python-codes\Scala codes\new.scala. Using presentation compiler with project's scala-library version: 3.3.8
2026.08.06 12:00:40 INFO  no build target found for C:\Users\rahul\Github\My_Python-codes\Scala codes\new.scala. Using presentation compiler with project's scala-library version: 3.3.8
2026.08.06 12:00:40 INFO  no build target found for C:\Users\rahul\Github\My_Python-codes\Scala codes\new.scala. Using presentation compiler with project's scala-library version: 3.3.8
2026.08.06 12:00:40 INFO  no build target found for C:\Users\rahul\Github\My_Python-codes\Scala codes\new.scala. Using presentation compiler with project's scala-library version: 3.3.8
2026.08.06 12:00:41 INFO  no build target found for C:\Users\rahul\Github\My_Python-codes\Scala codes\new.scala. Using presentation compiler with project's scala-library version: 3.3.8
2026.08.06 12:00:50 INFO  no build target found for C:\Users\rahul\Github\My_Python-codes\Scala codes\new.scala. Using presentation compiler with project's scala-library version: 3.3.8
2026.08.06 12:00:50 INFO  no build target found for C:\Users\rahul\Github\My_Python-codes\Scala codes\new.scala. Using presentation compiler with project's scala-library version: 3.3.8
2026.08.06 12:01:22 INFO  no build target found for C:\Users\rahul\Github\My_Python-codes\Scala codes\new.scala. Using presentation compiler with project's scala-library version: 3.3.8
2026.08.06 12:01:22 INFO  no build target found for C:\Users\rahul\Github\My_Python-codes\Scala codes\new.scala. Using presentation compiler with project's scala-library version: 3.3.8
2026.08.06 12:01:23 INFO  no build target found for C:\Users\rahul\Github\My_Python-codes\Scala codes\new.scala. Using presentation compiler with project's scala-library version: 3.3.8
Aug 06, 2026 12:01:23 PM org.eclipse.lsp4j.jsonrpc.RemoteEndpoint handleCancellation
WARNING: Unmatched cancel notification for request id 237
2026.08.06 12:01:23 INFO  no build target found for C:\Users\rahul\Github\My_Python-codes\Scala codes\new.scala. Using presentation compiler with project's scala-library version: 3.3.8
2026.08.06 12:01:25 INFO  no build target found for C:\Users\rahul\Github\My_Python-codes\Scala codes\new.scala. Using presentation compiler with project's scala-library version: 3.3.8
Aug 06, 2026 12:01:27 PM org.eclipse.lsp4j.jsonrpc.services.GenericEndpoint notify
INFO: Unsupported notification method: $/setTrace
2026.08.06 12:01:27 INFO  no build target found for C:\Users\rahul\Github\My_Python-codes\Scala codes\new.scala. Using presentation compiler with project's scala-library version: 3.3.8
2026.08.06 12:01:27 INFO  no build target found for C:\Users\rahul\Github\My_Python-codes\Scala codes\new.scala. Using presentation compiler with project's scala-library version: 3.3.8
2026.08.06 12:02:44 INFO  no build target found for C:\Users\rahul\Github\My_Python-codes\Scala codes\new.scala. Using presentation compiler with project's scala-library version: 3.3.8
2026.08.06 12:02:45 WARN  no build target for: C:\Users\rahul\Github\My_Python-codes\Scala codes\new.scala
2026.08.06 12:02:50 INFO  no build target found for C:\Users\rahul\Github\My_Python-codes\Scala codes\new.scala. Using presentation compiler with project's scala-library version: 3.3.8
2026.08.06 12:02:50 INFO  no build target found for C:\Users\rahul\Github\My_Python-codes\Scala codes\new.scala. Using presentation compiler with project's scala-library version: 3.3.8
2026.08.06 12:03:31 INFO  no build target found for C:\Users\rahul\Github\My_Python-codes\Scala codes\new.scala. Using presentation compiler with project's scala-library version: 3.3.8
2026.08.06 12:03:45 INFO  no build target found for C:\Users\rahul\Github\My_Python-codes\Scala codes\try_catch.scala. Using presentation compiler with project's scala-library version: 3.3.8
2026.08.06 12:03:45 WARN  no build target for: C:\Users\rahul\Github\My_Python-codes\Scala codes\try_catch.scala
2026.08.06 12:03:49 INFO  no build target found for C:\Users\rahul\Github\My_Python-codes\Scala codes\new.scala. Using presentation compiler with project's scala-library version: 3.3.8
2026.08.06 12:03:49 WARN  no build target for: C:\Users\rahul\Github\My_Python-codes\Scala codes\new.scala
Aug 06, 2026 12:03:49 PM org.eclipse.lsp4j.jsonrpc.RemoteEndpoint handleCancellation
WARNING: Unmatched cancel notification for request id 258
2026.08.06 12:03:51 INFO  no build target found for C:\Users\rahul\Github\My_Python-codes\Scala codes\new.scala. Using presentation compiler with project's scala-library version: 3.3.8
2026.08.06 12:03:51 INFO  no build target found for C:\Users\rahul\Github\My_Python-codes\Scala codes\new.scala. Using presentation compiler with project's scala-library version: 3.3.8
2026.08.06 12:03:51 INFO  no build target found for C:\Users\rahul\Github\My_Python-codes\Scala codes\new.scala. Using presentation compiler with project's scala-library version: 3.3.8
2026.08.06 12:03:51 INFO  no build target found for C:\Users\rahul\Github\My_Python-codes\Scala codes\new.scala. Using presentation compiler with project's scala-library version: 3.3.8
2026.08.06 12:03:54 INFO  no build target found for C:\Users\rahul\Github\My_Python-codes\Scala codes\new.scala. Using presentation compiler with project's scala-library version: 3.3.8
2026.08.06 12:03:54 INFO  no build target found for C:\Users\rahul\Github\My_Python-codes\Scala codes\new.scala. Using presentation compiler with project's scala-library version: 3.3.8
2026.08.06 12:03:55 INFO  no build target found for C:\Users\rahul\Github\My_Python-codes\Scala codes\Loops.scala. Using presentation compiler with project's scala-library version: 3.3.8
2026.08.06 12:03:55 INFO  no build target found for C:\Users\rahul\Github\My_Python-codes\Scala codes\Loops.scala. Using presentation compiler with project's scala-library version: 3.3.8
2026.08.06 12:03:55 WARN  no build target for: C:\Users\rahul\Github\My_Python-codes\Scala codes\Loops.scala
Aug 06, 2026 12:03:55 PM org.eclipse.lsp4j.jsonrpc.RemoteEndpoint handleCancellation
WARNING: Unmatched cancel notification for request id 271
2026.08.06 12:03:55 INFO  no build target found for C:\Users\rahul\Github\My_Python-codes\Scala codes\Loops.scala. Using presentation compiler with project's scala-library version: 3.3.8
2026.08.06 12:03:58 WARN  no build target for: C:\Users\rahul\Github\My_Python-codes\Scala codes\try_catch.scala
2026.08.06 12:03:59 INFO  no build target found for C:\Users\rahul\Github\My_Python-codes\Scala codes\try_catch.scala. Using presentation compiler with project's scala-library version: 3.3.8
2026.08.06 12:04:01 INFO  no build target found for C:\Users\rahul\Github\My_Python-codes\Scala codes\try_catch.scala. Using presentation compiler with project's scala-library version: 3.3.8
2026.08.06 12:04:01 INFO  no build target found for C:\Users\rahul\Github\My_Python-codes\Scala codes\try_catch.scala. Using presentation compiler with project's scala-library version: 3.3.8
2026.08.06 12:04:01 INFO  no build target found for C:\Users\rahul\Github\My_Python-codes\Scala codes\try_catch.scala. Using presentation compiler with project's scala-library version: 3.3.8
2026.08.06 12:04:01 INFO  no build target found for C:\Users\rahul\Github\My_Python-codes\Scala codes\try_catch.scala. Using presentation compiler with project's scala-library version: 3.3.8
2026.08.06 12:04:02 INFO  no build target found for C:\Users\rahul\Github\My_Python-codes\Scala codes\try_catch.scala. Using presentation compiler with project's scala-library version: 3.3.8
2026.08.06 12:04:02 INFO  no build target found for C:\Users\rahul\Github\My_Python-codes\Scala codes\try_catch.scala. Using presentation compiler with project's scala-library version: 3.3.8
2026.08.06 12:04:03 INFO  no build target found for C:\Users\rahul\Github\My_Python-codes\Scala codes\try_catch.scala. Using presentation compiler with project's scala-library version: 3.3.8
2026.08.06 12:04:03 INFO  no build target found for C:\Users\rahul\Github\My_Python-codes\Scala codes\try_catch.scala. Using presentation compiler with project's scala-library version: 3.3.8
2026.08.06 12:04:05 INFO  no build target found for C:\Users\rahul\Github\My_Python-codes\Scala codes\try_catch.scala. Using presentation compiler with project's scala-library version: 3.3.8
2026.08.06 12:04:05 INFO  no build target found for C:\Users\rahul\Github\My_Python-codes\Scala codes\try_catch.scala. Using presentation compiler with project's scala-library version: 3.3.8
2026.08.06 12:04:05 INFO  no build target found for C:\Users\rahul\Github\My_Python-codes\Scala codes\try_catch.scala. Using presentation compiler with project's scala-library version: 3.3.8
2026.08.06 12:04:05 INFO  no build target found for C:\Users\rahul\Github\My_Python-codes\Scala codes\try_catch.scala. Using presentation compiler with project's scala-library version: 3.3.8
2026.08.06 12:04:05 INFO  no build target found for C:\Users\rahul\Github\My_Python-codes\Scala codes\try_catch.scala. Using presentation compiler with project's scala-library version: 3.3.8
2026.08.06 12:04:06 INFO  no build target found for C:\Users\rahul\Github\My_Python-codes\Scala codes\try_catch.scala. Using presentation compiler with project's scala-library version: 3.3.8
2026.08.06 12:04:07 INFO  no build target found for C:\Users\rahul\Github\My_Python-codes\Scala codes\try_catch.scala. Using presentation compiler with project's scala-library version: 3.3.8
2026.08.06 12:04:15 INFO  no build target found for C:\Users\rahul\Github\My_Python-codes\Scala codes\try_catch.scala. Using presentation compiler with project's scala-library version: 3.3.8
2026.08.06 12:04:15 INFO  no build target found for C:\Users\rahul\Github\My_Python-codes\Scala codes\try_catch.scala. Using presentation compiler with project's scala-library version: 3.3.8
2026.08.06 12:04:15 INFO  no build target found for C:\Users\rahul\Github\My_Python-codes\Scala codes\try_catch.scala. Using presentation compiler with project's scala-library version: 3.3.8
2026.08.06 12:04:18 INFO  no build target found for C:\Users\rahul\Github\My_Python-codes\Scala codes\try_catch.scala. Using presentation compiler with project's scala-library version: 3.3.8
2026.08.06 12:04:19 INFO  no build target found for C:\Users\rahul\Github\My_Python-codes\Scala codes\try_catch.scala. Using presentation compiler with project's scala-library version: 3.3.8
2026.08.06 12:04:19 INFO  no build target found for C:\Users\rahul\Github\My_Python-codes\Scala codes\try_catch.scala. Using presentation compiler with project's scala-library version: 3.3.8
2026.08.06 12:04:19 INFO  no build target found for C:\Users\rahul\Github\My_Python-codes\Scala codes\try_catch.scala. Using presentation compiler with project's scala-library version: 3.3.8
2026.08.06 12:04:21 INFO  no build target found for C:\Users\rahul\Github\My_Python-codes\Scala codes\try_catch.scala. Using presentation compiler with project's scala-library version: 3.3.8
2026.08.06 12:04:21 WARN  no build target for: C:\Users\rahul\Github\My_Python-codes\Scala codes\try_catch.scala
Aug 06, 2026 12:10:04 PM org.eclipse.lsp4j.jsonrpc.services.GenericEndpoint notify
INFO: Unsupported notification method: $/setTrace
2026.08.06 12:10:04 INFO  no build target found for C:\Users\rahul\Github\My_Python-codes\Scala codes\try_catch.scala. Using presentation compiler with project's scala-library version: 3.3.8
2026.08.06 12:13:30 INFO  no build target found for C:\Users\rahul\Github\My_Python-codes\Scala codes\new.scala. Using presentation compiler with project's scala-library version: 3.3.8
2026.08.06 12:13:30 WARN  no build target for: C:\Users\rahul\Github\My_Python-codes\Scala codes\new.scala
2026.08.06 12:13:30 INFO  no build target found for C:\Users\rahul\Github\My_Python-codes\Scala codes\new.scala. Using presentation compiler with project's scala-library version: 3.3.8
2026.08.06 12:13:30 INFO  no build target found for C:\Users\rahul\Github\My_Python-codes\Scala codes\new.scala. Using presentation compiler with project's scala-library version: 3.3.8
2026.08.06 12:13:39 WARN  no build target for: C:\Users\rahul\Github\My_Python-codes\Scala codes\new.scala
2026.08.06 12:13:39 INFO  no build target found for C:\Users\rahul\Github\My_Python-codes\Scala codes\new.scala. Using presentation compiler with project's scala-library version: 3.3.8
2026.08.06 12:13:39 INFO  no build target found for C:\Users\rahul\Github\My_Python-codes\Scala codes\new.scala. Using presentation compiler with project's scala-library version: 3.3.8
2026.08.06 12:13:51 INFO  no build target found for C:\Users\rahul\Github\My_Python-codes\Scala codes\new.scala. Using presentation compiler with project's scala-library version: 3.3.8
2026.08.06 12:13:51 INFO  no build target found for C:\Users\rahul\Github\My_Python-codes\Scala codes\new.scala. Using presentation compiler with project's scala-library version: 3.3.8
2026.08.06 12:13:51 INFO  no build target found for C:\Users\rahul\Github\My_Python-codes\Scala codes\new.scala. Using presentation compiler with project's scala-library version: 3.3.8
2026.08.06 12:13:52 INFO  no build target found for C:\Users\rahul\Github\My_Python-codes\Scala codes\new.scala. Using presentation compiler with project's scala-library version: 3.3.8
Aug 06, 2026 12:13:52 PM org.eclipse.lsp4j.jsonrpc.RemoteEndpoint handleCancellation
WARNING: Unmatched cancel notification for request id 384
2026.08.06 12:13:52 INFO  no build target found for C:\Users\rahul\Github\My_Python-codes\Scala codes\new.scala. Using presentation compiler with project's scala-library version: 3.3.8
2026.08.06 12:13:52 INFO  no build target found for C:\Users\rahul\Github\My_Python-codes\Scala codes\new.scala. Using presentation compiler with project's scala-library version: 3.3.8
2026.08.06 12:13:52 INFO  no build target found for C:\Users\rahul\Github\My_Python-codes\Scala codes\new.scala. Using presentation compiler with project's scala-library version: 3.3.8
2026.08.06 12:13:54 INFO  no build target found for C:\Users\rahul\Github\My_Python-codes\Scala codes\new.scala. Using presentation compiler with project's scala-library version: 3.3.8
Aug 06, 2026 12:13:54 PM org.eclipse.lsp4j.jsonrpc.RemoteEndpoint handleCancellation
WARNING: Unmatched cancel notification for request id 392
2026.08.06 12:13:54 INFO  no build target found for C:\Users\rahul\Github\My_Python-codes\Scala codes\new.scala. Using presentation compiler with project's scala-library version: 3.3.8
2026.08.06 12:13:54 INFO  no build target found for C:\Users\rahul\Github\My_Python-codes\Scala codes\new.scala. Using presentation compiler with project's scala-library version: 3.3.8
2026.08.06 12:13:55 INFO  no build target found for C:\Users\rahul\Github\My_Python-codes\Scala codes\new.scala. Using presentation compiler with project's scala-library version: 3.3.8
2026.08.06 12:13:55 INFO  no build target found for C:\Users\rahul\Github\My_Python-codes\Scala codes\new.scala. Using presentation compiler with project's scala-library version: 3.3.8
2026.08.06 12:13:55 INFO  no build target found for C:\Users\rahul\Github\My_Python-codes\Scala codes\new.scala. Using presentation compiler with project's scala-library version: 3.3.8
2026.08.06 12:13:55 INFO  no build target found for C:\Users\rahul\Github\My_Python-codes\Scala codes\new.scala. Using presentation compiler with project's scala-library version: 3.3.8
2026.08.06 12:13:56 WARN  no build target for: C:\Users\rahul\Github\My_Python-codes\Scala codes\new.scala
2026.08.06 12:19:18 INFO  no build target found for C:\Users\rahul\Github\My_Python-codes\Scala codes\new.scala. Using presentation compiler with project's scala-library version: 3.3.8
2026.08.06 12:27:09 INFO  no build target found for C:\Users\rahul\Github\My_Python-codes\Scala codes\try_catch.scala. Using presentation compiler with project's scala-library version: 3.3.8
2026.08.06 12:27:10 WARN  no build target for: C:\Users\rahul\Github\My_Python-codes\Scala codes\try_catch.scala
2026.08.06 12:27:09 INFO  no build target found for C:\Users\rahul\Github\My_Python-codes\Scala codes\try_catch.scala. Using presentation compiler with project's scala-library version: 3.3.8
2026.08.06 12:27:09 INFO  no build target found for C:\Users\rahul\Github\My_Python-codes\Scala codes\try_catch.scala. Using presentation compiler with project's scala-library version: 3.3.8
2026.08.06 12:28:25 INFO  no build target found for C:\Users\rahul\Github\My_Python-codes\Scala codes\try_catch.scala. Using presentation compiler with project's scala-library version: 3.3.8
2026.08.06 12:28:40 INFO  no build target found for C:\Users\rahul\Github\My_Python-codes\Scala codes\try_catch.scala. Using presentation compiler with project's scala-library version: 3.3.8
2026.08.06 12:28:40 INFO  no build target found for C:\Users\rahul\Github\My_Python-codes\Scala codes\try_catch.scala. Using presentation compiler with project's scala-library version: 3.3.8
2026.08.06 12:28:42 INFO  no build target found for C:\Users\rahul\Github\My_Python-codes\Scala codes\try_catch.scala. Using presentation compiler with project's scala-library version: 3.3.8
2026.08.06 12:28:42 INFO  no build target found for C:\Users\rahul\Github\My_Python-codes\Scala codes\try_catch.scala. Using presentation compiler with project's scala-library version: 3.3.8
2026.08.06 12:28:42 INFO  no build target found for C:\Users\rahul\Github\My_Python-codes\Scala codes\try_catch.scala. Using presentation compiler with project's scala-library version: 3.3.8
2026.08.06 12:28:43 INFO  no build target found for C:\Users\rahul\Github\My_Python-codes\Scala codes\try_catch.scala. Using presentation compiler with project's scala-library version: 3.3.8
2026.08.06 12:28:43 INFO  no build target found for C:\Users\rahul\Github\My_Python-codes\Scala codes\try_catch.scala. Using presentation compiler with project's scala-library version: 3.3.8
2026.08.06 12:28:43 INFO  no build target found for C:\Users\rahul\Github\My_Python-codes\Scala codes\try_catch.scala. Using presentation compiler with project's scala-library version: 3.3.8
2026.08.06 12:28:43 INFO  no build target found for C:\Users\rahul\Github\My_Python-codes\Scala codes\try_catch.scala. Using presentation compiler with project's scala-library version: 3.3.8
2026.08.06 12:28:44 INFO  no build target found for C:\Users\rahul\Github\My_Python-codes\Scala codes\try_catch.scala. Using presentation compiler with project's scala-library version: 3.3.8
2026.08.06 12:28:44 INFO  no build target found for C:\Users\rahul\Github\My_Python-codes\Scala codes\try_catch.scala. Using presentation compiler with project's scala-library version: 3.3.8
2026.08.06 12:28:44 INFO  no build target found for C:\Users\rahul\Github\My_Python-codes\Scala codes\try_catch.scala. Using presentation compiler with project's scala-library version: 3.3.8
2026.08.06 12:28:44 INFO  no build target found for C:\Users\rahul\Github\My_Python-codes\Scala codes\try_catch.scala. Using presentation compiler with project's scala-library version: 3.3.8
2026.08.06 12:28:44 INFO  no build target found for C:\Users\rahul\Github\My_Python-codes\Scala codes\try_catch.scala. Using presentation compiler with project's scala-library version: 3.3.8
2026.08.06 12:28:46 INFO  no build target found for C:\Users\rahul\Github\My_Python-codes\Scala codes\try_catch.scala. Using presentation compiler with project's scala-library version: 3.3.8
2026.08.06 12:28:46 INFO  no build target found for C:\Users\rahul\Github\My_Python-codes\Scala codes\try_catch.scala. Using presentation compiler with project's scala-library version: 3.3.8
2026.08.06 12:28:46 INFO  no build target found for C:\Users\rahul\Github\My_Python-codes\Scala codes\try_catch.scala. Using presentation compiler with project's scala-library version: 3.3.8
2026.08.06 12:28:46 INFO  no build target found for C:\Users\rahul\Github\My_Python-codes\Scala codes\try_catch.scala. Using presentation compiler with project's scala-library version: 3.3.8
2026.08.06 12:28:46 INFO  no build target found for C:\Users\rahul\Github\My_Python-codes\Scala codes\try_catch.scala. Using presentation compiler with project's scala-library version: 3.3.8
2026.08.06 12:28:49 INFO  no build target found for C:\Users\rahul\Github\My_Python-codes\Scala codes\try_catch.scala. Using presentation compiler with project's scala-library version: 3.3.8
Aug 06, 2026 12:28:49 PM org.eclipse.lsp4j.jsonrpc.RemoteEndpoint handleCancellation
WARNING: Unmatched cancel notification for request id 439
2026.08.06 12:28:49 INFO  no build target found for C:\Users\rahul\Github\My_Python-codes\Scala codes\try_catch.scala. Using presentation compiler with project's scala-library version: 3.3.8
2026.08.06 12:28:49 INFO  no build target found for C:\Users\rahul\Github\My_Python-codes\Scala codes\try_catch.scala. Using presentation compiler with project's scala-library version: 3.3.8
2026.08.06 12:28:51 INFO  no build target found for C:\Users\rahul\Github\My_Python-codes\Scala codes\try_catch.scala. Using presentation compiler with project's scala-library version: 3.3.8
2026.08.06 12:28:51 INFO  no build target found for C:\Users\rahul\Github\My_Python-codes\Scala codes\try_catch.scala. Using presentation compiler with project's scala-library version: 3.3.8
2026.08.06 12:28:51 INFO  no build target found for C:\Users\rahul\Github\My_Python-codes\Scala codes\try_catch.scala. Using presentation compiler with project's scala-library version: 3.3.8
2026.08.06 12:28:51 INFO  no build target found for C:\Users\rahul\Github\My_Python-codes\Scala codes\try_catch.scala. Using presentation compiler with project's scala-library version: 3.3.8
2026.08.06 12:28:57 INFO  no build target found for C:\Users\rahul\Github\My_Python-codes\Scala codes\try_catch.scala. Using presentation compiler with project's scala-library version: 3.3.8
2026.08.06 12:28:57 INFO  no build target found for C:\Users\rahul\Github\My_Python-codes\Scala codes\try_catch.scala. Using presentation compiler with project's scala-library version: 3.3.8
2026.08.06 12:28:57 INFO  no build target found for C:\Users\rahul\Github\My_Python-codes\Scala codes\try_catch.scala. Using presentation compiler with project's scala-library version: 3.3.8
2026.08.06 12:28:57 INFO  no build target found for C:\Users\rahul\Github\My_Python-codes\Scala codes\try_catch.scala. Using presentation compiler with project's scala-library version: 3.3.8
2026.08.06 12:28:57 INFO  no build target found for C:\Users\rahul\Github\My_Python-codes\Scala codes\try_catch.scala. Using presentation compiler with project's scala-library version: 3.3.8
2026.08.06 12:28:58 INFO  no build target found for C:\Users\rahul\Github\My_Python-codes\Scala codes\try_catch.scala. Using presentation compiler with project's scala-library version: 3.3.8
2026.08.06 12:28:58 INFO  no build target found for C:\Users\rahul\Github\My_Python-codes\Scala codes\try_catch.scala. Using presentation compiler with project's scala-library version: 3.3.8
2026.08.06 12:28:58 INFO  no build target found for C:\Users\rahul\Github\My_Python-codes\Scala codes\try_catch.scala. Using presentation compiler with project's scala-library version: 3.3.8
2026.08.06 12:28:59 INFO  no build target found for C:\Users\rahul\Github\My_Python-codes\Scala codes\try_catch.scala. Using presentation compiler with project's scala-library version: 3.3.8
2026.08.06 12:29:00 INFO  no build target found for C:\Users\rahul\Github\My_Python-codes\Scala codes\try_catch.scala. Using presentation compiler with project's scala-library version: 3.3.8
2026.08.06 12:28:59 INFO  no build target found for C:\Users\rahul\Github\My_Python-codes\Scala codes\try_catch.scala. Using presentation compiler with project's scala-library version: 3.3.8
2026.08.06 12:28:59 INFO  no build target found for C:\Users\rahul\Github\My_Python-codes\Scala codes\try_catch.scala. Using presentation compiler with project's scala-library version: 3.3.8
2026.08.06 12:29:00 INFO  no build target found for C:\Users\rahul\Github\My_Python-codes\Scala codes\try_catch.scala. Using presentation compiler with project's scala-library version: 3.3.8
2026.08.06 12:29:01 INFO  no build target found for C:\Users\rahul\Github\My_Python-codes\Scala codes\try_catch.scala. Using presentation compiler with project's scala-library version: 3.3.8
2026.08.06 12:29:00 INFO  no build target found for C:\Users\rahul\Github\My_Python-codes\Scala codes\try_catch.scala. Using presentation compiler with project's scala-library version: 3.3.8
2026.08.06 12:29:01 INFO  no build target found for C:\Users\rahul\Github\My_Python-codes\Scala codes\try_catch.scala. Using presentation compiler with project's scala-library version: 3.3.8
2026.08.06 12:29:01 INFO  no build target found for C:\Users\rahul\Github\My_Python-codes\Scala codes\try_catch.scala. Using presentation compiler with project's scala-library version: 3.3.8
2026.08.06 12:29:02 INFO  no build target found for C:\Users\rahul\Github\My_Python-codes\Scala codes\try_catch.scala. Using presentation compiler with project's scala-library version: 3.3.8
2026.08.06 12:29:03 INFO  no build target found for C:\Users\rahul\Github\My_Python-codes\Scala codes\try_catch.scala. Using presentation compiler with project's scala-library version: 3.3.8
2026.08.06 12:29:03 INFO  no build target found for C:\Users\rahul\Github\My_Python-codes\Scala codes\try_catch.scala. Using presentation compiler with project's scala-library version: 3.3.8
2026.08.06 12:29:03 INFO  no build target found for C:\Users\rahul\Github\My_Python-codes\Scala codes\try_catch.scala. Using presentation compiler with project's scala-library version: 3.3.8
2026.08.06 12:29:03 INFO  no build target found for C:\Users\rahul\Github\My_Python-codes\Scala codes\try_catch.scala. Using presentation compiler with project's scala-library version: 3.3.8
2026.08.06 12:29:03 INFO  no build target found for C:\Users\rahul\Github\My_Python-codes\Scala codes\try_catch.scala. Using presentation compiler with project's scala-library version: 3.3.8
2026.08.06 12:29:03 INFO  no build target found for C:\Users\rahul\Github\My_Python-codes\Scala codes\try_catch.scala. Using presentation compiler with project's scala-library version: 3.3.8
2026.08.06 12:29:03 INFO  no build target found for C:\Users\rahul\Github\My_Python-codes\Scala codes\try_catch.scala. Using presentation compiler with project's scala-library version: 3.3.8
2026.08.06 12:29:04 INFO  no build target found for C:\Users\rahul\Github\My_Python-codes\Scala codes\try_catch.scala. Using presentation compiler with project's scala-library version: 3.3.8
2026.08.06 12:29:04 INFO  no build target found for C:\Users\rahul\Github\My_Python-codes\Scala codes\try_catch.scala. Using presentation compiler with project's scala-library version: 3.3.8
2026.08.06 12:29:04 INFO  no build target found for C:\Users\rahul\Github\My_Python-codes\Scala codes\try_catch.scala. Using presentation compiler with project's scala-library version: 3.3.8
Aug 06, 2026 12:29:04 PM org.eclipse.lsp4j.jsonrpc.RemoteEndpoint handleCancellation
WARNING: Unmatched cancel notification for request id 507
2026.08.06 12:29:04 INFO  no build target found for C:\Users\rahul\Github\My_Python-codes\Scala codes\try_catch.scala. Using presentation compiler with project's scala-library version: 3.3.8
2026.08.06 12:29:04 INFO  no build target found for C:\Users\rahul\Github\My_Python-codes\Scala codes\try_catch.scala. Using presentation compiler with project's scala-library version: 3.3.8
2026.08.06 12:29:04 INFO  no build target found for C:\Users\rahul\Github\My_Python-codes\Scala codes\try_catch.scala. Using presentation compiler with project's scala-library version: 3.3.8
2026.08.06 12:29:05 INFO  no build target found for C:\Users\rahul\Github\My_Python-codes\Scala codes\try_catch.scala. Using presentation compiler with project's scala-library version: 3.3.8
2026.08.06 12:29:04 INFO  no build target found for C:\Users\rahul\Github\My_Python-codes\Scala codes\try_catch.scala. Using presentation compiler with project's scala-library version: 3.3.8
2026.08.06 12:29:05 INFO  no build target found for C:\Users\rahul\Github\My_Python-codes\Scala codes\try_catch.scala. Using presentation compiler with project's scala-library version: 3.3.8
Aug 06, 2026 12:29:05 PM org.eclipse.lsp4j.jsonrpc.RemoteEndpoint handleCancellation
WARNING: Unmatched cancel notification for request id 519
2026.08.06 12:29:05 INFO  no build target found for C:\Users\rahul\Github\My_Python-codes\Scala codes\try_catch.scala. Using presentation compiler with project's scala-library version: 3.3.8
2026.08.06 12:29:05 INFO  no build target found for C:\Users\rahul\Github\My_Python-codes\Scala codes\try_catch.scala. Using presentation compiler with project's scala-library version: 3.3.8
2026.08.06 12:29:05 INFO  no build target found for C:\Users\rahul\Github\My_Python-codes\Scala codes\try_catch.scala. Using presentation compiler with project's scala-library version: 3.3.8
2026.08.06 12:29:05 INFO  no build target found for C:\Users\rahul\Github\My_Python-codes\Scala codes\try_catch.scala. Using presentation compiler with project's scala-library version: 3.3.8
2026.08.06 12:29:06 INFO  no build target found for C:\Users\rahul\Github\My_Python-codes\Scala codes\try_catch.scala. Using presentation compiler with project's scala-library version: 3.3.8
2026.08.06 12:29:06 INFO  no build target found for C:\Users\rahul\Github\My_Python-codes\Scala codes\try_catch.scala. Using presentation compiler with project's scala-library version: 3.3.8
2026.08.06 12:29:06 INFO  no build target found for C:\Users\rahul\Github\My_Python-codes\Scala codes\try_catch.scala. Using presentation compiler with project's scala-library version: 3.3.8
2026.08.06 12:29:06 INFO  no build target found for C:\Users\rahul\Github\My_Python-codes\Scala codes\try_catch.scala. Using presentation compiler with project's scala-library version: 3.3.8
2026.08.06 12:29:06 INFO  no build target found for C:\Users\rahul\Github\My_Python-codes\Scala codes\try_catch.scala. Using presentation compiler with project's scala-library version: 3.3.8
2026.08.06 12:29:07 INFO  no build target found for C:\Users\rahul\Github\My_Python-codes\Scala codes\try_catch.scala. Using presentation compiler with project's scala-library version: 3.3.8
2026.08.06 12:29:07 INFO  no build target found for C:\Users\rahul\Github\My_Python-codes\Scala codes\try_catch.scala. Using presentation compiler with project's scala-library version: 3.3.8
2026.08.06 12:29:07 INFO  no build target found for C:\Users\rahul\Github\My_Python-codes\Scala codes\try_catch.scala. Using presentation compiler with project's scala-library version: 3.3.8
2026.08.06 12:29:07 INFO  no build target found for C:\Users\rahul\Github\My_Python-codes\Scala codes\try_catch.scala. Using presentation compiler with project's scala-library version: 3.3.8
2026.08.06 12:29:09 WARN  no build target for: C:\Users\rahul\Github\My_Python-codes\Scala codes\try_catch.scala
2026.08.07 01:20:11 INFO  Shutting down server
2026.08.07 01:20:11 INFO  Memory monitor stopped
2026.08.07 01:20:11 INFO  shutting down Metals
